<?xml version="1.0" encoding="utf-8"?>
<annotations>
  <version>1.1</version>
  <meta>
    <task>
      <id>9</id>
      <name>009</name>
      <size>375</size>
      <mode>interpolation</mode>
      <overlap>5</overlap>
      <bugtracker></bugtracker>
      <created>2023-05-25 10:03:38.231381+00:00</created>
      <updated>2023-05-25 16:40:41.275744+00:00</updated>
      <subset>default</subset>
      <start_frame>0</start_frame>
      <stop_frame>374</stop_frame>
      <frame_filter></frame_filter>
      <segments>
        <segment>
          <id>8</id>
          <start>0</start>
          <stop>374</stop>
          <url>http://localhost:8080/api/jobs/8</url>
        </segment>
      </segments>
      <owner>
        <username>django</username>
        <email></email>
      </owner>
      <assignee></assignee>
      <labels>
        <label>
          <name>object</name>
          <color>#40e020</color>
          <type>any</type>
          <attributes>
          </attributes>
        </label>
      </labels>
      <original_size>
        <width>640</width>
        <height>360</height>
      </original_size>
      <source>istockphoto-1409850583-640_adpp_is.mp4</source>
    </task>
    <dumped>2023-05-25 16:51:34.840127+00:00</dumped>
  </meta>
  <track id="0" label="object" source="manual">
    <box frame="0" keyframe="1" outside="0" occluded="0" xtl="382.00" ytl="51.89" xbr="514.21" ybr="251.29" z_order="0">
    </box>
    <box frame="1" keyframe="0" outside="0" occluded="0" xtl="377.73" ytl="50.25" xbr="510.76" ybr="249.24" z_order="0">
    </box>
    <box frame="2" keyframe="0" outside="0" occluded="0" xtl="373.47" ytl="48.61" xbr="507.32" ybr="247.19" z_order="0">
    </box>
    <box frame="3" keyframe="0" outside="0" occluded="0" xtl="369.20" ytl="46.97" xbr="503.87" ybr="245.14" z_order="0">
    </box>
    <box frame="4" keyframe="0" outside="0" occluded="0" xtl="364.94" ytl="45.33" xbr="500.43" ybr="243.09" z_order="0">
    </box>
    <box frame="5" keyframe="0" outside="0" occluded="0" xtl="360.67" ytl="43.69" xbr="496.98" ybr="241.04" z_order="0">
    </box>
    <box frame="6" keyframe="0" outside="0" occluded="0" xtl="356.41" ytl="42.05" xbr="493.54" ybr="238.99" z_order="0">
    </box>
    <box frame="7" keyframe="0" outside="0" occluded="0" xtl="352.14" ytl="40.41" xbr="490.09" ybr="236.95" z_order="0">
    </box>
    <box frame="8" keyframe="0" outside="0" occluded="0" xtl="347.88" ytl="38.77" xbr="486.64" ybr="234.90" z_order="0">
    </box>
    <box frame="9" keyframe="0" outside="0" occluded="0" xtl="343.61" ytl="37.13" xbr="483.20" ybr="232.85" z_order="0">
    </box>
    <box frame="10" keyframe="0" outside="0" occluded="0" xtl="339.35" ytl="35.49" xbr="479.75" ybr="230.80" z_order="0">
    </box>
    <box frame="11" keyframe="0" outside="0" occluded="0" xtl="335.08" ytl="33.85" xbr="476.31" ybr="228.75" z_order="0">
    </box>
    <box frame="12" keyframe="0" outside="0" occluded="0" xtl="330.82" ytl="32.21" xbr="472.86" ybr="226.70" z_order="0">
    </box>
    <box frame="13" keyframe="0" outside="0" occluded="0" xtl="326.55" ytl="30.57" xbr="469.41" ybr="224.65" z_order="0">
    </box>
    <box frame="14" keyframe="0" outside="0" occluded="0" xtl="322.29" ytl="28.93" xbr="465.97" ybr="222.60" z_order="0">
    </box>
    <box frame="15" keyframe="0" outside="0" occluded="0" xtl="318.02" ytl="27.29" xbr="462.52" ybr="220.55" z_order="0">
    </box>
    <box frame="16" keyframe="0" outside="0" occluded="0" xtl="313.76" ytl="25.65" xbr="459.08" ybr="218.50" z_order="0">
    </box>
    <box frame="17" keyframe="0" outside="0" occluded="0" xtl="309.49" ytl="24.01" xbr="455.63" ybr="216.45" z_order="0">
    </box>
    <box frame="18" keyframe="0" outside="0" occluded="0" xtl="305.23" ytl="22.37" xbr="452.18" ybr="214.40" z_order="0">
    </box>
    <box frame="19" keyframe="0" outside="0" occluded="0" xtl="300.96" ytl="20.73" xbr="448.74" ybr="212.35" z_order="0">
    </box>
    <box frame="20" keyframe="0" outside="0" occluded="0" xtl="296.70" ytl="19.08" xbr="445.29" ybr="210.30" z_order="0">
    </box>
    <box frame="21" keyframe="0" outside="0" occluded="0" xtl="292.43" ytl="17.44" xbr="441.85" ybr="208.25" z_order="0">
    </box>
    <box frame="22" keyframe="1" outside="0" occluded="0" xtl="288.17" ytl="15.80" xbr="438.40" ybr="206.20" z_order="0">
    </box>
    <box frame="23" keyframe="0" outside="0" occluded="0" xtl="284.23" ytl="14.22" xbr="434.46" ybr="204.43" z_order="0">
    </box>
    <box frame="24" keyframe="0" outside="0" occluded="0" xtl="280.29" ytl="12.64" xbr="430.53" ybr="202.66" z_order="0">
    </box>
    <box frame="25" keyframe="0" outside="0" occluded="0" xtl="276.36" ytl="11.06" xbr="426.59" ybr="200.89" z_order="0">
    </box>
    <box frame="26" keyframe="0" outside="0" occluded="0" xtl="272.42" ytl="9.48" xbr="422.65" ybr="199.11" z_order="0">
    </box>
    <box frame="27" keyframe="0" outside="0" occluded="0" xtl="268.48" ytl="7.90" xbr="418.72" ybr="197.34" z_order="0">
    </box>
    <box frame="28" keyframe="0" outside="0" occluded="0" xtl="264.55" ytl="6.32" xbr="414.78" ybr="195.57" z_order="0">
    </box>
    <box frame="29" keyframe="0" outside="0" occluded="0" xtl="260.61" ytl="4.74" xbr="410.84" ybr="193.80" z_order="0">
    </box>
    <box frame="30" keyframe="0" outside="0" occluded="0" xtl="256.67" ytl="3.16" xbr="406.91" ybr="192.03" z_order="0">
    </box>
    <box frame="31" keyframe="0" outside="0" occluded="0" xtl="252.74" ytl="1.58" xbr="402.97" ybr="190.26" z_order="0">
    </box>
    <box frame="32" keyframe="1" outside="0" occluded="0" xtl="248.80" ytl="0.00" xbr="399.03" ybr="188.49" z_order="0">
    </box>
    <box frame="33" keyframe="0" outside="0" occluded="0" xtl="246.96" ytl="0.30" xbr="397.19" ybr="189.00" z_order="0">
    </box>
    <box frame="34" keyframe="0" outside="0" occluded="0" xtl="245.12" ytl="0.60" xbr="395.35" ybr="189.52" z_order="0">
    </box>
    <box frame="35" keyframe="0" outside="0" occluded="0" xtl="243.27" ytl="0.91" xbr="393.51" ybr="190.03" z_order="0">
    </box>
    <box frame="36" keyframe="0" outside="0" occluded="0" xtl="241.43" ytl="1.21" xbr="391.67" ybr="190.54" z_order="0">
    </box>
    <box frame="37" keyframe="0" outside="0" occluded="0" xtl="239.59" ytl="1.51" xbr="389.83" ybr="191.06" z_order="0">
    </box>
    <box frame="38" keyframe="0" outside="0" occluded="0" xtl="237.75" ytl="1.81" xbr="387.98" ybr="191.57" z_order="0">
    </box>
    <box frame="39" keyframe="0" outside="0" occluded="0" xtl="235.91" ytl="2.12" xbr="386.14" ybr="192.09" z_order="0">
    </box>
    <box frame="40" keyframe="0" outside="0" occluded="0" xtl="234.07" ytl="2.42" xbr="384.30" ybr="192.60" z_order="0">
    </box>
    <box frame="41" keyframe="1" outside="0" occluded="0" xtl="232.23" ytl="2.72" xbr="382.46" ybr="193.12" z_order="0">
    </box>
    <box frame="42" keyframe="0" outside="0" occluded="0" xtl="229.31" ytl="4.58" xbr="379.79" ybr="194.94" z_order="0">
    </box>
    <box frame="43" keyframe="0" outside="0" occluded="0" xtl="226.40" ytl="6.44" xbr="377.12" ybr="196.77" z_order="0">
    </box>
    <box frame="44" keyframe="0" outside="0" occluded="0" xtl="223.48" ytl="8.30" xbr="374.45" ybr="198.59" z_order="0">
    </box>
    <box frame="45" keyframe="0" outside="0" occluded="0" xtl="220.57" ytl="10.16" xbr="371.78" ybr="200.41" z_order="0">
    </box>
    <box frame="46" keyframe="0" outside="0" occluded="0" xtl="217.66" ytl="12.03" xbr="369.11" ybr="202.24" z_order="0">
    </box>
    <box frame="47" keyframe="0" outside="0" occluded="0" xtl="214.74" ytl="13.89" xbr="366.45" ybr="204.06" z_order="0">
    </box>
    <box frame="48" keyframe="0" outside="0" occluded="0" xtl="211.83" ytl="15.75" xbr="363.78" ybr="205.89" z_order="0">
    </box>
    <box frame="49" keyframe="0" outside="0" occluded="0" xtl="208.92" ytl="17.61" xbr="361.11" ybr="207.71" z_order="0">
    </box>
    <box frame="50" keyframe="0" outside="0" occluded="0" xtl="206.00" ytl="19.47" xbr="358.44" ybr="209.54" z_order="0">
    </box>
    <box frame="51" keyframe="0" outside="0" occluded="0" xtl="203.09" ytl="21.33" xbr="355.77" ybr="211.36" z_order="0">
    </box>
    <box frame="52" keyframe="0" outside="0" occluded="0" xtl="200.18" ytl="23.19" xbr="353.10" ybr="213.18" z_order="0">
    </box>
    <box frame="53" keyframe="0" outside="0" occluded="0" xtl="197.26" ytl="25.05" xbr="350.43" ybr="215.01" z_order="0">
    </box>
    <box frame="54" keyframe="0" outside="0" occluded="0" xtl="194.35" ytl="26.91" xbr="347.76" ybr="216.83" z_order="0">
    </box>
    <box frame="55" keyframe="0" outside="0" occluded="0" xtl="191.44" ytl="28.77" xbr="345.09" ybr="218.66" z_order="0">
    </box>
    <box frame="56" keyframe="0" outside="0" occluded="0" xtl="188.52" ytl="30.63" xbr="342.42" ybr="220.48" z_order="0">
    </box>
    <box frame="57" keyframe="0" outside="0" occluded="0" xtl="185.61" ytl="32.50" xbr="339.75" ybr="222.31" z_order="0">
    </box>
    <box frame="58" keyframe="0" outside="0" occluded="0" xtl="182.70" ytl="34.36" xbr="337.08" ybr="224.13" z_order="0">
    </box>
    <box frame="59" keyframe="0" outside="0" occluded="0" xtl="179.78" ytl="36.22" xbr="334.42" ybr="225.95" z_order="0">
    </box>
    <box frame="60" keyframe="0" outside="0" occluded="0" xtl="176.87" ytl="38.08" xbr="331.75" ybr="227.78" z_order="0">
    </box>
    <box frame="61" keyframe="0" outside="0" occluded="0" xtl="173.95" ytl="39.94" xbr="329.08" ybr="229.60" z_order="0">
    </box>
    <box frame="62" keyframe="0" outside="0" occluded="0" xtl="171.04" ytl="41.80" xbr="326.41" ybr="231.43" z_order="0">
    </box>
    <box frame="63" keyframe="0" outside="0" occluded="0" xtl="168.13" ytl="43.66" xbr="323.74" ybr="233.25" z_order="0">
    </box>
    <box frame="64" keyframe="0" outside="0" occluded="0" xtl="165.21" ytl="45.52" xbr="321.07" ybr="235.08" z_order="0">
    </box>
    <box frame="65" keyframe="1" outside="0" occluded="0" xtl="162.30" ytl="47.38" xbr="318.40" ybr="236.90" z_order="0">
    </box>
    <box frame="66" keyframe="0" outside="0" occluded="0" xtl="159.31" ytl="49.90" xbr="315.41" ybr="239.42" z_order="0">
    </box>
    <box frame="67" keyframe="0" outside="0" occluded="0" xtl="156.32" ytl="52.42" xbr="312.42" ybr="241.93" z_order="0">
    </box>
    <box frame="68" keyframe="0" outside="0" occluded="0" xtl="153.33" ytl="54.93" xbr="309.42" ybr="244.45" z_order="0">
    </box>
    <box frame="69" keyframe="0" outside="0" occluded="0" xtl="150.33" ytl="57.45" xbr="306.43" ybr="246.97" z_order="0">
    </box>
    <box frame="70" keyframe="0" outside="0" occluded="0" xtl="147.34" ytl="59.97" xbr="303.44" ybr="249.48" z_order="0">
    </box>
    <box frame="71" keyframe="0" outside="0" occluded="0" xtl="144.35" ytl="62.48" xbr="300.45" ybr="252.00" z_order="0">
    </box>
    <box frame="72" keyframe="0" outside="0" occluded="0" xtl="141.36" ytl="65.00" xbr="297.46" ybr="254.52" z_order="0">
    </box>
    <box frame="73" keyframe="0" outside="0" occluded="0" xtl="138.37" ytl="67.52" xbr="294.47" ybr="257.03" z_order="0">
    </box>
    <box frame="74" keyframe="0" outside="0" occluded="0" xtl="135.38" ytl="70.03" xbr="291.47" ybr="259.55" z_order="0">
    </box>
    <box frame="75" keyframe="0" outside="0" occluded="0" xtl="132.38" ytl="72.55" xbr="288.48" ybr="262.07" z_order="0">
    </box>
    <box frame="76" keyframe="0" outside="0" occluded="0" xtl="129.39" ytl="75.07" xbr="285.49" ybr="264.58" z_order="0">
    </box>
    <box frame="77" keyframe="0" outside="0" occluded="0" xtl="126.40" ytl="77.58" xbr="282.50" ybr="267.10" z_order="0">
    </box>
    <box frame="78" keyframe="0" outside="0" occluded="0" xtl="123.41" ytl="80.10" xbr="279.51" ybr="269.62" z_order="0">
    </box>
    <box frame="79" keyframe="0" outside="0" occluded="0" xtl="120.42" ytl="82.62" xbr="276.52" ybr="272.14" z_order="0">
    </box>
    <box frame="80" keyframe="0" outside="0" occluded="0" xtl="117.43" ytl="85.13" xbr="273.52" ybr="274.65" z_order="0">
    </box>
    <box frame="81" keyframe="0" outside="0" occluded="0" xtl="114.43" ytl="87.65" xbr="270.53" ybr="277.17" z_order="0">
    </box>
    <box frame="82" keyframe="0" outside="0" occluded="0" xtl="111.44" ytl="90.17" xbr="267.54" ybr="279.69" z_order="0">
    </box>
    <box frame="83" keyframe="0" outside="0" occluded="0" xtl="108.45" ytl="92.69" xbr="264.55" ybr="282.20" z_order="0">
    </box>
    <box frame="84" keyframe="1" outside="0" occluded="0" xtl="105.46" ytl="95.20" xbr="261.56" ybr="284.72" z_order="0">
    </box>
    <box frame="85" keyframe="0" outside="0" occluded="0" xtl="107.20" ytl="98.06" xbr="263.69" ybr="286.53" z_order="0">
    </box>
    <box frame="86" keyframe="0" outside="0" occluded="0" xtl="108.95" ytl="100.91" xbr="265.81" ybr="288.34" z_order="0">
    </box>
    <box frame="87" keyframe="0" outside="0" occluded="0" xtl="110.69" ytl="103.76" xbr="267.94" ybr="290.16" z_order="0">
    </box>
    <box frame="88" keyframe="1" outside="0" occluded="0" xtl="112.43" ytl="106.62" xbr="270.07" ybr="291.97" z_order="0">
    </box>
    <box frame="89" keyframe="0" outside="0" occluded="0" xtl="113.51" ytl="105.61" xbr="271.53" ybr="289.91" z_order="0">
    </box>
    <box frame="90" keyframe="0" outside="0" occluded="0" xtl="114.59" ytl="104.60" xbr="272.99" ybr="287.86" z_order="0">
    </box>
    <box frame="91" keyframe="0" outside="0" occluded="0" xtl="115.67" ytl="103.59" xbr="274.45" ybr="285.81" z_order="0">
    </box>
    <box frame="92" keyframe="0" outside="0" occluded="0" xtl="116.74" ytl="102.57" xbr="275.91" ybr="283.76" z_order="0">
    </box>
    <box frame="93" keyframe="0" outside="0" occluded="0" xtl="117.82" ytl="101.56" xbr="277.37" ybr="281.70" z_order="0">
    </box>
    <box frame="94" keyframe="0" outside="0" occluded="0" xtl="118.90" ytl="100.55" xbr="278.83" ybr="279.65" z_order="0">
    </box>
    <box frame="95" keyframe="0" outside="0" occluded="0" xtl="119.98" ytl="99.54" xbr="280.29" ybr="277.60" z_order="0">
    </box>
    <box frame="96" keyframe="0" outside="0" occluded="0" xtl="121.05" ytl="98.53" xbr="281.75" ybr="275.54" z_order="0">
    </box>
    <box frame="97" keyframe="0" outside="0" occluded="0" xtl="122.13" ytl="97.52" xbr="283.21" ybr="273.49" z_order="0">
    </box>
    <box frame="98" keyframe="0" outside="0" occluded="0" xtl="123.21" ytl="96.51" xbr="284.67" ybr="271.44" z_order="0">
    </box>
    <box frame="99" keyframe="0" outside="0" occluded="0" xtl="124.28" ytl="95.50" xbr="286.13" ybr="269.38" z_order="0">
    </box>
    <box frame="100" keyframe="0" outside="0" occluded="0" xtl="125.36" ytl="94.49" xbr="287.59" ybr="267.33" z_order="0">
    </box>
    <box frame="101" keyframe="0" outside="0" occluded="0" xtl="126.44" ytl="93.47" xbr="289.05" ybr="265.28" z_order="0">
    </box>
    <box frame="102" keyframe="0" outside="0" occluded="0" xtl="127.52" ytl="92.46" xbr="290.51" ybr="263.22" z_order="0">
    </box>
    <box frame="103" keyframe="0" outside="0" occluded="0" xtl="128.59" ytl="91.45" xbr="291.98" ybr="261.17" z_order="0">
    </box>
    <box frame="104" keyframe="0" outside="0" occluded="0" xtl="129.67" ytl="90.44" xbr="293.44" ybr="259.12" z_order="0">
    </box>
    <box frame="105" keyframe="0" outside="0" occluded="0" xtl="130.75" ytl="89.43" xbr="294.90" ybr="257.07" z_order="0">
    </box>
    <box frame="106" keyframe="0" outside="0" occluded="0" xtl="131.83" ytl="88.42" xbr="296.36" ybr="255.01" z_order="0">
    </box>
    <box frame="107" keyframe="0" outside="0" occluded="0" xtl="132.90" ytl="87.41" xbr="297.82" ybr="252.96" z_order="0">
    </box>
    <box frame="108" keyframe="0" outside="0" occluded="0" xtl="133.98" ytl="86.40" xbr="299.28" ybr="250.91" z_order="0">
    </box>
    <box frame="109" keyframe="0" outside="0" occluded="0" xtl="135.06" ytl="85.39" xbr="300.74" ybr="248.85" z_order="0">
    </box>
    <box frame="110" keyframe="1" outside="0" occluded="0" xtl="136.14" ytl="84.38" xbr="302.20" ybr="246.80" z_order="0">
    </box>
    <box frame="111" keyframe="0" outside="0" occluded="0" xtl="134.36" ytl="83.62" xbr="300.43" ybr="246.05" z_order="0">
    </box>
    <box frame="112" keyframe="0" outside="0" occluded="0" xtl="132.59" ytl="82.87" xbr="298.65" ybr="245.30" z_order="0">
    </box>
    <box frame="113" keyframe="0" outside="0" occluded="0" xtl="130.81" ytl="82.12" xbr="296.88" ybr="244.54" z_order="0">
    </box>
    <box frame="114" keyframe="0" outside="0" occluded="0" xtl="129.04" ytl="81.37" xbr="295.10" ybr="243.79" z_order="0">
    </box>
    <box frame="115" keyframe="0" outside="0" occluded="0" xtl="127.26" ytl="80.62" xbr="293.33" ybr="243.04" z_order="0">
    </box>
    <box frame="116" keyframe="0" outside="0" occluded="0" xtl="125.49" ytl="79.86" xbr="291.55" ybr="242.29" z_order="0">
    </box>
    <box frame="117" keyframe="0" outside="0" occluded="0" xtl="123.71" ytl="79.11" xbr="289.78" ybr="241.54" z_order="0">
    </box>
    <box frame="118" keyframe="0" outside="0" occluded="0" xtl="121.94" ytl="78.36" xbr="288.00" ybr="240.78" z_order="0">
    </box>
    <box frame="119" keyframe="0" outside="0" occluded="0" xtl="120.17" ytl="77.61" xbr="286.23" ybr="240.03" z_order="0">
    </box>
    <box frame="120" keyframe="0" outside="0" occluded="0" xtl="118.39" ytl="76.86" xbr="284.46" ybr="239.28" z_order="0">
    </box>
    <box frame="121" keyframe="0" outside="0" occluded="0" xtl="116.62" ytl="76.10" xbr="282.68" ybr="238.53" z_order="0">
    </box>
    <box frame="122" keyframe="0" outside="0" occluded="0" xtl="114.84" ytl="75.35" xbr="280.91" ybr="237.78" z_order="0">
    </box>
    <box frame="123" keyframe="0" outside="0" occluded="0" xtl="113.07" ytl="74.60" xbr="279.13" ybr="237.03" z_order="0">
    </box>
    <box frame="124" keyframe="0" outside="0" occluded="0" xtl="111.29" ytl="73.85" xbr="277.36" ybr="236.27" z_order="0">
    </box>
    <box frame="125" keyframe="1" outside="0" occluded="0" xtl="109.52" ytl="73.10" xbr="275.58" ybr="235.52" z_order="0">
    </box>
    <box frame="126" keyframe="0" outside="0" occluded="0" xtl="109.95" ytl="76.23" xbr="276.01" ybr="238.66" z_order="0">
    </box>
    <box frame="127" keyframe="0" outside="0" occluded="0" xtl="110.37" ytl="79.36" xbr="276.44" ybr="241.79" z_order="0">
    </box>
    <box frame="128" keyframe="0" outside="0" occluded="0" xtl="110.80" ytl="82.50" xbr="276.87" ybr="244.92" z_order="0">
    </box>
    <box frame="129" keyframe="0" outside="0" occluded="0" xtl="111.23" ytl="85.63" xbr="277.29" ybr="248.06" z_order="0">
    </box>
    <box frame="130" keyframe="0" outside="0" occluded="0" xtl="111.66" ytl="88.77" xbr="277.72" ybr="251.19" z_order="0">
    </box>
    <box frame="131" keyframe="0" outside="0" occluded="0" xtl="112.08" ytl="91.90" xbr="278.15" ybr="254.33" z_order="0">
    </box>
    <box frame="132" keyframe="0" outside="0" occluded="0" xtl="112.51" ytl="95.04" xbr="278.58" ybr="257.46" z_order="0">
    </box>
    <box frame="133" keyframe="0" outside="0" occluded="0" xtl="112.94" ytl="98.17" xbr="279.00" ybr="260.59" z_order="0">
    </box>
    <box frame="134" keyframe="0" outside="0" occluded="0" xtl="113.37" ytl="101.30" xbr="279.43" ybr="263.73" z_order="0">
    </box>
    <box frame="135" keyframe="0" outside="0" occluded="0" xtl="113.79" ytl="104.44" xbr="279.86" ybr="266.86" z_order="0">
    </box>
    <box frame="136" keyframe="0" outside="0" occluded="0" xtl="114.22" ytl="107.57" xbr="280.29" ybr="270.00" z_order="0">
    </box>
    <box frame="137" keyframe="0" outside="0" occluded="0" xtl="114.65" ytl="110.71" xbr="280.71" ybr="273.13" z_order="0">
    </box>
    <box frame="138" keyframe="0" outside="0" occluded="0" xtl="115.08" ytl="113.84" xbr="281.14" ybr="276.27" z_order="0">
    </box>
    <box frame="139" keyframe="0" outside="0" occluded="0" xtl="115.50" ytl="116.97" xbr="281.57" ybr="279.40" z_order="0">
    </box>
    <box frame="140" keyframe="0" outside="0" occluded="0" xtl="115.93" ytl="120.11" xbr="282.00" ybr="282.53" z_order="0">
    </box>
    <box frame="141" keyframe="0" outside="0" occluded="0" xtl="116.36" ytl="123.24" xbr="282.42" ybr="285.67" z_order="0">
    </box>
    <box frame="142" keyframe="0" outside="0" occluded="0" xtl="116.79" ytl="126.38" xbr="282.85" ybr="288.80" z_order="0">
    </box>
    <box frame="143" keyframe="0" outside="0" occluded="0" xtl="117.21" ytl="129.51" xbr="283.28" ybr="291.94" z_order="0">
    </box>
    <box frame="144" keyframe="1" outside="0" occluded="0" xtl="117.64" ytl="132.65" xbr="283.70" ybr="295.07" z_order="0">
    </box>
    <box frame="145" keyframe="0" outside="0" occluded="0" xtl="118.94" ytl="133.60" xbr="285.01" ybr="296.02" z_order="0">
    </box>
    <box frame="146" keyframe="0" outside="0" occluded="0" xtl="120.24" ytl="134.55" xbr="286.31" ybr="296.98" z_order="0">
    </box>
    <box frame="147" keyframe="0" outside="0" occluded="0" xtl="121.54" ytl="135.51" xbr="287.61" ybr="297.93" z_order="0">
    </box>
    <box frame="148" keyframe="0" outside="0" occluded="0" xtl="122.85" ytl="136.46" xbr="288.91" ybr="298.89" z_order="0">
    </box>
    <box frame="149" keyframe="0" outside="0" occluded="0" xtl="124.15" ytl="137.42" xbr="290.21" ybr="299.84" z_order="0">
    </box>
    <box frame="150" keyframe="0" outside="0" occluded="0" xtl="125.45" ytl="138.37" xbr="291.51" ybr="300.80" z_order="0">
    </box>
    <box frame="151" keyframe="0" outside="0" occluded="0" xtl="126.75" ytl="139.33" xbr="292.81" ybr="301.75" z_order="0">
    </box>
    <box frame="152" keyframe="0" outside="0" occluded="0" xtl="128.05" ytl="140.28" xbr="294.12" ybr="302.70" z_order="0">
    </box>
    <box frame="153" keyframe="0" outside="0" occluded="0" xtl="129.35" ytl="141.23" xbr="295.42" ybr="303.66" z_order="0">
    </box>
    <box frame="154" keyframe="0" outside="0" occluded="0" xtl="130.65" ytl="142.19" xbr="296.72" ybr="304.61" z_order="0">
    </box>
    <box frame="155" keyframe="0" outside="0" occluded="0" xtl="131.96" ytl="143.14" xbr="298.02" ybr="305.57" z_order="0">
    </box>
    <box frame="156" keyframe="0" outside="0" occluded="0" xtl="133.26" ytl="144.10" xbr="299.32" ybr="306.52" z_order="0">
    </box>
    <box frame="157" keyframe="0" outside="0" occluded="0" xtl="134.56" ytl="145.05" xbr="300.62" ybr="307.48" z_order="0">
    </box>
    <box frame="158" keyframe="0" outside="0" occluded="0" xtl="135.86" ytl="146.01" xbr="301.92" ybr="308.43" z_order="0">
    </box>
    <box frame="159" keyframe="0" outside="0" occluded="0" xtl="137.16" ytl="146.96" xbr="303.22" ybr="309.38" z_order="0">
    </box>
    <box frame="160" keyframe="0" outside="0" occluded="0" xtl="138.46" ytl="147.91" xbr="304.53" ybr="310.34" z_order="0">
    </box>
    <box frame="161" keyframe="0" outside="0" occluded="0" xtl="139.76" ytl="148.87" xbr="305.83" ybr="311.29" z_order="0">
    </box>
    <box frame="162" keyframe="0" outside="0" occluded="0" xtl="141.06" ytl="149.82" xbr="307.13" ybr="312.25" z_order="0">
    </box>
    <box frame="163" keyframe="0" outside="0" occluded="0" xtl="142.37" ytl="150.78" xbr="308.43" ybr="313.20" z_order="0">
    </box>
    <box frame="164" keyframe="0" outside="0" occluded="0" xtl="143.67" ytl="151.73" xbr="309.73" ybr="314.16" z_order="0">
    </box>
    <box frame="165" keyframe="0" outside="0" occluded="0" xtl="144.97" ytl="152.69" xbr="311.03" ybr="315.11" z_order="0">
    </box>
    <box frame="166" keyframe="0" outside="0" occluded="0" xtl="146.27" ytl="153.64" xbr="312.33" ybr="316.06" z_order="0">
    </box>
    <box frame="167" keyframe="0" outside="0" occluded="0" xtl="147.57" ytl="154.59" xbr="313.63" ybr="317.02" z_order="0">
    </box>
    <box frame="168" keyframe="0" outside="0" occluded="0" xtl="148.87" ytl="155.55" xbr="314.94" ybr="317.97" z_order="0">
    </box>
    <box frame="169" keyframe="0" outside="0" occluded="0" xtl="150.17" ytl="156.50" xbr="316.24" ybr="318.93" z_order="0">
    </box>
    <box frame="170" keyframe="1" outside="0" occluded="0" xtl="151.47" ytl="157.46" xbr="317.54" ybr="319.88" z_order="0">
    </box>
    <box frame="171" keyframe="0" outside="0" occluded="0" xtl="150.43" ytl="156.83" xbr="316.50" ybr="319.26" z_order="0">
    </box>
    <box frame="172" keyframe="0" outside="0" occluded="0" xtl="149.39" ytl="156.21" xbr="315.46" ybr="318.63" z_order="0">
    </box>
    <box frame="173" keyframe="0" outside="0" occluded="0" xtl="148.35" ytl="155.58" xbr="314.42" ybr="318.01" z_order="0">
    </box>
    <box frame="174" keyframe="0" outside="0" occluded="0" xtl="147.31" ytl="154.96" xbr="313.37" ybr="317.38" z_order="0">
    </box>
    <box frame="175" keyframe="0" outside="0" occluded="0" xtl="146.27" ytl="154.33" xbr="312.33" ybr="316.76" z_order="0">
    </box>
    <box frame="176" keyframe="0" outside="0" occluded="0" xtl="145.23" ytl="153.71" xbr="311.29" ybr="316.13" z_order="0">
    </box>
    <box frame="177" keyframe="0" outside="0" occluded="0" xtl="144.19" ytl="153.08" xbr="310.25" ybr="315.51" z_order="0">
    </box>
    <box frame="178" keyframe="0" outside="0" occluded="0" xtl="143.15" ytl="152.46" xbr="309.21" ybr="314.88" z_order="0">
    </box>
    <box frame="179" keyframe="0" outside="0" occluded="0" xtl="142.11" ytl="151.84" xbr="308.17" ybr="314.26" z_order="0">
    </box>
    <box frame="180" keyframe="0" outside="0" occluded="0" xtl="141.06" ytl="151.21" xbr="307.13" ybr="313.64" z_order="0">
    </box>
    <box frame="181" keyframe="0" outside="0" occluded="0" xtl="140.02" ytl="150.59" xbr="306.09" ybr="313.01" z_order="0">
    </box>
    <box frame="182" keyframe="0" outside="0" occluded="0" xtl="138.98" ytl="149.96" xbr="305.05" ybr="312.39" z_order="0">
    </box>
    <box frame="183" keyframe="0" outside="0" occluded="0" xtl="137.94" ytl="149.34" xbr="304.01" ybr="311.76" z_order="0">
    </box>
    <box frame="184" keyframe="0" outside="0" occluded="0" xtl="136.90" ytl="148.71" xbr="302.96" ybr="311.14" z_order="0">
    </box>
    <box frame="185" keyframe="0" outside="0" occluded="0" xtl="135.86" ytl="148.09" xbr="301.92" ybr="310.51" z_order="0">
    </box>
    <box frame="186" keyframe="0" outside="0" occluded="0" xtl="134.82" ytl="147.46" xbr="300.88" ybr="309.89" z_order="0">
    </box>
    <box frame="187" keyframe="0" outside="0" occluded="0" xtl="133.78" ytl="146.84" xbr="299.84" ybr="309.26" z_order="0">
    </box>
    <box frame="188" keyframe="0" outside="0" occluded="0" xtl="132.74" ytl="146.21" xbr="298.80" ybr="308.64" z_order="0">
    </box>
    <box frame="189" keyframe="0" outside="0" occluded="0" xtl="131.69" ytl="145.59" xbr="297.76" ybr="308.01" z_order="0">
    </box>
    <box frame="190" keyframe="0" outside="0" occluded="0" xtl="130.65" ytl="144.96" xbr="296.72" ybr="307.39" z_order="0">
    </box>
    <box frame="191" keyframe="0" outside="0" occluded="0" xtl="129.61" ytl="144.34" xbr="295.68" ybr="306.76" z_order="0">
    </box>
    <box frame="192" keyframe="0" outside="0" occluded="0" xtl="128.57" ytl="143.71" xbr="294.64" ybr="306.14" z_order="0">
    </box>
    <box frame="193" keyframe="0" outside="0" occluded="0" xtl="127.53" ytl="143.09" xbr="293.59" ybr="305.52" z_order="0">
    </box>
    <box frame="194" keyframe="0" outside="0" occluded="0" xtl="126.49" ytl="142.47" xbr="292.55" ybr="304.89" z_order="0">
    </box>
    <box frame="195" keyframe="0" outside="0" occluded="0" xtl="125.45" ytl="141.84" xbr="291.51" ybr="304.27" z_order="0">
    </box>
    <box frame="196" keyframe="0" outside="0" occluded="0" xtl="124.41" ytl="141.22" xbr="290.47" ybr="303.64" z_order="0">
    </box>
    <box frame="197" keyframe="0" outside="0" occluded="0" xtl="123.37" ytl="140.59" xbr="289.43" ybr="303.02" z_order="0">
    </box>
    <box frame="198" keyframe="0" outside="0" occluded="0" xtl="122.32" ytl="139.97" xbr="288.39" ybr="302.39" z_order="0">
    </box>
    <box frame="199" keyframe="0" outside="0" occluded="0" xtl="121.28" ytl="139.34" xbr="287.35" ybr="301.77" z_order="0">
    </box>
    <box frame="200" keyframe="0" outside="0" occluded="0" xtl="120.24" ytl="138.72" xbr="286.31" ybr="301.14" z_order="0">
    </box>
    <box frame="201" keyframe="0" outside="0" occluded="0" xtl="119.20" ytl="138.09" xbr="285.27" ybr="300.52" z_order="0">
    </box>
    <box frame="202" keyframe="0" outside="0" occluded="0" xtl="118.16" ytl="137.47" xbr="284.22" ybr="299.89" z_order="0">
    </box>
    <box frame="203" keyframe="0" outside="0" occluded="0" xtl="117.12" ytl="136.84" xbr="283.18" ybr="299.27" z_order="0">
    </box>
    <box frame="204" keyframe="0" outside="0" occluded="0" xtl="116.08" ytl="136.22" xbr="282.14" ybr="298.64" z_order="0">
    </box>
    <box frame="205" keyframe="0" outside="0" occluded="0" xtl="115.04" ytl="135.59" xbr="281.10" ybr="298.02" z_order="0">
    </box>
    <box frame="206" keyframe="0" outside="0" occluded="0" xtl="114.00" ytl="134.97" xbr="280.06" ybr="297.39" z_order="0">
    </box>
    <box frame="207" keyframe="0" outside="0" occluded="0" xtl="112.96" ytl="134.35" xbr="279.02" ybr="296.77" z_order="0">
    </box>
    <box frame="208" keyframe="0" outside="0" occluded="0" xtl="111.91" ytl="133.72" xbr="277.98" ybr="296.15" z_order="0">
    </box>
    <box frame="209" keyframe="1" outside="0" occluded="0" xtl="110.87" ytl="133.10" xbr="276.94" ybr="295.52" z_order="0">
    </box>
    <box frame="210" keyframe="0" outside="0" occluded="0" xtl="110.01" ytl="131.90" xbr="276.07" ybr="294.32" z_order="0">
    </box>
    <box frame="211" keyframe="0" outside="0" occluded="0" xtl="109.14" ytl="130.70" xbr="275.20" ybr="293.13" z_order="0">
    </box>
    <box frame="212" keyframe="0" outside="0" occluded="0" xtl="108.27" ytl="129.50" xbr="274.33" ybr="291.93" z_order="0">
    </box>
    <box frame="213" keyframe="0" outside="0" occluded="0" xtl="107.40" ytl="128.31" xbr="273.47" ybr="290.73" z_order="0">
    </box>
    <box frame="214" keyframe="0" outside="0" occluded="0" xtl="106.54" ytl="127.11" xbr="272.60" ybr="289.53" z_order="0">
    </box>
    <box frame="215" keyframe="0" outside="0" occluded="0" xtl="105.67" ytl="125.91" xbr="271.73" ybr="288.34" z_order="0">
    </box>
    <box frame="216" keyframe="0" outside="0" occluded="0" xtl="104.80" ytl="124.72" xbr="270.86" ybr="287.14" z_order="0">
    </box>
    <box frame="217" keyframe="0" outside="0" occluded="0" xtl="103.93" ytl="123.52" xbr="270.00" ybr="285.94" z_order="0">
    </box>
    <box frame="218" keyframe="0" outside="0" occluded="0" xtl="103.06" ytl="122.32" xbr="269.13" ybr="284.75" z_order="0">
    </box>
    <box frame="219" keyframe="0" outside="0" occluded="0" xtl="102.20" ytl="121.12" xbr="268.26" ybr="283.55" z_order="0">
    </box>
    <box frame="220" keyframe="0" outside="0" occluded="0" xtl="101.33" ytl="119.93" xbr="267.39" ybr="282.35" z_order="0">
    </box>
    <box frame="221" keyframe="0" outside="0" occluded="0" xtl="100.46" ytl="118.73" xbr="266.53" ybr="281.15" z_order="0">
    </box>
    <box frame="222" keyframe="0" outside="0" occluded="0" xtl="99.59" ytl="117.53" xbr="265.66" ybr="279.96" z_order="0">
    </box>
    <box frame="223" keyframe="0" outside="0" occluded="0" xtl="98.73" ytl="116.33" xbr="264.79" ybr="278.76" z_order="0">
    </box>
    <box frame="224" keyframe="0" outside="0" occluded="0" xtl="97.86" ytl="115.14" xbr="263.92" ybr="277.56" z_order="0">
    </box>
    <box frame="225" keyframe="0" outside="0" occluded="0" xtl="96.99" ytl="113.94" xbr="263.06" ybr="276.37" z_order="0">
    </box>
    <box frame="226" keyframe="0" outside="0" occluded="0" xtl="96.12" ytl="112.74" xbr="262.19" ybr="275.17" z_order="0">
    </box>
    <box frame="227" keyframe="0" outside="0" occluded="0" xtl="95.26" ytl="111.55" xbr="261.32" ybr="273.97" z_order="0">
    </box>
    <box frame="228" keyframe="0" outside="0" occluded="0" xtl="94.39" ytl="110.35" xbr="260.45" ybr="272.77" z_order="0">
    </box>
    <box frame="229" keyframe="0" outside="0" occluded="0" xtl="93.52" ytl="109.15" xbr="259.59" ybr="271.58" z_order="0">
    </box>
    <box frame="230" keyframe="0" outside="0" occluded="0" xtl="92.65" ytl="107.95" xbr="258.72" ybr="270.38" z_order="0">
    </box>
    <box frame="231" keyframe="0" outside="0" occluded="0" xtl="91.79" ytl="106.76" xbr="257.85" ybr="269.18" z_order="0">
    </box>
    <box frame="232" keyframe="0" outside="0" occluded="0" xtl="90.92" ytl="105.56" xbr="256.98" ybr="267.98" z_order="0">
    </box>
    <box frame="233" keyframe="0" outside="0" occluded="0" xtl="90.05" ytl="104.36" xbr="256.12" ybr="266.79" z_order="0">
    </box>
    <box frame="234" keyframe="0" outside="0" occluded="0" xtl="89.18" ytl="103.17" xbr="255.25" ybr="265.59" z_order="0">
    </box>
    <box frame="235" keyframe="1" outside="0" occluded="0" xtl="88.32" ytl="101.97" xbr="254.38" ybr="264.39" z_order="0">
    </box>
    <box frame="236" keyframe="0" outside="0" occluded="0" xtl="89.71" ytl="101.05" xbr="255.91" ybr="263.69" z_order="0">
    </box>
    <box frame="237" keyframe="0" outside="0" occluded="0" xtl="91.11" ytl="100.13" xbr="257.43" ybr="262.99" z_order="0">
    </box>
    <box frame="238" keyframe="0" outside="0" occluded="0" xtl="92.51" ytl="99.22" xbr="258.96" ybr="262.29" z_order="0">
    </box>
    <box frame="239" keyframe="0" outside="0" occluded="0" xtl="93.90" ytl="98.30" xbr="260.49" ybr="261.59" z_order="0">
    </box>
    <box frame="240" keyframe="0" outside="0" occluded="0" xtl="95.30" ytl="97.38" xbr="262.01" ybr="260.89" z_order="0">
    </box>
    <box frame="241" keyframe="0" outside="0" occluded="0" xtl="96.70" ytl="96.47" xbr="263.54" ybr="260.19" z_order="0">
    </box>
    <box frame="242" keyframe="0" outside="0" occluded="0" xtl="98.10" ytl="95.55" xbr="265.07" ybr="259.49" z_order="0">
    </box>
    <box frame="243" keyframe="0" outside="0" occluded="0" xtl="99.49" ytl="94.63" xbr="266.59" ybr="258.79" z_order="0">
    </box>
    <box frame="244" keyframe="0" outside="0" occluded="0" xtl="100.89" ytl="93.72" xbr="268.12" ybr="258.09" z_order="0">
    </box>
    <box frame="245" keyframe="0" outside="0" occluded="0" xtl="102.29" ytl="92.80" xbr="269.64" ybr="257.40" z_order="0">
    </box>
    <box frame="246" keyframe="0" outside="0" occluded="0" xtl="103.68" ytl="91.88" xbr="271.17" ybr="256.70" z_order="0">
    </box>
    <box frame="247" keyframe="0" outside="0" occluded="0" xtl="105.08" ytl="90.97" xbr="272.70" ybr="256.00" z_order="0">
    </box>
    <box frame="248" keyframe="0" outside="0" occluded="0" xtl="106.48" ytl="90.05" xbr="274.22" ybr="255.30" z_order="0">
    </box>
    <box frame="249" keyframe="0" outside="0" occluded="0" xtl="107.87" ytl="89.13" xbr="275.75" ybr="254.60" z_order="0">
    </box>
    <box frame="250" keyframe="0" outside="0" occluded="0" xtl="109.27" ytl="88.22" xbr="277.28" ybr="253.90" z_order="0">
    </box>
    <box frame="251" keyframe="0" outside="0" occluded="0" xtl="110.67" ytl="87.30" xbr="278.80" ybr="253.20" z_order="0">
    </box>
    <box frame="252" keyframe="0" outside="0" occluded="0" xtl="112.07" ytl="86.38" xbr="280.33" ybr="252.50" z_order="0">
    </box>
    <box frame="253" keyframe="0" outside="0" occluded="0" xtl="113.46" ytl="85.47" xbr="281.86" ybr="251.80" z_order="0">
    </box>
    <box frame="254" keyframe="0" outside="0" occluded="0" xtl="114.86" ytl="84.55" xbr="283.38" ybr="251.10" z_order="0">
    </box>
    <box frame="255" keyframe="0" outside="0" occluded="0" xtl="116.26" ytl="83.63" xbr="284.91" ybr="250.40" z_order="0">
    </box>
    <box frame="256" keyframe="0" outside="0" occluded="0" xtl="117.65" ytl="82.71" xbr="286.44" ybr="249.70" z_order="0">
    </box>
    <box frame="257" keyframe="0" outside="0" occluded="0" xtl="119.05" ytl="81.80" xbr="287.96" ybr="249.00" z_order="0">
    </box>
    <box frame="258" keyframe="0" outside="0" occluded="0" xtl="120.45" ytl="80.88" xbr="289.49" ybr="248.30" z_order="0">
    </box>
    <box frame="259" keyframe="0" outside="0" occluded="0" xtl="121.84" ytl="79.96" xbr="291.01" ybr="247.60" z_order="0">
    </box>
    <box frame="260" keyframe="0" outside="0" occluded="0" xtl="123.24" ytl="79.05" xbr="292.54" ybr="246.90" z_order="0">
    </box>
    <box frame="261" keyframe="0" outside="0" occluded="0" xtl="124.64" ytl="78.13" xbr="294.07" ybr="246.20" z_order="0">
    </box>
    <box frame="262" keyframe="0" outside="0" occluded="0" xtl="126.04" ytl="77.21" xbr="295.59" ybr="245.50" z_order="0">
    </box>
    <box frame="263" keyframe="0" outside="0" occluded="0" xtl="127.43" ytl="76.30" xbr="297.12" ybr="244.80" z_order="0">
    </box>
    <box frame="264" keyframe="0" outside="0" occluded="0" xtl="128.83" ytl="75.38" xbr="298.65" ybr="244.10" z_order="0">
    </box>
    <box frame="265" keyframe="0" outside="0" occluded="0" xtl="130.23" ytl="74.46" xbr="300.17" ybr="243.40" z_order="0">
    </box>
    <box frame="266" keyframe="1" outside="0" occluded="0" xtl="131.62" ytl="73.55" xbr="301.70" ybr="242.70" z_order="0">
    </box>
    <box frame="267" keyframe="0" outside="0" occluded="0" xtl="130.93" ytl="72.79" xbr="301.15" ybr="241.98" z_order="0">
    </box>
    <box frame="268" keyframe="0" outside="0" occluded="0" xtl="130.23" ytl="72.03" xbr="300.59" ybr="241.26" z_order="0">
    </box>
    <box frame="269" keyframe="0" outside="0" occluded="0" xtl="129.53" ytl="71.27" xbr="300.04" ybr="240.55" z_order="0">
    </box>
    <box frame="270" keyframe="0" outside="0" occluded="0" xtl="128.84" ytl="70.51" xbr="299.48" ybr="239.83" z_order="0">
    </box>
    <box frame="271" keyframe="0" outside="0" occluded="0" xtl="128.14" ytl="69.75" xbr="298.93" ybr="239.11" z_order="0">
    </box>
    <box frame="272" keyframe="0" outside="0" occluded="0" xtl="127.44" ytl="68.99" xbr="298.37" ybr="238.39" z_order="0">
    </box>
    <box frame="273" keyframe="0" outside="0" occluded="0" xtl="126.74" ytl="68.24" xbr="297.82" ybr="237.67" z_order="0">
    </box>
    <box frame="274" keyframe="0" outside="0" occluded="0" xtl="126.05" ytl="67.48" xbr="297.26" ybr="236.95" z_order="0">
    </box>
    <box frame="275" keyframe="0" outside="0" occluded="0" xtl="125.35" ytl="66.72" xbr="296.71" ybr="236.24" z_order="0">
    </box>
    <box frame="276" keyframe="0" outside="0" occluded="0" xtl="124.65" ytl="65.96" xbr="296.15" ybr="235.52" z_order="0">
    </box>
    <box frame="277" keyframe="0" outside="0" occluded="0" xtl="123.95" ytl="65.20" xbr="295.60" ybr="234.80" z_order="0">
    </box>
    <box frame="278" keyframe="0" outside="0" occluded="0" xtl="123.26" ytl="64.44" xbr="295.05" ybr="234.08" z_order="0">
    </box>
    <box frame="279" keyframe="0" outside="0" occluded="0" xtl="122.56" ytl="63.68" xbr="294.49" ybr="233.36" z_order="0">
    </box>
    <box frame="280" keyframe="0" outside="0" occluded="0" xtl="121.86" ytl="62.92" xbr="293.94" ybr="232.65" z_order="0">
    </box>
    <box frame="281" keyframe="0" outside="0" occluded="0" xtl="121.17" ytl="62.17" xbr="293.38" ybr="231.93" z_order="0">
    </box>
    <box frame="282" keyframe="0" outside="0" occluded="0" xtl="120.47" ytl="61.41" xbr="292.83" ybr="231.21" z_order="0">
    </box>
    <box frame="283" keyframe="0" outside="0" occluded="0" xtl="119.77" ytl="60.65" xbr="292.27" ybr="230.49" z_order="0">
    </box>
    <box frame="284" keyframe="0" outside="0" occluded="0" xtl="119.07" ytl="59.89" xbr="291.72" ybr="229.77" z_order="0">
    </box>
    <box frame="285" keyframe="0" outside="0" occluded="0" xtl="118.38" ytl="59.13" xbr="291.16" ybr="229.05" z_order="0">
    </box>
    <box frame="286" keyframe="0" outside="0" occluded="0" xtl="117.68" ytl="58.37" xbr="290.61" ybr="228.34" z_order="0">
    </box>
    <box frame="287" keyframe="0" outside="0" occluded="0" xtl="116.98" ytl="57.61" xbr="290.05" ybr="227.62" z_order="0">
    </box>
    <box frame="288" keyframe="1" outside="0" occluded="0" xtl="116.29" ytl="56.85" xbr="289.50" ybr="226.90" z_order="0">
    </box>
    <box frame="289" keyframe="0" outside="0" occluded="0" xtl="115.42" ytl="56.62" xbr="289.92" ybr="225.88" z_order="0">
    </box>
    <box frame="290" keyframe="0" outside="0" occluded="0" xtl="114.56" ytl="56.38" xbr="290.34" ybr="224.86" z_order="0">
    </box>
    <box frame="291" keyframe="0" outside="0" occluded="0" xtl="113.70" ytl="56.14" xbr="290.76" ybr="223.84" z_order="0">
    </box>
    <box frame="292" keyframe="0" outside="0" occluded="0" xtl="112.84" ytl="55.90" xbr="291.18" ybr="222.81" z_order="0">
    </box>
    <box frame="293" keyframe="0" outside="0" occluded="0" xtl="111.98" ytl="55.67" xbr="291.60" ybr="221.79" z_order="0">
    </box>
    <box frame="294" keyframe="0" outside="0" occluded="0" xtl="111.12" ytl="55.43" xbr="292.02" ybr="220.77" z_order="0">
    </box>
    <box frame="295" keyframe="1" outside="0" occluded="0" xtl="110.25" ytl="55.19" xbr="292.44" ybr="219.75" z_order="0">
    </box>
    <box frame="296" keyframe="0" outside="0" occluded="0" xtl="111.00" ytl="57.22" xbr="294.47" ybr="220.99" z_order="0">
    </box>
    <box frame="297" keyframe="0" outside="0" occluded="0" xtl="111.75" ytl="59.24" xbr="296.50" ybr="222.23" z_order="0">
    </box>
    <box frame="298" keyframe="0" outside="0" occluded="0" xtl="112.49" ytl="61.27" xbr="298.53" ybr="223.48" z_order="0">
    </box>
    <box frame="299" keyframe="0" outside="0" occluded="0" xtl="113.24" ytl="63.30" xbr="300.55" ybr="224.72" z_order="0">
    </box>
    <box frame="300" keyframe="0" outside="0" occluded="0" xtl="113.98" ytl="65.32" xbr="302.58" ybr="225.96" z_order="0">
    </box>
    <box frame="301" keyframe="0" outside="0" occluded="0" xtl="114.73" ytl="67.35" xbr="304.61" ybr="227.20" z_order="0">
    </box>
    <box frame="302" keyframe="0" outside="0" occluded="0" xtl="115.47" ytl="69.38" xbr="306.63" ybr="228.44" z_order="0">
    </box>
    <box frame="303" keyframe="0" outside="0" occluded="0" xtl="116.22" ytl="71.40" xbr="308.66" ybr="229.69" z_order="0">
    </box>
    <box frame="304" keyframe="0" outside="0" occluded="0" xtl="116.96" ytl="73.43" xbr="310.69" ybr="230.93" z_order="0">
    </box>
    <box frame="305" keyframe="0" outside="0" occluded="0" xtl="117.71" ytl="75.45" xbr="312.71" ybr="232.17" z_order="0">
    </box>
    <box frame="306" keyframe="0" outside="0" occluded="0" xtl="118.45" ytl="77.48" xbr="314.74" ybr="233.41" z_order="0">
    </box>
    <box frame="307" keyframe="0" outside="0" occluded="0" xtl="119.20" ytl="79.51" xbr="316.77" ybr="234.66" z_order="0">
    </box>
    <box frame="308" keyframe="0" outside="0" occluded="0" xtl="119.94" ytl="81.53" xbr="318.80" ybr="235.90" z_order="0">
    </box>
    <box frame="309" keyframe="0" outside="0" occluded="0" xtl="120.69" ytl="83.56" xbr="320.82" ybr="237.14" z_order="0">
    </box>
    <box frame="310" keyframe="0" outside="0" occluded="0" xtl="121.43" ytl="85.59" xbr="322.85" ybr="238.38" z_order="0">
    </box>
    <box frame="311" keyframe="0" outside="0" occluded="0" xtl="122.18" ytl="87.61" xbr="324.88" ybr="239.63" z_order="0">
    </box>
    <box frame="312" keyframe="0" outside="0" occluded="0" xtl="122.92" ytl="89.64" xbr="326.90" ybr="240.87" z_order="0">
    </box>
    <box frame="313" keyframe="1" outside="0" occluded="0" xtl="123.67" ytl="91.66" xbr="328.93" ybr="242.11" z_order="0">
    </box>
    <box frame="314" keyframe="0" outside="0" occluded="0" xtl="125.67" ytl="94.89" xbr="332.21" ybr="244.55" z_order="0">
    </box>
    <box frame="315" keyframe="0" outside="0" occluded="0" xtl="127.67" ytl="98.11" xbr="335.50" ybr="246.99" z_order="0">
    </box>
    <box frame="316" keyframe="0" outside="0" occluded="0" xtl="129.67" ytl="101.33" xbr="338.78" ybr="249.42" z_order="0">
    </box>
    <box frame="317" keyframe="0" outside="0" occluded="0" xtl="131.67" ytl="104.55" xbr="342.06" ybr="251.86" z_order="0">
    </box>
    <box frame="318" keyframe="0" outside="0" occluded="0" xtl="133.67" ytl="107.77" xbr="345.34" ybr="254.30" z_order="0">
    </box>
    <box frame="319" keyframe="0" outside="0" occluded="0" xtl="135.67" ytl="110.99" xbr="348.62" ybr="256.74" z_order="0">
    </box>
    <box frame="320" keyframe="0" outside="0" occluded="0" xtl="137.67" ytl="114.22" xbr="351.91" ybr="259.17" z_order="0">
    </box>
    <box frame="321" keyframe="0" outside="0" occluded="0" xtl="139.67" ytl="117.44" xbr="355.19" ybr="261.61" z_order="0">
    </box>
    <box frame="322" keyframe="0" outside="0" occluded="0" xtl="141.67" ytl="120.66" xbr="358.47" ybr="264.05" z_order="0">
    </box>
    <box frame="323" keyframe="0" outside="0" occluded="0" xtl="143.67" ytl="123.88" xbr="361.75" ybr="266.49" z_order="0">
    </box>
    <box frame="324" keyframe="0" outside="0" occluded="0" xtl="145.67" ytl="127.10" xbr="365.04" ybr="268.92" z_order="0">
    </box>
    <box frame="325" keyframe="0" outside="0" occluded="0" xtl="147.67" ytl="130.32" xbr="368.32" ybr="271.36" z_order="0">
    </box>
    <box frame="326" keyframe="1" outside="0" occluded="0" xtl="149.67" ytl="133.55" xbr="371.60" ybr="273.80" z_order="0">
    </box>
    <box frame="327" keyframe="0" outside="0" occluded="0" xtl="144.17" ytl="136.93" xbr="367.71" ybr="274.79" z_order="0">
    </box>
    <box frame="328" keyframe="0" outside="0" occluded="0" xtl="138.67" ytl="140.31" xbr="363.81" ybr="275.78" z_order="0">
    </box>
    <box frame="329" keyframe="0" outside="0" occluded="0" xtl="133.17" ytl="143.70" xbr="359.92" ybr="276.76" z_order="0">
    </box>
    <box frame="330" keyframe="0" outside="0" occluded="0" xtl="127.68" ytl="147.08" xbr="356.03" ybr="277.75" z_order="0">
    </box>
    <box frame="331" keyframe="0" outside="0" occluded="0" xtl="122.18" ytl="150.46" xbr="352.13" ybr="278.74" z_order="0">
    </box>
    <box frame="332" keyframe="0" outside="0" occluded="0" xtl="116.68" ytl="153.85" xbr="348.24" ybr="279.73" z_order="0">
    </box>
    <box frame="333" keyframe="0" outside="0" occluded="0" xtl="111.18" ytl="157.23" xbr="344.34" ybr="280.71" z_order="0">
    </box>
    <box frame="334" keyframe="0" outside="0" occluded="0" xtl="105.68" ytl="160.61" xbr="340.45" ybr="281.70" z_order="0">
    </box>
    <box frame="335" keyframe="0" outside="0" occluded="0" xtl="100.18" ytl="164.00" xbr="336.56" ybr="282.69" z_order="0">
    </box>
    <box frame="336" keyframe="0" outside="0" occluded="0" xtl="94.69" ytl="167.38" xbr="332.66" ybr="283.68" z_order="0">
    </box>
    <box frame="337" keyframe="0" outside="0" occluded="0" xtl="89.19" ytl="170.76" xbr="328.77" ybr="284.66" z_order="0">
    </box>
    <box frame="338" keyframe="0" outside="0" occluded="0" xtl="83.69" ytl="174.15" xbr="324.88" ybr="285.65" z_order="0">
    </box>
    <box frame="339" keyframe="0" outside="0" occluded="0" xtl="78.19" ytl="177.53" xbr="320.98" ybr="286.64" z_order="0">
    </box>
    <box frame="340" keyframe="0" outside="0" occluded="0" xtl="72.69" ytl="180.91" xbr="317.09" ybr="287.63" z_order="0">
    </box>
    <box frame="341" keyframe="0" outside="0" occluded="0" xtl="67.20" ytl="184.30" xbr="313.19" ybr="288.61" z_order="0">
    </box>
    <box frame="342" keyframe="1" outside="0" occluded="0" xtl="61.70" ytl="187.68" xbr="309.30" ybr="289.60" z_order="0">
    </box>
    <box frame="343" keyframe="0" outside="0" occluded="0" xtl="64.67" ytl="186.39" xbr="312.27" ybr="287.03" z_order="0">
    </box>
    <box frame="344" keyframe="0" outside="0" occluded="0" xtl="67.65" ytl="185.11" xbr="315.25" ybr="284.45" z_order="0">
    </box>
    <box frame="345" keyframe="0" outside="0" occluded="0" xtl="70.62" ytl="183.82" xbr="318.22" ybr="281.88" z_order="0">
    </box>
    <box frame="346" keyframe="0" outside="0" occluded="0" xtl="73.59" ytl="182.53" xbr="321.20" ybr="279.30" z_order="0">
    </box>
    <box frame="347" keyframe="0" outside="0" occluded="0" xtl="76.57" ytl="181.24" xbr="324.17" ybr="276.73" z_order="0">
    </box>
    <box frame="348" keyframe="0" outside="0" occluded="0" xtl="79.54" ytl="179.95" xbr="327.14" ybr="274.16" z_order="0">
    </box>
    <box frame="349" keyframe="0" outside="0" occluded="0" xtl="82.52" ytl="178.66" xbr="330.12" ybr="271.58" z_order="0">
    </box>
    <box frame="350" keyframe="0" outside="0" occluded="0" xtl="85.49" ytl="177.38" xbr="333.09" ybr="269.01" z_order="0">
    </box>
    <box frame="351" keyframe="0" outside="0" occluded="0" xtl="88.47" ytl="176.09" xbr="336.07" ybr="266.43" z_order="0">
    </box>
    <box frame="352" keyframe="0" outside="0" occluded="0" xtl="91.44" ytl="174.80" xbr="339.04" ybr="263.86" z_order="0">
    </box>
    <box frame="353" keyframe="0" outside="0" occluded="0" xtl="94.41" ytl="173.51" xbr="342.02" ybr="261.29" z_order="0">
    </box>
    <box frame="354" keyframe="0" outside="0" occluded="0" xtl="97.39" ytl="172.22" xbr="344.99" ybr="258.71" z_order="0">
    </box>
    <box frame="355" keyframe="0" outside="0" occluded="0" xtl="100.36" ytl="170.94" xbr="347.96" ybr="256.14" z_order="0">
    </box>
    <box frame="356" keyframe="0" outside="0" occluded="0" xtl="103.34" ytl="169.65" xbr="350.94" ybr="253.56" z_order="0">
    </box>
    <box frame="357" keyframe="0" outside="0" occluded="0" xtl="106.31" ytl="168.36" xbr="353.91" ybr="250.99" z_order="0">
    </box>
    <box frame="358" keyframe="0" outside="0" occluded="0" xtl="109.28" ytl="167.07" xbr="356.89" ybr="248.41" z_order="0">
    </box>
    <box frame="359" keyframe="0" outside="0" occluded="0" xtl="112.26" ytl="165.78" xbr="359.86" ybr="245.84" z_order="0">
    </box>
    <box frame="360" keyframe="0" outside="0" occluded="0" xtl="115.23" ytl="164.49" xbr="362.83" ybr="243.27" z_order="0">
    </box>
    <box frame="361" keyframe="0" outside="0" occluded="0" xtl="118.21" ytl="163.21" xbr="365.81" ybr="240.69" z_order="0">
    </box>
    <box frame="362" keyframe="0" outside="0" occluded="0" xtl="121.18" ytl="161.92" xbr="368.78" ybr="238.12" z_order="0">
    </box>
    <box frame="363" keyframe="0" outside="0" occluded="0" xtl="124.15" ytl="160.63" xbr="371.76" ybr="235.54" z_order="0">
    </box>
    <box frame="364" keyframe="0" outside="0" occluded="0" xtl="127.13" ytl="159.34" xbr="374.73" ybr="232.97" z_order="0">
    </box>
    <box frame="365" keyframe="0" outside="0" occluded="0" xtl="130.10" ytl="158.05" xbr="377.70" ybr="230.40" z_order="0">
    </box>
    <box frame="366" keyframe="0" outside="0" occluded="0" xtl="133.08" ytl="156.76" xbr="380.68" ybr="227.82" z_order="0">
    </box>
    <box frame="367" keyframe="0" outside="0" occluded="0" xtl="136.05" ytl="155.48" xbr="383.65" ybr="225.25" z_order="0">
    </box>
    <box frame="368" keyframe="0" outside="0" occluded="0" xtl="139.02" ytl="154.19" xbr="386.63" ybr="222.67" z_order="0">
    </box>
    <box frame="369" keyframe="1" outside="0" occluded="0" xtl="142.00" ytl="152.90" xbr="389.60" ybr="220.10" z_order="0">
    </box>
    <box frame="370" keyframe="0" outside="0" occluded="0" xtl="141.91" ytl="150.55" xbr="389.51" ybr="217.75" z_order="0">
    </box>
    <box frame="371" keyframe="0" outside="0" occluded="0" xtl="141.82" ytl="148.21" xbr="389.42" ybr="215.41" z_order="0">
    </box>
    <box frame="372" keyframe="0" outside="0" occluded="0" xtl="141.73" ytl="145.86" xbr="389.33" ybr="213.06" z_order="0">
    </box>
    <box frame="373" keyframe="0" outside="0" occluded="0" xtl="141.64" ytl="143.52" xbr="389.24" ybr="210.72" z_order="0">
    </box>
    <box frame="374" keyframe="1" outside="0" occluded="0" xtl="141.55" ytl="141.17" xbr="389.15" ybr="208.37" z_order="0">
    </box>
  </track>
</annotations>
