<?xml version="1.0" encoding="utf-8"?>
<annotations>
  <version>1.1</version>
  <meta>
    <task>
      <id>16</id>
      <name>008</name>
      <size>134</size>
      <mode>interpolation</mode>
      <overlap>5</overlap>
      <bugtracker></bugtracker>
      <created>2023-05-25 10:26:07.403064+00:00</created>
      <updated>2023-05-25 16:40:24.903802+00:00</updated>
      <subset>default</subset>
      <start_frame>0</start_frame>
      <stop_frame>133</stop_frame>
      <frame_filter></frame_filter>
      <segments>
        <segment>
          <id>15</id>
          <start>0</start>
          <stop>133</stop>
          <url>http://localhost:8080/api/jobs/15</url>
        </segment>
      </segments>
      <owner>
        <username>django</username>
        <email></email>
      </owner>
      <assignee></assignee>
      <labels>
        <label>
          <name>objects</name>
          <color>#db5b78</color>
          <type>any</type>
          <attributes>
          </attributes>
        </label>
      </labels>
      <original_size>
        <width>1280</width>
        <height>720</height>
      </original_size>
      <source>test16.mp4</source>
    </task>
    <dumped>2023-05-25 16:46:41.135091+00:00</dumped>
  </meta>
  <track id="0" label="objects" source="manual">
    <box frame="21" keyframe="1" outside="0" occluded="0" xtl="1132.17" ytl="425.88" xbr="1280.00" ybr="709.19" z_order="0">
    </box>
    <box frame="22" keyframe="0" outside="0" occluded="0" xtl="1129.11" ytl="425.31" xbr="1280.00" ybr="709.11" z_order="0">
    </box>
    <box frame="23" keyframe="0" outside="0" occluded="0" xtl="1126.06" ytl="424.75" xbr="1280.00" ybr="709.03" z_order="0">
    </box>
    <box frame="24" keyframe="0" outside="0" occluded="0" xtl="1123.01" ytl="424.18" xbr="1280.00" ybr="708.95" z_order="0">
    </box>
    <box frame="25" keyframe="0" outside="0" occluded="0" xtl="1119.96" ytl="423.62" xbr="1280.00" ybr="708.87" z_order="0">
    </box>
    <box frame="26" keyframe="0" outside="0" occluded="0" xtl="1116.91" ytl="423.05" xbr="1280.00" ybr="708.79" z_order="0">
    </box>
    <box frame="27" keyframe="0" outside="0" occluded="0" xtl="1113.86" ytl="422.49" xbr="1280.00" ybr="708.71" z_order="0">
    </box>
    <box frame="28" keyframe="0" outside="0" occluded="0" xtl="1110.81" ytl="421.92" xbr="1280.00" ybr="708.62" z_order="0">
    </box>
    <box frame="29" keyframe="0" outside="0" occluded="0" xtl="1107.76" ytl="421.36" xbr="1280.00" ybr="708.54" z_order="0">
    </box>
    <box frame="30" keyframe="0" outside="0" occluded="0" xtl="1104.71" ytl="420.79" xbr="1280.00" ybr="708.46" z_order="0">
    </box>
    <box frame="31" keyframe="0" outside="0" occluded="0" xtl="1101.66" ytl="420.23" xbr="1280.00" ybr="708.38" z_order="0">
    </box>
    <box frame="32" keyframe="0" outside="0" occluded="0" xtl="1098.61" ytl="419.66" xbr="1280.00" ybr="708.30" z_order="0">
    </box>
    <box frame="33" keyframe="0" outside="0" occluded="0" xtl="1095.56" ytl="419.09" xbr="1280.00" ybr="708.22" z_order="0">
    </box>
    <box frame="34" keyframe="1" outside="0" occluded="0" xtl="1092.51" ytl="418.53" xbr="1280.00" ybr="708.14" z_order="0">
    </box>
    <box frame="35" keyframe="0" outside="0" occluded="0" xtl="1092.51" ytl="417.76" xbr="1279.13" ybr="707.86" z_order="0">
    </box>
    <box frame="36" keyframe="0" outside="0" occluded="0" xtl="1092.51" ytl="416.99" xbr="1278.26" ybr="707.58" z_order="0">
    </box>
    <box frame="37" keyframe="0" outside="0" occluded="0" xtl="1092.51" ytl="416.22" xbr="1277.39" ybr="707.29" z_order="0">
    </box>
    <box frame="38" keyframe="0" outside="0" occluded="0" xtl="1092.50" ytl="415.45" xbr="1276.51" ybr="707.01" z_order="0">
    </box>
    <box frame="39" keyframe="0" outside="0" occluded="0" xtl="1092.50" ytl="414.69" xbr="1275.64" ybr="706.72" z_order="0">
    </box>
    <box frame="40" keyframe="0" outside="0" occluded="0" xtl="1092.50" ytl="413.92" xbr="1274.77" ybr="706.44" z_order="0">
    </box>
    <box frame="41" keyframe="0" outside="0" occluded="0" xtl="1092.50" ytl="413.15" xbr="1273.90" ybr="706.16" z_order="0">
    </box>
    <box frame="42" keyframe="0" outside="0" occluded="0" xtl="1092.50" ytl="412.38" xbr="1273.03" ybr="705.87" z_order="0">
    </box>
    <box frame="43" keyframe="0" outside="0" occluded="0" xtl="1092.50" ytl="411.61" xbr="1272.16" ybr="705.59" z_order="0">
    </box>
    <box frame="44" keyframe="0" outside="0" occluded="0" xtl="1092.49" ytl="410.84" xbr="1271.29" ybr="705.31" z_order="0">
    </box>
    <box frame="45" keyframe="0" outside="0" occluded="0" xtl="1092.49" ytl="410.07" xbr="1270.41" ybr="705.02" z_order="0">
    </box>
    <box frame="46" keyframe="0" outside="0" occluded="0" xtl="1092.49" ytl="409.31" xbr="1269.54" ybr="704.74" z_order="0">
    </box>
    <box frame="47" keyframe="0" outside="0" occluded="0" xtl="1092.49" ytl="408.54" xbr="1268.67" ybr="704.45" z_order="0">
    </box>
    <box frame="48" keyframe="0" outside="0" occluded="0" xtl="1092.49" ytl="407.77" xbr="1267.80" ybr="704.17" z_order="0">
    </box>
    <box frame="49" keyframe="0" outside="0" occluded="0" xtl="1092.49" ytl="407.00" xbr="1266.93" ybr="703.89" z_order="0">
    </box>
    <box frame="50" keyframe="0" outside="0" occluded="0" xtl="1092.48" ytl="406.23" xbr="1266.06" ybr="703.60" z_order="0">
    </box>
    <box frame="51" keyframe="0" outside="0" occluded="0" xtl="1092.48" ytl="405.46" xbr="1265.19" ybr="703.32" z_order="0">
    </box>
    <box frame="52" keyframe="0" outside="0" occluded="0" xtl="1092.48" ytl="404.69" xbr="1264.31" ybr="703.04" z_order="0">
    </box>
    <box frame="53" keyframe="0" outside="0" occluded="0" xtl="1092.48" ytl="403.92" xbr="1263.44" ybr="702.75" z_order="0">
    </box>
    <box frame="54" keyframe="0" outside="0" occluded="0" xtl="1092.48" ytl="403.16" xbr="1262.57" ybr="702.47" z_order="0">
    </box>
    <box frame="55" keyframe="0" outside="0" occluded="0" xtl="1092.48" ytl="402.39" xbr="1261.70" ybr="702.19" z_order="0">
    </box>
    <box frame="56" keyframe="0" outside="0" occluded="0" xtl="1092.48" ytl="401.62" xbr="1260.83" ybr="701.90" z_order="0">
    </box>
    <box frame="57" keyframe="0" outside="0" occluded="0" xtl="1092.47" ytl="400.85" xbr="1259.96" ybr="701.62" z_order="0">
    </box>
    <box frame="58" keyframe="0" outside="0" occluded="0" xtl="1092.47" ytl="400.08" xbr="1259.09" ybr="701.33" z_order="0">
    </box>
    <box frame="59" keyframe="0" outside="0" occluded="0" xtl="1092.47" ytl="399.31" xbr="1258.21" ybr="701.05" z_order="0">
    </box>
    <box frame="60" keyframe="0" outside="0" occluded="0" xtl="1092.47" ytl="398.54" xbr="1257.34" ybr="700.77" z_order="0">
    </box>
    <box frame="61" keyframe="0" outside="0" occluded="0" xtl="1092.47" ytl="397.78" xbr="1256.47" ybr="700.48" z_order="0">
    </box>
    <box frame="62" keyframe="1" outside="0" occluded="0" xtl="1092.47" ytl="397.01" xbr="1255.60" ybr="700.20" z_order="0">
    </box>
    <box frame="63" keyframe="0" outside="0" occluded="0" xtl="1091.52" ytl="396.21" xbr="1255.03" ybr="699.67" z_order="0">
    </box>
    <box frame="64" keyframe="0" outside="0" occluded="0" xtl="1090.58" ytl="395.41" xbr="1254.47" ybr="699.15" z_order="0">
    </box>
    <box frame="65" keyframe="0" outside="0" occluded="0" xtl="1089.63" ytl="394.61" xbr="1253.90" ybr="698.62" z_order="0">
    </box>
    <box frame="66" keyframe="0" outside="0" occluded="0" xtl="1088.69" ytl="393.82" xbr="1253.33" ybr="698.10" z_order="0">
    </box>
    <box frame="67" keyframe="0" outside="0" occluded="0" xtl="1087.74" ytl="393.02" xbr="1252.76" ybr="697.57" z_order="0">
    </box>
    <box frame="68" keyframe="0" outside="0" occluded="0" xtl="1086.80" ytl="392.22" xbr="1252.20" ybr="697.05" z_order="0">
    </box>
    <box frame="69" keyframe="0" outside="0" occluded="0" xtl="1085.86" ytl="391.43" xbr="1251.63" ybr="696.52" z_order="0">
    </box>
    <box frame="70" keyframe="0" outside="0" occluded="0" xtl="1084.91" ytl="390.63" xbr="1251.06" ybr="696.00" z_order="0">
    </box>
    <box frame="71" keyframe="0" outside="0" occluded="0" xtl="1083.97" ytl="389.83" xbr="1250.49" ybr="695.47" z_order="0">
    </box>
    <box frame="72" keyframe="0" outside="0" occluded="0" xtl="1083.02" ytl="389.03" xbr="1249.93" ybr="694.94" z_order="0">
    </box>
    <box frame="73" keyframe="0" outside="0" occluded="0" xtl="1082.08" ytl="388.24" xbr="1249.36" ybr="694.42" z_order="0">
    </box>
    <box frame="74" keyframe="0" outside="0" occluded="0" xtl="1081.14" ytl="387.44" xbr="1248.79" ybr="693.89" z_order="0">
    </box>
    <box frame="75" keyframe="0" outside="0" occluded="0" xtl="1080.19" ytl="386.64" xbr="1248.22" ybr="693.37" z_order="0">
    </box>
    <box frame="76" keyframe="0" outside="0" occluded="0" xtl="1079.25" ytl="385.84" xbr="1247.66" ybr="692.84" z_order="0">
    </box>
    <box frame="77" keyframe="0" outside="0" occluded="0" xtl="1078.30" ytl="385.05" xbr="1247.09" ybr="692.32" z_order="0">
    </box>
    <box frame="78" keyframe="0" outside="0" occluded="0" xtl="1077.36" ytl="384.25" xbr="1246.52" ybr="691.79" z_order="0">
    </box>
    <box frame="79" keyframe="0" outside="0" occluded="0" xtl="1076.41" ytl="383.45" xbr="1245.95" ybr="691.27" z_order="0">
    </box>
    <box frame="80" keyframe="0" outside="0" occluded="0" xtl="1075.47" ytl="382.65" xbr="1245.39" ybr="690.74" z_order="0">
    </box>
    <box frame="81" keyframe="0" outside="0" occluded="0" xtl="1074.53" ytl="381.86" xbr="1244.82" ybr="690.21" z_order="0">
    </box>
    <box frame="82" keyframe="0" outside="0" occluded="0" xtl="1073.58" ytl="381.06" xbr="1244.25" ybr="689.69" z_order="0">
    </box>
    <box frame="83" keyframe="0" outside="0" occluded="0" xtl="1072.64" ytl="380.26" xbr="1243.68" ybr="689.16" z_order="0">
    </box>
    <box frame="84" keyframe="0" outside="0" occluded="0" xtl="1071.69" ytl="379.47" xbr="1243.12" ybr="688.64" z_order="0">
    </box>
    <box frame="85" keyframe="0" outside="0" occluded="0" xtl="1070.75" ytl="378.67" xbr="1242.55" ybr="688.11" z_order="0">
    </box>
    <box frame="86" keyframe="0" outside="0" occluded="0" xtl="1069.80" ytl="377.87" xbr="1241.98" ybr="687.59" z_order="0">
    </box>
    <box frame="87" keyframe="0" outside="0" occluded="0" xtl="1068.86" ytl="377.07" xbr="1241.41" ybr="687.06" z_order="0">
    </box>
    <box frame="88" keyframe="0" outside="0" occluded="0" xtl="1067.92" ytl="376.28" xbr="1240.85" ybr="686.53" z_order="0">
    </box>
    <box frame="89" keyframe="0" outside="0" occluded="0" xtl="1066.97" ytl="375.48" xbr="1240.28" ybr="686.01" z_order="0">
    </box>
    <box frame="90" keyframe="0" outside="0" occluded="0" xtl="1066.03" ytl="374.68" xbr="1239.71" ybr="685.48" z_order="0">
    </box>
    <box frame="91" keyframe="0" outside="0" occluded="0" xtl="1065.08" ytl="373.88" xbr="1239.14" ybr="684.96" z_order="0">
    </box>
    <box frame="92" keyframe="0" outside="0" occluded="0" xtl="1064.14" ytl="373.09" xbr="1238.58" ybr="684.43" z_order="0">
    </box>
    <box frame="93" keyframe="0" outside="0" occluded="0" xtl="1063.19" ytl="372.29" xbr="1238.01" ybr="683.91" z_order="0">
    </box>
    <box frame="94" keyframe="0" outside="0" occluded="0" xtl="1062.25" ytl="371.49" xbr="1237.44" ybr="683.38" z_order="0">
    </box>
    <box frame="95" keyframe="0" outside="0" occluded="0" xtl="1061.31" ytl="370.69" xbr="1236.87" ybr="682.86" z_order="0">
    </box>
    <box frame="96" keyframe="0" outside="0" occluded="0" xtl="1060.36" ytl="369.90" xbr="1236.31" ybr="682.33" z_order="0">
    </box>
    <box frame="97" keyframe="0" outside="0" occluded="0" xtl="1059.42" ytl="369.10" xbr="1235.74" ybr="681.80" z_order="0">
    </box>
    <box frame="98" keyframe="0" outside="0" occluded="0" xtl="1058.47" ytl="368.30" xbr="1235.17" ybr="681.28" z_order="0">
    </box>
    <box frame="99" keyframe="0" outside="0" occluded="0" xtl="1057.53" ytl="367.51" xbr="1234.60" ybr="680.75" z_order="0">
    </box>
    <box frame="100" keyframe="0" outside="0" occluded="0" xtl="1056.59" ytl="366.71" xbr="1234.04" ybr="680.23" z_order="0">
    </box>
    <box frame="101" keyframe="0" outside="0" occluded="0" xtl="1055.64" ytl="365.91" xbr="1233.47" ybr="679.70" z_order="0">
    </box>
    <box frame="102" keyframe="0" outside="0" occluded="0" xtl="1054.70" ytl="365.11" xbr="1232.90" ybr="679.18" z_order="0">
    </box>
    <box frame="103" keyframe="0" outside="0" occluded="0" xtl="1053.75" ytl="364.32" xbr="1232.33" ybr="678.65" z_order="0">
    </box>
    <box frame="104" keyframe="0" outside="0" occluded="0" xtl="1052.81" ytl="363.52" xbr="1231.77" ybr="678.13" z_order="0">
    </box>
    <box frame="105" keyframe="1" outside="0" occluded="0" xtl="1051.86" ytl="362.72" xbr="1231.20" ybr="677.60" z_order="0">
    </box>
    <box frame="106" keyframe="0" outside="0" occluded="0" xtl="1050.93" ytl="362.01" xbr="1230.33" ybr="675.96" z_order="0">
    </box>
    <box frame="107" keyframe="0" outside="0" occluded="0" xtl="1050.00" ytl="361.30" xbr="1229.46" ybr="674.31" z_order="0">
    </box>
    <box frame="108" keyframe="0" outside="0" occluded="0" xtl="1049.06" ytl="360.59" xbr="1228.59" ybr="672.67" z_order="0">
    </box>
    <box frame="109" keyframe="0" outside="0" occluded="0" xtl="1048.13" ytl="359.89" xbr="1227.71" ybr="671.03" z_order="0">
    </box>
    <box frame="110" keyframe="0" outside="0" occluded="0" xtl="1047.19" ytl="359.18" xbr="1226.84" ybr="669.39" z_order="0">
    </box>
    <box frame="111" keyframe="0" outside="0" occluded="0" xtl="1046.26" ytl="358.47" xbr="1225.97" ybr="667.74" z_order="0">
    </box>
    <box frame="112" keyframe="0" outside="0" occluded="0" xtl="1045.32" ytl="357.76" xbr="1225.10" ybr="666.10" z_order="0">
    </box>
    <box frame="113" keyframe="0" outside="0" occluded="0" xtl="1044.39" ytl="357.05" xbr="1224.23" ybr="664.46" z_order="0">
    </box>
    <box frame="114" keyframe="0" outside="0" occluded="0" xtl="1043.45" ytl="356.34" xbr="1223.36" ybr="662.81" z_order="0">
    </box>
    <box frame="115" keyframe="0" outside="0" occluded="0" xtl="1042.52" ytl="355.63" xbr="1222.49" ybr="661.17" z_order="0">
    </box>
    <box frame="116" keyframe="0" outside="0" occluded="0" xtl="1041.59" ytl="354.92" xbr="1221.61" ybr="659.53" z_order="0">
    </box>
    <box frame="117" keyframe="0" outside="0" occluded="0" xtl="1040.65" ytl="354.21" xbr="1220.74" ybr="657.89" z_order="0">
    </box>
    <box frame="118" keyframe="0" outside="0" occluded="0" xtl="1039.72" ytl="353.51" xbr="1219.87" ybr="656.24" z_order="0">
    </box>
    <box frame="119" keyframe="0" outside="0" occluded="0" xtl="1038.78" ytl="352.80" xbr="1219.00" ybr="654.60" z_order="0">
    </box>
    <box frame="120" keyframe="0" outside="0" occluded="0" xtl="1037.85" ytl="352.09" xbr="1218.13" ybr="652.96" z_order="0">
    </box>
    <box frame="121" keyframe="0" outside="0" occluded="0" xtl="1036.91" ytl="351.38" xbr="1217.26" ybr="651.31" z_order="0">
    </box>
    <box frame="122" keyframe="0" outside="0" occluded="0" xtl="1035.98" ytl="350.67" xbr="1216.39" ybr="649.67" z_order="0">
    </box>
    <box frame="123" keyframe="0" outside="0" occluded="0" xtl="1035.04" ytl="349.96" xbr="1215.51" ybr="648.03" z_order="0">
    </box>
    <box frame="124" keyframe="0" outside="0" occluded="0" xtl="1034.11" ytl="349.25" xbr="1214.64" ybr="646.39" z_order="0">
    </box>
    <box frame="125" keyframe="0" outside="0" occluded="0" xtl="1033.17" ytl="348.54" xbr="1213.77" ybr="644.74" z_order="0">
    </box>
    <box frame="126" keyframe="0" outside="0" occluded="0" xtl="1032.24" ytl="347.83" xbr="1212.90" ybr="643.10" z_order="0">
    </box>
    <box frame="127" keyframe="0" outside="0" occluded="0" xtl="1031.31" ytl="347.13" xbr="1212.03" ybr="641.46" z_order="0">
    </box>
    <box frame="128" keyframe="0" outside="0" occluded="0" xtl="1030.37" ytl="346.42" xbr="1211.16" ybr="639.81" z_order="0">
    </box>
    <box frame="129" keyframe="0" outside="0" occluded="0" xtl="1029.44" ytl="345.71" xbr="1210.29" ybr="638.17" z_order="0">
    </box>
    <box frame="130" keyframe="0" outside="0" occluded="0" xtl="1028.50" ytl="345.00" xbr="1209.41" ybr="636.53" z_order="0">
    </box>
    <box frame="131" keyframe="0" outside="0" occluded="0" xtl="1027.57" ytl="344.29" xbr="1208.54" ybr="634.89" z_order="0">
    </box>
    <box frame="132" keyframe="0" outside="0" occluded="0" xtl="1026.63" ytl="343.58" xbr="1207.67" ybr="633.24" z_order="0">
    </box>
    <box frame="133" keyframe="1" outside="0" occluded="0" xtl="1025.70" ytl="342.87" xbr="1206.80" ybr="631.60" z_order="0">
    </box>
  </track>
</annotations>
