<?xml version="1.0" encoding="utf-8"?>
<annotations>
  <version>1.1</version>
  <meta>
    <task>
      <id>2</id>
      <name>018</name>
      <size>487</size>
      <mode>interpolation</mode>
      <overlap>5</overlap>
      <bugtracker></bugtracker>
      <created>2023-05-25 09:08:12.539409+00:00</created>
      <updated>2023-05-25 16:44:03.082710+00:00</updated>
      <subset>default</subset>
      <start_frame>0</start_frame>
      <stop_frame>486</stop_frame>
      <frame_filter></frame_filter>
      <segments>
        <segment>
          <id>2</id>
          <start>0</start>
          <stop>486</stop>
          <url>http://localhost:8080/api/jobs/2</url>
        </segment>
      </segments>
      <owner>
        <username>django</username>
        <email></email>
      </owner>
      <assignee></assignee>
      <labels>
        <label>
          <name>object</name>
          <color>#40e020</color>
          <type>any</type>
          <attributes>
          </attributes>
        </label>
      </labels>
      <original_size>
        <width>1920</width>
        <height>1080</height>
      </original_size>
      <source>aerial-shot-of-tank-driving-on-dirt-road-on-the-firing-range-training-for-tank-SBV-338051900-preview.mp4</source>
    </task>
    <dumped>2023-05-25 16:51:51.658372+00:00</dumped>
  </meta>
  <track id="0" label="object" source="manual">
    <box frame="0" keyframe="1" outside="0" occluded="0" xtl="988.61" ytl="349.31" xbr="1075.63" ybr="429.18" z_order="0">
    </box>
    <box frame="1" keyframe="0" outside="0" occluded="0" xtl="988.50" ytl="349.78" xbr="1075.52" ybr="429.65" z_order="0">
    </box>
    <box frame="2" keyframe="0" outside="0" occluded="0" xtl="988.39" ytl="350.25" xbr="1075.41" ybr="430.12" z_order="0">
    </box>
    <box frame="3" keyframe="0" outside="0" occluded="0" xtl="988.28" ytl="350.72" xbr="1075.30" ybr="430.59" z_order="0">
    </box>
    <box frame="4" keyframe="0" outside="0" occluded="0" xtl="988.17" ytl="351.20" xbr="1075.19" ybr="431.06" z_order="0">
    </box>
    <box frame="5" keyframe="0" outside="0" occluded="0" xtl="988.05" ytl="351.67" xbr="1075.07" ybr="431.53" z_order="0">
    </box>
    <box frame="6" keyframe="0" outside="0" occluded="0" xtl="987.94" ytl="352.14" xbr="1074.96" ybr="432.01" z_order="0">
    </box>
    <box frame="7" keyframe="0" outside="0" occluded="0" xtl="987.83" ytl="352.61" xbr="1074.85" ybr="432.48" z_order="0">
    </box>
    <box frame="8" keyframe="0" outside="0" occluded="0" xtl="987.72" ytl="353.08" xbr="1074.74" ybr="432.95" z_order="0">
    </box>
    <box frame="9" keyframe="0" outside="0" occluded="0" xtl="987.61" ytl="353.55" xbr="1074.63" ybr="433.42" z_order="0">
    </box>
    <box frame="10" keyframe="0" outside="0" occluded="0" xtl="987.50" ytl="354.02" xbr="1074.52" ybr="433.89" z_order="0">
    </box>
    <box frame="11" keyframe="0" outside="0" occluded="0" xtl="987.39" ytl="354.50" xbr="1074.41" ybr="434.36" z_order="0">
    </box>
    <box frame="12" keyframe="0" outside="0" occluded="0" xtl="987.28" ytl="354.97" xbr="1074.30" ybr="434.83" z_order="0">
    </box>
    <box frame="13" keyframe="0" outside="0" occluded="0" xtl="987.17" ytl="355.44" xbr="1074.19" ybr="435.31" z_order="0">
    </box>
    <box frame="14" keyframe="0" outside="0" occluded="0" xtl="987.06" ytl="355.91" xbr="1074.08" ybr="435.78" z_order="0">
    </box>
    <box frame="15" keyframe="0" outside="0" occluded="0" xtl="986.95" ytl="356.38" xbr="1073.97" ybr="436.25" z_order="0">
    </box>
    <box frame="16" keyframe="0" outside="0" occluded="0" xtl="986.84" ytl="356.85" xbr="1073.86" ybr="436.72" z_order="0">
    </box>
    <box frame="17" keyframe="0" outside="0" occluded="0" xtl="986.72" ytl="357.32" xbr="1073.74" ybr="437.19" z_order="0">
    </box>
    <box frame="18" keyframe="0" outside="0" occluded="0" xtl="986.61" ytl="357.79" xbr="1073.63" ybr="437.66" z_order="0">
    </box>
    <box frame="19" keyframe="0" outside="0" occluded="0" xtl="986.50" ytl="358.27" xbr="1073.52" ybr="438.13" z_order="0">
    </box>
    <box frame="20" keyframe="0" outside="0" occluded="0" xtl="986.39" ytl="358.74" xbr="1073.41" ybr="438.60" z_order="0">
    </box>
    <box frame="21" keyframe="0" outside="0" occluded="0" xtl="986.28" ytl="359.21" xbr="1073.30" ybr="439.08" z_order="0">
    </box>
    <box frame="22" keyframe="0" outside="0" occluded="0" xtl="986.17" ytl="359.68" xbr="1073.19" ybr="439.55" z_order="0">
    </box>
    <box frame="23" keyframe="0" outside="0" occluded="0" xtl="986.06" ytl="360.15" xbr="1073.08" ybr="440.02" z_order="0">
    </box>
    <box frame="24" keyframe="0" outside="0" occluded="0" xtl="985.95" ytl="360.62" xbr="1072.97" ybr="440.49" z_order="0">
    </box>
    <box frame="25" keyframe="0" outside="0" occluded="0" xtl="985.84" ytl="361.09" xbr="1072.86" ybr="440.96" z_order="0">
    </box>
    <box frame="26" keyframe="0" outside="0" occluded="0" xtl="985.73" ytl="361.56" xbr="1072.75" ybr="441.43" z_order="0">
    </box>
    <box frame="27" keyframe="0" outside="0" occluded="0" xtl="985.62" ytl="362.04" xbr="1072.64" ybr="441.90" z_order="0">
    </box>
    <box frame="28" keyframe="0" outside="0" occluded="0" xtl="985.50" ytl="362.51" xbr="1072.52" ybr="442.37" z_order="0">
    </box>
    <box frame="29" keyframe="0" outside="0" occluded="0" xtl="985.39" ytl="362.98" xbr="1072.41" ybr="442.85" z_order="0">
    </box>
    <box frame="30" keyframe="0" outside="0" occluded="0" xtl="985.28" ytl="363.45" xbr="1072.30" ybr="443.32" z_order="0">
    </box>
    <box frame="31" keyframe="0" outside="0" occluded="0" xtl="985.17" ytl="363.92" xbr="1072.19" ybr="443.79" z_order="0">
    </box>
    <box frame="32" keyframe="0" outside="0" occluded="0" xtl="985.06" ytl="364.39" xbr="1072.08" ybr="444.26" z_order="0">
    </box>
    <box frame="33" keyframe="0" outside="0" occluded="0" xtl="984.95" ytl="364.86" xbr="1071.97" ybr="444.73" z_order="0">
    </box>
    <box frame="34" keyframe="0" outside="0" occluded="0" xtl="984.84" ytl="365.33" xbr="1071.86" ybr="445.20" z_order="0">
    </box>
    <box frame="35" keyframe="0" outside="0" occluded="0" xtl="984.73" ytl="365.81" xbr="1071.75" ybr="445.67" z_order="0">
    </box>
    <box frame="36" keyframe="0" outside="0" occluded="0" xtl="984.62" ytl="366.28" xbr="1071.64" ybr="446.14" z_order="0">
    </box>
    <box frame="37" keyframe="0" outside="0" occluded="0" xtl="984.51" ytl="366.75" xbr="1071.53" ybr="446.62" z_order="0">
    </box>
    <box frame="38" keyframe="0" outside="0" occluded="0" xtl="984.40" ytl="367.22" xbr="1071.42" ybr="447.09" z_order="0">
    </box>
    <box frame="39" keyframe="0" outside="0" occluded="0" xtl="984.29" ytl="367.69" xbr="1071.31" ybr="447.56" z_order="0">
    </box>
    <box frame="40" keyframe="0" outside="0" occluded="0" xtl="984.17" ytl="368.16" xbr="1071.19" ybr="448.03" z_order="0">
    </box>
    <box frame="41" keyframe="0" outside="0" occluded="0" xtl="984.06" ytl="368.63" xbr="1071.08" ybr="448.50" z_order="0">
    </box>
    <box frame="42" keyframe="0" outside="0" occluded="0" xtl="983.95" ytl="369.10" xbr="1070.97" ybr="448.97" z_order="0">
    </box>
    <box frame="43" keyframe="1" outside="0" occluded="0" xtl="983.84" ytl="369.58" xbr="1070.86" ybr="449.44" z_order="0">
    </box>
    <box frame="44" keyframe="0" outside="0" occluded="0" xtl="983.64" ytl="370.27" xbr="1070.66" ybr="450.14" z_order="0">
    </box>
    <box frame="45" keyframe="0" outside="0" occluded="0" xtl="983.43" ytl="370.97" xbr="1070.45" ybr="450.84" z_order="0">
    </box>
    <box frame="46" keyframe="0" outside="0" occluded="0" xtl="983.23" ytl="371.67" xbr="1070.25" ybr="451.54" z_order="0">
    </box>
    <box frame="47" keyframe="0" outside="0" occluded="0" xtl="983.02" ytl="372.37" xbr="1070.04" ybr="452.24" z_order="0">
    </box>
    <box frame="48" keyframe="0" outside="0" occluded="0" xtl="982.81" ytl="373.07" xbr="1069.83" ybr="452.94" z_order="0">
    </box>
    <box frame="49" keyframe="0" outside="0" occluded="0" xtl="982.61" ytl="373.77" xbr="1069.63" ybr="453.64" z_order="0">
    </box>
    <box frame="50" keyframe="0" outside="0" occluded="0" xtl="982.40" ytl="374.47" xbr="1069.42" ybr="454.34" z_order="0">
    </box>
    <box frame="51" keyframe="0" outside="0" occluded="0" xtl="982.20" ytl="375.17" xbr="1069.22" ybr="455.03" z_order="0">
    </box>
    <box frame="52" keyframe="0" outside="0" occluded="0" xtl="981.99" ytl="375.87" xbr="1069.01" ybr="455.73" z_order="0">
    </box>
    <box frame="53" keyframe="0" outside="0" occluded="0" xtl="981.79" ytl="376.56" xbr="1068.81" ybr="456.43" z_order="0">
    </box>
    <box frame="54" keyframe="0" outside="0" occluded="0" xtl="981.58" ytl="377.26" xbr="1068.60" ybr="457.13" z_order="0">
    </box>
    <box frame="55" keyframe="0" outside="0" occluded="0" xtl="981.38" ytl="377.96" xbr="1068.40" ybr="457.83" z_order="0">
    </box>
    <box frame="56" keyframe="0" outside="0" occluded="0" xtl="981.17" ytl="378.66" xbr="1068.19" ybr="458.53" z_order="0">
    </box>
    <box frame="57" keyframe="0" outside="0" occluded="0" xtl="980.96" ytl="379.36" xbr="1067.98" ybr="459.23" z_order="0">
    </box>
    <box frame="58" keyframe="0" outside="0" occluded="0" xtl="980.76" ytl="380.06" xbr="1067.78" ybr="459.93" z_order="0">
    </box>
    <box frame="59" keyframe="0" outside="0" occluded="0" xtl="980.55" ytl="380.76" xbr="1067.57" ybr="460.62" z_order="0">
    </box>
    <box frame="60" keyframe="0" outside="0" occluded="0" xtl="980.35" ytl="381.46" xbr="1067.37" ybr="461.32" z_order="0">
    </box>
    <box frame="61" keyframe="0" outside="0" occluded="0" xtl="980.14" ytl="382.15" xbr="1067.16" ybr="462.02" z_order="0">
    </box>
    <box frame="62" keyframe="0" outside="0" occluded="0" xtl="979.94" ytl="382.85" xbr="1066.96" ybr="462.72" z_order="0">
    </box>
    <box frame="63" keyframe="0" outside="0" occluded="0" xtl="979.73" ytl="383.55" xbr="1066.75" ybr="463.42" z_order="0">
    </box>
    <box frame="64" keyframe="0" outside="0" occluded="0" xtl="979.53" ytl="384.25" xbr="1066.55" ybr="464.12" z_order="0">
    </box>
    <box frame="65" keyframe="0" outside="0" occluded="0" xtl="979.32" ytl="384.95" xbr="1066.34" ybr="464.82" z_order="0">
    </box>
    <box frame="66" keyframe="0" outside="0" occluded="0" xtl="979.11" ytl="385.65" xbr="1066.13" ybr="465.52" z_order="0">
    </box>
    <box frame="67" keyframe="0" outside="0" occluded="0" xtl="978.91" ytl="386.35" xbr="1065.93" ybr="466.22" z_order="0">
    </box>
    <box frame="68" keyframe="0" outside="0" occluded="0" xtl="978.70" ytl="387.05" xbr="1065.72" ybr="466.91" z_order="0">
    </box>
    <box frame="69" keyframe="0" outside="0" occluded="0" xtl="978.50" ytl="387.75" xbr="1065.52" ybr="467.61" z_order="0">
    </box>
    <box frame="70" keyframe="0" outside="0" occluded="0" xtl="978.29" ytl="388.44" xbr="1065.31" ybr="468.31" z_order="0">
    </box>
    <box frame="71" keyframe="0" outside="0" occluded="0" xtl="978.09" ytl="389.14" xbr="1065.11" ybr="469.01" z_order="0">
    </box>
    <box frame="72" keyframe="1" outside="0" occluded="0" xtl="977.88" ytl="389.84" xbr="1064.90" ybr="469.71" z_order="0">
    </box>
    <box frame="73" keyframe="0" outside="0" occluded="0" xtl="977.72" ytl="390.21" xbr="1064.85" ybr="470.24" z_order="0">
    </box>
    <box frame="74" keyframe="0" outside="0" occluded="0" xtl="977.56" ytl="390.58" xbr="1064.79" ybr="470.77" z_order="0">
    </box>
    <box frame="75" keyframe="0" outside="0" occluded="0" xtl="977.40" ytl="390.95" xbr="1064.74" ybr="471.30" z_order="0">
    </box>
    <box frame="76" keyframe="0" outside="0" occluded="0" xtl="977.25" ytl="391.33" xbr="1064.69" ybr="471.83" z_order="0">
    </box>
    <box frame="77" keyframe="0" outside="0" occluded="0" xtl="977.09" ytl="391.70" xbr="1064.63" ybr="472.36" z_order="0">
    </box>
    <box frame="78" keyframe="0" outside="0" occluded="0" xtl="976.93" ytl="392.07" xbr="1064.58" ybr="472.89" z_order="0">
    </box>
    <box frame="79" keyframe="0" outside="0" occluded="0" xtl="976.77" ytl="392.44" xbr="1064.53" ybr="473.43" z_order="0">
    </box>
    <box frame="80" keyframe="0" outside="0" occluded="0" xtl="976.61" ytl="392.81" xbr="1064.47" ybr="473.96" z_order="0">
    </box>
    <box frame="81" keyframe="0" outside="0" occluded="0" xtl="976.45" ytl="393.18" xbr="1064.42" ybr="474.49" z_order="0">
    </box>
    <box frame="82" keyframe="0" outside="0" occluded="0" xtl="976.29" ytl="393.55" xbr="1064.37" ybr="475.02" z_order="0">
    </box>
    <box frame="83" keyframe="0" outside="0" occluded="0" xtl="976.13" ytl="393.92" xbr="1064.31" ybr="475.55" z_order="0">
    </box>
    <box frame="84" keyframe="0" outside="0" occluded="0" xtl="975.97" ytl="394.29" xbr="1064.26" ybr="476.08" z_order="0">
    </box>
    <box frame="85" keyframe="0" outside="0" occluded="0" xtl="975.81" ytl="394.66" xbr="1064.21" ybr="476.61" z_order="0">
    </box>
    <box frame="86" keyframe="0" outside="0" occluded="0" xtl="975.66" ytl="395.03" xbr="1064.15" ybr="477.14" z_order="0">
    </box>
    <box frame="87" keyframe="0" outside="0" occluded="0" xtl="975.50" ytl="395.40" xbr="1064.10" ybr="477.67" z_order="0">
    </box>
    <box frame="88" keyframe="0" outside="0" occluded="0" xtl="975.34" ytl="395.78" xbr="1064.05" ybr="478.20" z_order="0">
    </box>
    <box frame="89" keyframe="0" outside="0" occluded="0" xtl="975.18" ytl="396.15" xbr="1063.99" ybr="478.73" z_order="0">
    </box>
    <box frame="90" keyframe="0" outside="0" occluded="0" xtl="975.02" ytl="396.52" xbr="1063.94" ybr="479.27" z_order="0">
    </box>
    <box frame="91" keyframe="0" outside="0" occluded="0" xtl="974.86" ytl="396.89" xbr="1063.89" ybr="479.80" z_order="0">
    </box>
    <box frame="92" keyframe="0" outside="0" occluded="0" xtl="974.70" ytl="397.26" xbr="1063.83" ybr="480.33" z_order="0">
    </box>
    <box frame="93" keyframe="0" outside="0" occluded="0" xtl="974.54" ytl="397.63" xbr="1063.78" ybr="480.86" z_order="0">
    </box>
    <box frame="94" keyframe="0" outside="0" occluded="0" xtl="974.38" ytl="398.00" xbr="1063.73" ybr="481.39" z_order="0">
    </box>
    <box frame="95" keyframe="0" outside="0" occluded="0" xtl="974.23" ytl="398.37" xbr="1063.67" ybr="481.92" z_order="0">
    </box>
    <box frame="96" keyframe="0" outside="0" occluded="0" xtl="974.07" ytl="398.74" xbr="1063.62" ybr="482.45" z_order="0">
    </box>
    <box frame="97" keyframe="0" outside="0" occluded="0" xtl="973.91" ytl="399.11" xbr="1063.57" ybr="482.98" z_order="0">
    </box>
    <box frame="98" keyframe="0" outside="0" occluded="0" xtl="973.75" ytl="399.48" xbr="1063.51" ybr="483.51" z_order="0">
    </box>
    <box frame="99" keyframe="0" outside="0" occluded="0" xtl="973.59" ytl="399.86" xbr="1063.46" ybr="484.04" z_order="0">
    </box>
    <box frame="100" keyframe="0" outside="0" occluded="0" xtl="973.43" ytl="400.23" xbr="1063.41" ybr="484.57" z_order="0">
    </box>
    <box frame="101" keyframe="0" outside="0" occluded="0" xtl="973.27" ytl="400.60" xbr="1063.35" ybr="485.11" z_order="0">
    </box>
    <box frame="102" keyframe="0" outside="0" occluded="0" xtl="973.11" ytl="400.97" xbr="1063.30" ybr="485.64" z_order="0">
    </box>
    <box frame="103" keyframe="0" outside="0" occluded="0" xtl="972.95" ytl="401.34" xbr="1063.25" ybr="486.17" z_order="0">
    </box>
    <box frame="104" keyframe="0" outside="0" occluded="0" xtl="972.79" ytl="401.71" xbr="1063.19" ybr="486.70" z_order="0">
    </box>
    <box frame="105" keyframe="0" outside="0" occluded="0" xtl="972.64" ytl="402.08" xbr="1063.14" ybr="487.23" z_order="0">
    </box>
    <box frame="106" keyframe="0" outside="0" occluded="0" xtl="972.48" ytl="402.45" xbr="1063.09" ybr="487.76" z_order="0">
    </box>
    <box frame="107" keyframe="0" outside="0" occluded="0" xtl="972.32" ytl="402.82" xbr="1063.03" ybr="488.29" z_order="0">
    </box>
    <box frame="108" keyframe="0" outside="0" occluded="0" xtl="972.16" ytl="403.19" xbr="1062.98" ybr="488.82" z_order="0">
    </box>
    <box frame="109" keyframe="0" outside="0" occluded="0" xtl="972.00" ytl="403.56" xbr="1062.93" ybr="489.35" z_order="0">
    </box>
    <box frame="110" keyframe="0" outside="0" occluded="0" xtl="971.84" ytl="403.94" xbr="1062.87" ybr="489.88" z_order="0">
    </box>
    <box frame="111" keyframe="0" outside="0" occluded="0" xtl="971.68" ytl="404.31" xbr="1062.82" ybr="490.41" z_order="0">
    </box>
    <box frame="112" keyframe="0" outside="0" occluded="0" xtl="971.52" ytl="404.68" xbr="1062.77" ybr="490.95" z_order="0">
    </box>
    <box frame="113" keyframe="0" outside="0" occluded="0" xtl="971.36" ytl="405.05" xbr="1062.71" ybr="491.48" z_order="0">
    </box>
    <box frame="114" keyframe="0" outside="0" occluded="0" xtl="971.21" ytl="405.42" xbr="1062.66" ybr="492.01" z_order="0">
    </box>
    <box frame="115" keyframe="0" outside="0" occluded="0" xtl="971.05" ytl="405.79" xbr="1062.61" ybr="492.54" z_order="0">
    </box>
    <box frame="116" keyframe="0" outside="0" occluded="0" xtl="970.89" ytl="406.16" xbr="1062.55" ybr="493.07" z_order="0">
    </box>
    <box frame="117" keyframe="1" outside="0" occluded="0" xtl="970.73" ytl="406.53" xbr="1062.50" ybr="493.60" z_order="0">
    </box>
    <box frame="118" keyframe="0" outside="0" occluded="0" xtl="970.30" ytl="406.69" xbr="1062.29" ybr="493.98" z_order="0">
    </box>
    <box frame="119" keyframe="0" outside="0" occluded="0" xtl="969.86" ytl="406.84" xbr="1062.09" ybr="494.36" z_order="0">
    </box>
    <box frame="120" keyframe="0" outside="0" occluded="0" xtl="969.43" ytl="407.00" xbr="1061.88" ybr="494.74" z_order="0">
    </box>
    <box frame="121" keyframe="0" outside="0" occluded="0" xtl="969.00" ytl="407.15" xbr="1061.67" ybr="495.12" z_order="0">
    </box>
    <box frame="122" keyframe="0" outside="0" occluded="0" xtl="968.57" ytl="407.31" xbr="1061.46" ybr="495.50" z_order="0">
    </box>
    <box frame="123" keyframe="0" outside="0" occluded="0" xtl="968.14" ytl="407.46" xbr="1061.26" ybr="495.88" z_order="0">
    </box>
    <box frame="124" keyframe="0" outside="0" occluded="0" xtl="967.71" ytl="407.62" xbr="1061.05" ybr="496.26" z_order="0">
    </box>
    <box frame="125" keyframe="0" outside="0" occluded="0" xtl="967.27" ytl="407.78" xbr="1060.84" ybr="496.64" z_order="0">
    </box>
    <box frame="126" keyframe="0" outside="0" occluded="0" xtl="966.84" ytl="407.93" xbr="1060.63" ybr="497.02" z_order="0">
    </box>
    <box frame="127" keyframe="0" outside="0" occluded="0" xtl="966.41" ytl="408.09" xbr="1060.43" ybr="497.40" z_order="0">
    </box>
    <box frame="128" keyframe="0" outside="0" occluded="0" xtl="965.98" ytl="408.24" xbr="1060.22" ybr="497.78" z_order="0">
    </box>
    <box frame="129" keyframe="0" outside="0" occluded="0" xtl="965.55" ytl="408.40" xbr="1060.01" ybr="498.16" z_order="0">
    </box>
    <box frame="130" keyframe="0" outside="0" occluded="0" xtl="965.11" ytl="408.55" xbr="1059.81" ybr="498.54" z_order="0">
    </box>
    <box frame="131" keyframe="0" outside="0" occluded="0" xtl="964.68" ytl="408.71" xbr="1059.60" ybr="498.92" z_order="0">
    </box>
    <box frame="132" keyframe="0" outside="0" occluded="0" xtl="964.25" ytl="408.86" xbr="1059.39" ybr="499.30" z_order="0">
    </box>
    <box frame="133" keyframe="0" outside="0" occluded="0" xtl="963.82" ytl="409.02" xbr="1059.18" ybr="499.68" z_order="0">
    </box>
    <box frame="134" keyframe="0" outside="0" occluded="0" xtl="963.39" ytl="409.17" xbr="1058.98" ybr="500.06" z_order="0">
    </box>
    <box frame="135" keyframe="0" outside="0" occluded="0" xtl="962.95" ytl="409.33" xbr="1058.77" ybr="500.43" z_order="0">
    </box>
    <box frame="136" keyframe="0" outside="0" occluded="0" xtl="962.52" ytl="409.49" xbr="1058.56" ybr="500.81" z_order="0">
    </box>
    <box frame="137" keyframe="0" outside="0" occluded="0" xtl="962.09" ytl="409.64" xbr="1058.36" ybr="501.19" z_order="0">
    </box>
    <box frame="138" keyframe="0" outside="0" occluded="0" xtl="961.66" ytl="409.80" xbr="1058.15" ybr="501.57" z_order="0">
    </box>
    <box frame="139" keyframe="0" outside="0" occluded="0" xtl="961.23" ytl="409.95" xbr="1057.94" ybr="501.95" z_order="0">
    </box>
    <box frame="140" keyframe="0" outside="0" occluded="0" xtl="960.79" ytl="410.11" xbr="1057.73" ybr="502.33" z_order="0">
    </box>
    <box frame="141" keyframe="0" outside="0" occluded="0" xtl="960.36" ytl="410.26" xbr="1057.53" ybr="502.71" z_order="0">
    </box>
    <box frame="142" keyframe="0" outside="0" occluded="0" xtl="959.93" ytl="410.42" xbr="1057.32" ybr="503.09" z_order="0">
    </box>
    <box frame="143" keyframe="0" outside="0" occluded="0" xtl="959.50" ytl="410.57" xbr="1057.11" ybr="503.47" z_order="0">
    </box>
    <box frame="144" keyframe="0" outside="0" occluded="0" xtl="959.07" ytl="410.73" xbr="1056.90" ybr="503.85" z_order="0">
    </box>
    <box frame="145" keyframe="0" outside="0" occluded="0" xtl="958.64" ytl="410.88" xbr="1056.70" ybr="504.23" z_order="0">
    </box>
    <box frame="146" keyframe="0" outside="0" occluded="0" xtl="958.20" ytl="411.04" xbr="1056.49" ybr="504.61" z_order="0">
    </box>
    <box frame="147" keyframe="0" outside="0" occluded="0" xtl="957.77" ytl="411.20" xbr="1056.28" ybr="504.99" z_order="0">
    </box>
    <box frame="148" keyframe="0" outside="0" occluded="0" xtl="957.34" ytl="411.35" xbr="1056.08" ybr="505.37" z_order="0">
    </box>
    <box frame="149" keyframe="0" outside="0" occluded="0" xtl="956.91" ytl="411.51" xbr="1055.87" ybr="505.75" z_order="0">
    </box>
    <box frame="150" keyframe="0" outside="0" occluded="0" xtl="956.48" ytl="411.66" xbr="1055.66" ybr="506.13" z_order="0">
    </box>
    <box frame="151" keyframe="0" outside="0" occluded="0" xtl="956.04" ytl="411.82" xbr="1055.45" ybr="506.51" z_order="0">
    </box>
    <box frame="152" keyframe="0" outside="0" occluded="0" xtl="955.61" ytl="411.97" xbr="1055.25" ybr="506.89" z_order="0">
    </box>
    <box frame="153" keyframe="0" outside="0" occluded="0" xtl="955.18" ytl="412.13" xbr="1055.04" ybr="507.27" z_order="0">
    </box>
    <box frame="154" keyframe="0" outside="0" occluded="0" xtl="954.75" ytl="412.28" xbr="1054.83" ybr="507.65" z_order="0">
    </box>
    <box frame="155" keyframe="0" outside="0" occluded="0" xtl="954.32" ytl="412.44" xbr="1054.62" ybr="508.03" z_order="0">
    </box>
    <box frame="156" keyframe="0" outside="0" occluded="0" xtl="953.88" ytl="412.60" xbr="1054.42" ybr="508.41" z_order="0">
    </box>
    <box frame="157" keyframe="0" outside="0" occluded="0" xtl="953.45" ytl="412.75" xbr="1054.21" ybr="508.79" z_order="0">
    </box>
    <box frame="158" keyframe="0" outside="0" occluded="0" xtl="953.02" ytl="412.91" xbr="1054.00" ybr="509.17" z_order="0">
    </box>
    <box frame="159" keyframe="0" outside="0" occluded="0" xtl="952.59" ytl="413.06" xbr="1053.80" ybr="509.55" z_order="0">
    </box>
    <box frame="160" keyframe="0" outside="0" occluded="0" xtl="952.16" ytl="413.22" xbr="1053.59" ybr="509.93" z_order="0">
    </box>
    <box frame="161" keyframe="0" outside="0" occluded="0" xtl="951.73" ytl="413.37" xbr="1053.38" ybr="510.31" z_order="0">
    </box>
    <box frame="162" keyframe="0" outside="0" occluded="0" xtl="951.29" ytl="413.53" xbr="1053.17" ybr="510.69" z_order="0">
    </box>
    <box frame="163" keyframe="0" outside="0" occluded="0" xtl="950.86" ytl="413.68" xbr="1052.97" ybr="511.07" z_order="0">
    </box>
    <box frame="164" keyframe="0" outside="0" occluded="0" xtl="950.43" ytl="413.84" xbr="1052.76" ybr="511.45" z_order="0">
    </box>
    <box frame="165" keyframe="0" outside="0" occluded="0" xtl="950.00" ytl="413.99" xbr="1052.55" ybr="511.83" z_order="0">
    </box>
    <box frame="166" keyframe="0" outside="0" occluded="0" xtl="949.57" ytl="414.15" xbr="1052.34" ybr="512.21" z_order="0">
    </box>
    <box frame="167" keyframe="0" outside="0" occluded="0" xtl="949.13" ytl="414.31" xbr="1052.14" ybr="512.59" z_order="0">
    </box>
    <box frame="168" keyframe="0" outside="0" occluded="0" xtl="948.70" ytl="414.46" xbr="1051.93" ybr="512.97" z_order="0">
    </box>
    <box frame="169" keyframe="0" outside="0" occluded="0" xtl="948.27" ytl="414.62" xbr="1051.72" ybr="513.34" z_order="0">
    </box>
    <box frame="170" keyframe="0" outside="0" occluded="0" xtl="947.84" ytl="414.77" xbr="1051.52" ybr="513.72" z_order="0">
    </box>
    <box frame="171" keyframe="0" outside="0" occluded="0" xtl="947.41" ytl="414.93" xbr="1051.31" ybr="514.10" z_order="0">
    </box>
    <box frame="172" keyframe="0" outside="0" occluded="0" xtl="946.97" ytl="415.08" xbr="1051.10" ybr="514.48" z_order="0">
    </box>
    <box frame="173" keyframe="0" outside="0" occluded="0" xtl="946.54" ytl="415.24" xbr="1050.89" ybr="514.86" z_order="0">
    </box>
    <box frame="174" keyframe="0" outside="0" occluded="0" xtl="946.11" ytl="415.39" xbr="1050.69" ybr="515.24" z_order="0">
    </box>
    <box frame="175" keyframe="0" outside="0" occluded="0" xtl="945.68" ytl="415.55" xbr="1050.48" ybr="515.62" z_order="0">
    </box>
    <box frame="176" keyframe="0" outside="0" occluded="0" xtl="945.25" ytl="415.70" xbr="1050.27" ybr="516.00" z_order="0">
    </box>
    <box frame="177" keyframe="0" outside="0" occluded="0" xtl="944.81" ytl="415.86" xbr="1050.07" ybr="516.38" z_order="0">
    </box>
    <box frame="178" keyframe="0" outside="0" occluded="0" xtl="944.38" ytl="416.02" xbr="1049.86" ybr="516.76" z_order="0">
    </box>
    <box frame="179" keyframe="0" outside="0" occluded="0" xtl="943.95" ytl="416.17" xbr="1049.65" ybr="517.14" z_order="0">
    </box>
    <box frame="180" keyframe="0" outside="0" occluded="0" xtl="943.52" ytl="416.33" xbr="1049.44" ybr="517.52" z_order="0">
    </box>
    <box frame="181" keyframe="0" outside="0" occluded="0" xtl="943.09" ytl="416.48" xbr="1049.24" ybr="517.90" z_order="0">
    </box>
    <box frame="182" keyframe="0" outside="0" occluded="0" xtl="942.66" ytl="416.64" xbr="1049.03" ybr="518.28" z_order="0">
    </box>
    <box frame="183" keyframe="0" outside="0" occluded="0" xtl="942.22" ytl="416.79" xbr="1048.82" ybr="518.66" z_order="0">
    </box>
    <box frame="184" keyframe="0" outside="0" occluded="0" xtl="941.79" ytl="416.95" xbr="1048.61" ybr="519.04" z_order="0">
    </box>
    <box frame="185" keyframe="0" outside="0" occluded="0" xtl="941.36" ytl="417.10" xbr="1048.41" ybr="519.42" z_order="0">
    </box>
    <box frame="186" keyframe="1" outside="0" occluded="0" xtl="940.93" ytl="417.26" xbr="1048.20" ybr="519.80" z_order="0">
    </box>
    <box frame="187" keyframe="0" outside="0" occluded="0" xtl="940.17" ytl="417.98" xbr="1047.84" ybr="521.07" z_order="0">
    </box>
    <box frame="188" keyframe="0" outside="0" occluded="0" xtl="939.42" ytl="418.69" xbr="1047.49" ybr="522.34" z_order="0">
    </box>
    <box frame="189" keyframe="0" outside="0" occluded="0" xtl="938.66" ytl="419.41" xbr="1047.13" ybr="523.61" z_order="0">
    </box>
    <box frame="190" keyframe="0" outside="0" occluded="0" xtl="937.91" ytl="420.12" xbr="1046.77" ybr="524.88" z_order="0">
    </box>
    <box frame="191" keyframe="0" outside="0" occluded="0" xtl="937.15" ytl="420.84" xbr="1046.42" ybr="526.15" z_order="0">
    </box>
    <box frame="192" keyframe="0" outside="0" occluded="0" xtl="936.40" ytl="421.55" xbr="1046.06" ybr="527.42" z_order="0">
    </box>
    <box frame="193" keyframe="0" outside="0" occluded="0" xtl="935.64" ytl="422.27" xbr="1045.70" ybr="528.69" z_order="0">
    </box>
    <box frame="194" keyframe="0" outside="0" occluded="0" xtl="934.89" ytl="422.98" xbr="1045.35" ybr="529.96" z_order="0">
    </box>
    <box frame="195" keyframe="0" outside="0" occluded="0" xtl="934.13" ytl="423.70" xbr="1044.99" ybr="531.23" z_order="0">
    </box>
    <box frame="196" keyframe="0" outside="0" occluded="0" xtl="933.38" ytl="424.41" xbr="1044.63" ybr="532.50" z_order="0">
    </box>
    <box frame="197" keyframe="0" outside="0" occluded="0" xtl="932.62" ytl="425.13" xbr="1044.28" ybr="533.77" z_order="0">
    </box>
    <box frame="198" keyframe="0" outside="0" occluded="0" xtl="931.87" ytl="425.84" xbr="1043.92" ybr="535.04" z_order="0">
    </box>
    <box frame="199" keyframe="0" outside="0" occluded="0" xtl="931.11" ytl="426.56" xbr="1043.56" ybr="536.31" z_order="0">
    </box>
    <box frame="200" keyframe="0" outside="0" occluded="0" xtl="930.36" ytl="427.27" xbr="1043.21" ybr="537.58" z_order="0">
    </box>
    <box frame="201" keyframe="0" outside="0" occluded="0" xtl="929.60" ytl="427.99" xbr="1042.85" ybr="538.85" z_order="0">
    </box>
    <box frame="202" keyframe="0" outside="0" occluded="0" xtl="928.85" ytl="428.70" xbr="1042.49" ybr="540.12" z_order="0">
    </box>
    <box frame="203" keyframe="0" outside="0" occluded="0" xtl="928.09" ytl="429.42" xbr="1042.14" ybr="541.39" z_order="0">
    </box>
    <box frame="204" keyframe="0" outside="0" occluded="0" xtl="927.34" ytl="430.13" xbr="1041.78" ybr="542.66" z_order="0">
    </box>
    <box frame="205" keyframe="0" outside="0" occluded="0" xtl="926.58" ytl="430.85" xbr="1041.42" ybr="543.93" z_order="0">
    </box>
    <box frame="206" keyframe="0" outside="0" occluded="0" xtl="925.83" ytl="431.56" xbr="1041.07" ybr="545.20" z_order="0">
    </box>
    <box frame="207" keyframe="0" outside="0" occluded="0" xtl="925.07" ytl="432.28" xbr="1040.71" ybr="546.47" z_order="0">
    </box>
    <box frame="208" keyframe="0" outside="0" occluded="0" xtl="924.32" ytl="432.99" xbr="1040.35" ybr="547.74" z_order="0">
    </box>
    <box frame="209" keyframe="0" outside="0" occluded="0" xtl="923.56" ytl="433.71" xbr="1040.00" ybr="549.01" z_order="0">
    </box>
    <box frame="210" keyframe="0" outside="0" occluded="0" xtl="922.81" ytl="434.43" xbr="1039.64" ybr="550.28" z_order="0">
    </box>
    <box frame="211" keyframe="0" outside="0" occluded="0" xtl="922.05" ytl="435.14" xbr="1039.28" ybr="551.55" z_order="0">
    </box>
    <box frame="212" keyframe="0" outside="0" occluded="0" xtl="921.30" ytl="435.86" xbr="1038.93" ybr="552.82" z_order="0">
    </box>
    <box frame="213" keyframe="0" outside="0" occluded="0" xtl="920.54" ytl="436.57" xbr="1038.57" ybr="554.09" z_order="0">
    </box>
    <box frame="214" keyframe="0" outside="0" occluded="0" xtl="919.79" ytl="437.29" xbr="1038.21" ybr="555.36" z_order="0">
    </box>
    <box frame="215" keyframe="0" outside="0" occluded="0" xtl="919.03" ytl="438.00" xbr="1037.86" ybr="556.63" z_order="0">
    </box>
    <box frame="216" keyframe="1" outside="0" occluded="0" xtl="918.28" ytl="438.72" xbr="1037.50" ybr="557.90" z_order="0">
    </box>
    <box frame="217" keyframe="0" outside="0" occluded="0" xtl="917.65" ytl="440.00" xbr="1036.87" ybr="559.18" z_order="0">
    </box>
    <box frame="218" keyframe="0" outside="0" occluded="0" xtl="917.03" ytl="441.28" xbr="1036.25" ybr="560.46" z_order="0">
    </box>
    <box frame="219" keyframe="0" outside="0" occluded="0" xtl="916.40" ytl="442.56" xbr="1035.62" ybr="561.74" z_order="0">
    </box>
    <box frame="220" keyframe="0" outside="0" occluded="0" xtl="915.78" ytl="443.84" xbr="1035.00" ybr="563.03" z_order="0">
    </box>
    <box frame="221" keyframe="0" outside="0" occluded="0" xtl="915.15" ytl="445.12" xbr="1034.37" ybr="564.31" z_order="0">
    </box>
    <box frame="222" keyframe="0" outside="0" occluded="0" xtl="914.52" ytl="446.41" xbr="1033.75" ybr="565.59" z_order="0">
    </box>
    <box frame="223" keyframe="0" outside="0" occluded="0" xtl="913.90" ytl="447.69" xbr="1033.12" ybr="566.87" z_order="0">
    </box>
    <box frame="224" keyframe="0" outside="0" occluded="0" xtl="913.27" ytl="448.97" xbr="1032.49" ybr="568.15" z_order="0">
    </box>
    <box frame="225" keyframe="0" outside="0" occluded="0" xtl="912.65" ytl="450.25" xbr="1031.87" ybr="569.43" z_order="0">
    </box>
    <box frame="226" keyframe="0" outside="0" occluded="0" xtl="912.02" ytl="451.53" xbr="1031.24" ybr="570.71" z_order="0">
    </box>
    <box frame="227" keyframe="0" outside="0" occluded="0" xtl="911.40" ytl="452.81" xbr="1030.62" ybr="572.00" z_order="0">
    </box>
    <box frame="228" keyframe="0" outside="0" occluded="0" xtl="910.77" ytl="454.09" xbr="1029.99" ybr="573.28" z_order="0">
    </box>
    <box frame="229" keyframe="0" outside="0" occluded="0" xtl="910.14" ytl="455.38" xbr="1029.36" ybr="574.56" z_order="0">
    </box>
    <box frame="230" keyframe="0" outside="0" occluded="0" xtl="909.52" ytl="456.66" xbr="1028.74" ybr="575.84" z_order="0">
    </box>
    <box frame="231" keyframe="0" outside="0" occluded="0" xtl="908.89" ytl="457.94" xbr="1028.11" ybr="577.12" z_order="0">
    </box>
    <box frame="232" keyframe="0" outside="0" occluded="0" xtl="908.27" ytl="459.22" xbr="1027.49" ybr="578.40" z_order="0">
    </box>
    <box frame="233" keyframe="0" outside="0" occluded="0" xtl="907.64" ytl="460.50" xbr="1026.86" ybr="579.68" z_order="0">
    </box>
    <box frame="234" keyframe="0" outside="0" occluded="0" xtl="907.01" ytl="461.78" xbr="1026.24" ybr="580.97" z_order="0">
    </box>
    <box frame="235" keyframe="0" outside="0" occluded="0" xtl="906.39" ytl="463.06" xbr="1025.61" ybr="582.25" z_order="0">
    </box>
    <box frame="236" keyframe="0" outside="0" occluded="0" xtl="905.76" ytl="464.35" xbr="1024.98" ybr="583.53" z_order="0">
    </box>
    <box frame="237" keyframe="0" outside="0" occluded="0" xtl="905.14" ytl="465.63" xbr="1024.36" ybr="584.81" z_order="0">
    </box>
    <box frame="238" keyframe="0" outside="0" occluded="0" xtl="904.51" ytl="466.91" xbr="1023.73" ybr="586.09" z_order="0">
    </box>
    <box frame="239" keyframe="0" outside="0" occluded="0" xtl="903.89" ytl="468.19" xbr="1023.11" ybr="587.37" z_order="0">
    </box>
    <box frame="240" keyframe="0" outside="0" occluded="0" xtl="903.26" ytl="469.47" xbr="1022.48" ybr="588.65" z_order="0">
    </box>
    <box frame="241" keyframe="0" outside="0" occluded="0" xtl="902.63" ytl="470.75" xbr="1021.85" ybr="589.94" z_order="0">
    </box>
    <box frame="242" keyframe="0" outside="0" occluded="0" xtl="902.01" ytl="472.03" xbr="1021.23" ybr="591.22" z_order="0">
    </box>
    <box frame="243" keyframe="0" outside="0" occluded="0" xtl="901.38" ytl="473.32" xbr="1020.60" ybr="592.50" z_order="0">
    </box>
    <box frame="244" keyframe="0" outside="0" occluded="0" xtl="900.76" ytl="474.60" xbr="1019.98" ybr="593.78" z_order="0">
    </box>
    <box frame="245" keyframe="0" outside="0" occluded="0" xtl="900.13" ytl="475.88" xbr="1019.35" ybr="595.06" z_order="0">
    </box>
    <box frame="246" keyframe="0" outside="0" occluded="0" xtl="899.50" ytl="477.16" xbr="1018.73" ybr="596.34" z_order="0">
    </box>
    <box frame="247" keyframe="0" outside="0" occluded="0" xtl="898.88" ytl="478.44" xbr="1018.10" ybr="597.62" z_order="0">
    </box>
    <box frame="248" keyframe="0" outside="0" occluded="0" xtl="898.25" ytl="479.72" xbr="1017.47" ybr="598.91" z_order="0">
    </box>
    <box frame="249" keyframe="0" outside="0" occluded="0" xtl="897.63" ytl="481.00" xbr="1016.85" ybr="600.19" z_order="0">
    </box>
    <box frame="250" keyframe="0" outside="0" occluded="0" xtl="897.00" ytl="482.29" xbr="1016.22" ybr="601.47" z_order="0">
    </box>
    <box frame="251" keyframe="0" outside="0" occluded="0" xtl="896.38" ytl="483.57" xbr="1015.60" ybr="602.75" z_order="0">
    </box>
    <box frame="252" keyframe="0" outside="0" occluded="0" xtl="895.75" ytl="484.85" xbr="1014.97" ybr="604.03" z_order="0">
    </box>
    <box frame="253" keyframe="0" outside="0" occluded="0" xtl="895.12" ytl="486.13" xbr="1014.34" ybr="605.31" z_order="0">
    </box>
    <box frame="254" keyframe="0" outside="0" occluded="0" xtl="894.50" ytl="487.41" xbr="1013.72" ybr="606.59" z_order="0">
    </box>
    <box frame="255" keyframe="0" outside="0" occluded="0" xtl="893.87" ytl="488.69" xbr="1013.09" ybr="607.88" z_order="0">
    </box>
    <box frame="256" keyframe="1" outside="0" occluded="0" xtl="893.25" ytl="489.97" xbr="1012.47" ybr="609.16" z_order="0">
    </box>
    <box frame="257" keyframe="0" outside="0" occluded="0" xtl="892.85" ytl="490.97" xbr="1012.93" ybr="610.68" z_order="0">
    </box>
    <box frame="258" keyframe="0" outside="0" occluded="0" xtl="892.45" ytl="491.96" xbr="1013.39" ybr="612.21" z_order="0">
    </box>
    <box frame="259" keyframe="0" outside="0" occluded="0" xtl="892.05" ytl="492.95" xbr="1013.86" ybr="613.73" z_order="0">
    </box>
    <box frame="260" keyframe="0" outside="0" occluded="0" xtl="891.66" ytl="493.95" xbr="1014.32" ybr="615.26" z_order="0">
    </box>
    <box frame="261" keyframe="0" outside="0" occluded="0" xtl="891.26" ytl="494.94" xbr="1014.78" ybr="616.78" z_order="0">
    </box>
    <box frame="262" keyframe="0" outside="0" occluded="0" xtl="890.86" ytl="495.93" xbr="1015.24" ybr="618.31" z_order="0">
    </box>
    <box frame="263" keyframe="0" outside="0" occluded="0" xtl="890.46" ytl="496.93" xbr="1015.71" ybr="619.83" z_order="0">
    </box>
    <box frame="264" keyframe="0" outside="0" occluded="0" xtl="890.07" ytl="497.92" xbr="1016.17" ybr="621.35" z_order="0">
    </box>
    <box frame="265" keyframe="0" outside="0" occluded="0" xtl="889.67" ytl="498.92" xbr="1016.63" ybr="622.88" z_order="0">
    </box>
    <box frame="266" keyframe="0" outside="0" occluded="0" xtl="889.27" ytl="499.91" xbr="1017.10" ybr="624.40" z_order="0">
    </box>
    <box frame="267" keyframe="0" outside="0" occluded="0" xtl="888.88" ytl="500.90" xbr="1017.56" ybr="625.93" z_order="0">
    </box>
    <box frame="268" keyframe="0" outside="0" occluded="0" xtl="888.48" ytl="501.90" xbr="1018.02" ybr="627.45" z_order="0">
    </box>
    <box frame="269" keyframe="0" outside="0" occluded="0" xtl="888.08" ytl="502.89" xbr="1018.49" ybr="628.98" z_order="0">
    </box>
    <box frame="270" keyframe="0" outside="0" occluded="0" xtl="887.68" ytl="503.88" xbr="1018.95" ybr="630.50" z_order="0">
    </box>
    <box frame="271" keyframe="0" outside="0" occluded="0" xtl="887.29" ytl="504.88" xbr="1019.41" ybr="632.03" z_order="0">
    </box>
    <box frame="272" keyframe="0" outside="0" occluded="0" xtl="886.89" ytl="505.87" xbr="1019.87" ybr="633.55" z_order="0">
    </box>
    <box frame="273" keyframe="0" outside="0" occluded="0" xtl="886.49" ytl="506.86" xbr="1020.34" ybr="635.08" z_order="0">
    </box>
    <box frame="274" keyframe="1" outside="0" occluded="0" xtl="886.09" ytl="507.86" xbr="1020.80" ybr="636.60" z_order="0">
    </box>
    <box frame="275" keyframe="0" outside="0" occluded="0" xtl="885.77" ytl="508.96" xbr="1020.48" ybr="637.70" z_order="0">
    </box>
    <box frame="276" keyframe="0" outside="0" occluded="0" xtl="885.45" ytl="510.06" xbr="1020.16" ybr="638.80" z_order="0">
    </box>
    <box frame="277" keyframe="0" outside="0" occluded="0" xtl="885.13" ytl="511.16" xbr="1019.84" ybr="639.90" z_order="0">
    </box>
    <box frame="278" keyframe="0" outside="0" occluded="0" xtl="884.81" ytl="512.26" xbr="1019.52" ybr="641.00" z_order="0">
    </box>
    <box frame="279" keyframe="0" outside="0" occluded="0" xtl="884.49" ytl="513.36" xbr="1019.20" ybr="642.10" z_order="0">
    </box>
    <box frame="280" keyframe="0" outside="0" occluded="0" xtl="884.17" ytl="514.46" xbr="1018.87" ybr="643.20" z_order="0">
    </box>
    <box frame="281" keyframe="0" outside="0" occluded="0" xtl="883.85" ytl="515.56" xbr="1018.55" ybr="644.30" z_order="0">
    </box>
    <box frame="282" keyframe="0" outside="0" occluded="0" xtl="883.53" ytl="516.66" xbr="1018.23" ybr="645.40" z_order="0">
    </box>
    <box frame="283" keyframe="0" outside="0" occluded="0" xtl="883.21" ytl="517.76" xbr="1017.91" ybr="646.50" z_order="0">
    </box>
    <box frame="284" keyframe="0" outside="0" occluded="0" xtl="882.88" ytl="518.86" xbr="1017.59" ybr="647.60" z_order="0">
    </box>
    <box frame="285" keyframe="0" outside="0" occluded="0" xtl="882.56" ytl="519.96" xbr="1017.27" ybr="648.70" z_order="0">
    </box>
    <box frame="286" keyframe="0" outside="0" occluded="0" xtl="882.24" ytl="521.06" xbr="1016.95" ybr="649.80" z_order="0">
    </box>
    <box frame="287" keyframe="0" outside="0" occluded="0" xtl="881.92" ytl="522.16" xbr="1016.63" ybr="650.90" z_order="0">
    </box>
    <box frame="288" keyframe="0" outside="0" occluded="0" xtl="881.60" ytl="523.26" xbr="1016.31" ybr="652.01" z_order="0">
    </box>
    <box frame="289" keyframe="0" outside="0" occluded="0" xtl="881.28" ytl="524.36" xbr="1015.99" ybr="653.11" z_order="0">
    </box>
    <box frame="290" keyframe="0" outside="0" occluded="0" xtl="880.96" ytl="525.46" xbr="1015.67" ybr="654.21" z_order="0">
    </box>
    <box frame="291" keyframe="0" outside="0" occluded="0" xtl="880.64" ytl="526.56" xbr="1015.34" ybr="655.31" z_order="0">
    </box>
    <box frame="292" keyframe="0" outside="0" occluded="0" xtl="880.32" ytl="527.66" xbr="1015.02" ybr="656.41" z_order="0">
    </box>
    <box frame="293" keyframe="0" outside="0" occluded="0" xtl="880.00" ytl="528.76" xbr="1014.70" ybr="657.51" z_order="0">
    </box>
    <box frame="294" keyframe="0" outside="0" occluded="0" xtl="879.68" ytl="529.86" xbr="1014.38" ybr="658.61" z_order="0">
    </box>
    <box frame="295" keyframe="0" outside="0" occluded="0" xtl="879.35" ytl="530.96" xbr="1014.06" ybr="659.71" z_order="0">
    </box>
    <box frame="296" keyframe="0" outside="0" occluded="0" xtl="879.03" ytl="532.06" xbr="1013.74" ybr="660.81" z_order="0">
    </box>
    <box frame="297" keyframe="0" outside="0" occluded="0" xtl="878.71" ytl="533.16" xbr="1013.42" ybr="661.91" z_order="0">
    </box>
    <box frame="298" keyframe="0" outside="0" occluded="0" xtl="878.39" ytl="534.26" xbr="1013.10" ybr="663.01" z_order="0">
    </box>
    <box frame="299" keyframe="0" outside="0" occluded="0" xtl="878.07" ytl="535.36" xbr="1012.78" ybr="664.11" z_order="0">
    </box>
    <box frame="300" keyframe="1" outside="0" occluded="0" xtl="877.75" ytl="536.46" xbr="1012.46" ybr="665.21" z_order="0">
    </box>
    <box frame="301" keyframe="0" outside="0" occluded="0" xtl="877.15" ytl="536.78" xbr="1012.16" ybr="665.91" z_order="0">
    </box>
    <box frame="302" keyframe="0" outside="0" occluded="0" xtl="876.56" ytl="537.10" xbr="1011.86" ybr="666.61" z_order="0">
    </box>
    <box frame="303" keyframe="0" outside="0" occluded="0" xtl="875.96" ytl="537.42" xbr="1011.56" ybr="667.31" z_order="0">
    </box>
    <box frame="304" keyframe="0" outside="0" occluded="0" xtl="875.37" ytl="537.74" xbr="1011.27" ybr="668.02" z_order="0">
    </box>
    <box frame="305" keyframe="0" outside="0" occluded="0" xtl="874.77" ytl="538.06" xbr="1010.97" ybr="668.72" z_order="0">
    </box>
    <box frame="306" keyframe="0" outside="0" occluded="0" xtl="874.17" ytl="538.38" xbr="1010.67" ybr="669.42" z_order="0">
    </box>
    <box frame="307" keyframe="0" outside="0" occluded="0" xtl="873.58" ytl="538.70" xbr="1010.37" ybr="670.12" z_order="0">
    </box>
    <box frame="308" keyframe="0" outside="0" occluded="0" xtl="872.98" ytl="539.02" xbr="1010.08" ybr="670.82" z_order="0">
    </box>
    <box frame="309" keyframe="0" outside="0" occluded="0" xtl="872.39" ytl="539.34" xbr="1009.78" ybr="671.52" z_order="0">
    </box>
    <box frame="310" keyframe="0" outside="0" occluded="0" xtl="871.79" ytl="539.66" xbr="1009.48" ybr="672.23" z_order="0">
    </box>
    <box frame="311" keyframe="0" outside="0" occluded="0" xtl="871.19" ytl="539.98" xbr="1009.18" ybr="672.93" z_order="0">
    </box>
    <box frame="312" keyframe="0" outside="0" occluded="0" xtl="870.60" ytl="540.30" xbr="1008.89" ybr="673.63" z_order="0">
    </box>
    <box frame="313" keyframe="0" outside="0" occluded="0" xtl="870.00" ytl="540.62" xbr="1008.59" ybr="674.33" z_order="0">
    </box>
    <box frame="314" keyframe="0" outside="0" occluded="0" xtl="869.41" ytl="540.94" xbr="1008.29" ybr="675.03" z_order="0">
    </box>
    <box frame="315" keyframe="0" outside="0" occluded="0" xtl="868.81" ytl="541.25" xbr="1007.99" ybr="675.73" z_order="0">
    </box>
    <box frame="316" keyframe="0" outside="0" occluded="0" xtl="868.21" ytl="541.57" xbr="1007.70" ybr="676.44" z_order="0">
    </box>
    <box frame="317" keyframe="0" outside="0" occluded="0" xtl="867.62" ytl="541.89" xbr="1007.40" ybr="677.14" z_order="0">
    </box>
    <box frame="318" keyframe="0" outside="0" occluded="0" xtl="867.02" ytl="542.21" xbr="1007.10" ybr="677.84" z_order="0">
    </box>
    <box frame="319" keyframe="0" outside="0" occluded="0" xtl="866.43" ytl="542.53" xbr="1006.81" ybr="678.54" z_order="0">
    </box>
    <box frame="320" keyframe="0" outside="0" occluded="0" xtl="865.83" ytl="542.85" xbr="1006.51" ybr="679.24" z_order="0">
    </box>
    <box frame="321" keyframe="0" outside="0" occluded="0" xtl="865.23" ytl="543.17" xbr="1006.21" ybr="679.94" z_order="0">
    </box>
    <box frame="322" keyframe="0" outside="0" occluded="0" xtl="864.64" ytl="543.49" xbr="1005.91" ybr="680.64" z_order="0">
    </box>
    <box frame="323" keyframe="0" outside="0" occluded="0" xtl="864.04" ytl="543.81" xbr="1005.62" ybr="681.35" z_order="0">
    </box>
    <box frame="324" keyframe="0" outside="0" occluded="0" xtl="863.45" ytl="544.13" xbr="1005.32" ybr="682.05" z_order="0">
    </box>
    <box frame="325" keyframe="0" outside="0" occluded="0" xtl="862.85" ytl="544.45" xbr="1005.02" ybr="682.75" z_order="0">
    </box>
    <box frame="326" keyframe="0" outside="0" occluded="0" xtl="862.25" ytl="544.77" xbr="1004.72" ybr="683.45" z_order="0">
    </box>
    <box frame="327" keyframe="0" outside="0" occluded="0" xtl="861.66" ytl="545.09" xbr="1004.43" ybr="684.15" z_order="0">
    </box>
    <box frame="328" keyframe="0" outside="0" occluded="0" xtl="861.06" ytl="545.41" xbr="1004.13" ybr="684.85" z_order="0">
    </box>
    <box frame="329" keyframe="0" outside="0" occluded="0" xtl="860.47" ytl="545.72" xbr="1003.83" ybr="685.56" z_order="0">
    </box>
    <box frame="330" keyframe="0" outside="0" occluded="0" xtl="859.87" ytl="546.04" xbr="1003.53" ybr="686.26" z_order="0">
    </box>
    <box frame="331" keyframe="0" outside="0" occluded="0" xtl="859.27" ytl="546.36" xbr="1003.24" ybr="686.96" z_order="0">
    </box>
    <box frame="332" keyframe="0" outside="0" occluded="0" xtl="858.68" ytl="546.68" xbr="1002.94" ybr="687.66" z_order="0">
    </box>
    <box frame="333" keyframe="0" outside="0" occluded="0" xtl="858.08" ytl="547.00" xbr="1002.64" ybr="688.36" z_order="0">
    </box>
    <box frame="334" keyframe="0" outside="0" occluded="0" xtl="857.49" ytl="547.32" xbr="1002.34" ybr="689.06" z_order="0">
    </box>
    <box frame="335" keyframe="0" outside="0" occluded="0" xtl="856.89" ytl="547.64" xbr="1002.05" ybr="689.77" z_order="0">
    </box>
    <box frame="336" keyframe="0" outside="0" occluded="0" xtl="856.29" ytl="547.96" xbr="1001.75" ybr="690.47" z_order="0">
    </box>
    <box frame="337" keyframe="0" outside="0" occluded="0" xtl="855.70" ytl="548.28" xbr="1001.45" ybr="691.17" z_order="0">
    </box>
    <box frame="338" keyframe="0" outside="0" occluded="0" xtl="855.10" ytl="548.60" xbr="1001.15" ybr="691.87" z_order="0">
    </box>
    <box frame="339" keyframe="0" outside="0" occluded="0" xtl="854.51" ytl="548.92" xbr="1000.86" ybr="692.57" z_order="0">
    </box>
    <box frame="340" keyframe="0" outside="0" occluded="0" xtl="853.91" ytl="549.24" xbr="1000.56" ybr="693.27" z_order="0">
    </box>
    <box frame="341" keyframe="0" outside="0" occluded="0" xtl="853.31" ytl="549.56" xbr="1000.26" ybr="693.98" z_order="0">
    </box>
    <box frame="342" keyframe="0" outside="0" occluded="0" xtl="852.72" ytl="549.88" xbr="999.96" ybr="694.68" z_order="0">
    </box>
    <box frame="343" keyframe="0" outside="0" occluded="0" xtl="852.12" ytl="550.19" xbr="999.67" ybr="695.38" z_order="0">
    </box>
    <box frame="344" keyframe="0" outside="0" occluded="0" xtl="851.53" ytl="550.51" xbr="999.37" ybr="696.08" z_order="0">
    </box>
    <box frame="345" keyframe="0" outside="0" occluded="0" xtl="850.93" ytl="550.83" xbr="999.07" ybr="696.78" z_order="0">
    </box>
    <box frame="346" keyframe="0" outside="0" occluded="0" xtl="850.33" ytl="551.15" xbr="998.77" ybr="697.48" z_order="0">
    </box>
    <box frame="347" keyframe="0" outside="0" occluded="0" xtl="849.74" ytl="551.47" xbr="998.48" ybr="698.19" z_order="0">
    </box>
    <box frame="348" keyframe="0" outside="0" occluded="0" xtl="849.14" ytl="551.79" xbr="998.18" ybr="698.89" z_order="0">
    </box>
    <box frame="349" keyframe="0" outside="0" occluded="0" xtl="848.55" ytl="552.11" xbr="997.88" ybr="699.59" z_order="0">
    </box>
    <box frame="350" keyframe="0" outside="0" occluded="0" xtl="847.95" ytl="552.43" xbr="997.58" ybr="700.29" z_order="0">
    </box>
    <box frame="351" keyframe="0" outside="0" occluded="0" xtl="847.35" ytl="552.75" xbr="997.29" ybr="700.99" z_order="0">
    </box>
    <box frame="352" keyframe="0" outside="0" occluded="0" xtl="846.76" ytl="553.07" xbr="996.99" ybr="701.69" z_order="0">
    </box>
    <box frame="353" keyframe="0" outside="0" occluded="0" xtl="846.16" ytl="553.39" xbr="996.69" ybr="702.40" z_order="0">
    </box>
    <box frame="354" keyframe="0" outside="0" occluded="0" xtl="845.57" ytl="553.71" xbr="996.39" ybr="703.10" z_order="0">
    </box>
    <box frame="355" keyframe="0" outside="0" occluded="0" xtl="844.97" ytl="554.03" xbr="996.10" ybr="703.80" z_order="0">
    </box>
    <box frame="356" keyframe="1" outside="0" occluded="0" xtl="844.37" ytl="554.35" xbr="995.80" ybr="704.50" z_order="0">
    </box>
    <box frame="357" keyframe="0" outside="0" occluded="0" xtl="843.80" ytl="554.85" xbr="995.22" ybr="705.01" z_order="0">
    </box>
    <box frame="358" keyframe="0" outside="0" occluded="0" xtl="843.22" ytl="555.36" xbr="994.64" ybr="705.51" z_order="0">
    </box>
    <box frame="359" keyframe="0" outside="0" occluded="0" xtl="842.64" ytl="555.86" xbr="994.07" ybr="706.02" z_order="0">
    </box>
    <box frame="360" keyframe="0" outside="0" occluded="0" xtl="842.06" ytl="556.37" xbr="993.49" ybr="706.52" z_order="0">
    </box>
    <box frame="361" keyframe="0" outside="0" occluded="0" xtl="841.48" ytl="556.87" xbr="992.91" ybr="707.03" z_order="0">
    </box>
    <box frame="362" keyframe="0" outside="0" occluded="0" xtl="840.91" ytl="557.38" xbr="992.33" ybr="707.53" z_order="0">
    </box>
    <box frame="363" keyframe="0" outside="0" occluded="0" xtl="840.33" ytl="557.89" xbr="991.75" ybr="708.04" z_order="0">
    </box>
    <box frame="364" keyframe="0" outside="0" occluded="0" xtl="839.75" ytl="558.39" xbr="991.18" ybr="708.55" z_order="0">
    </box>
    <box frame="365" keyframe="0" outside="0" occluded="0" xtl="839.17" ytl="558.90" xbr="990.60" ybr="709.05" z_order="0">
    </box>
    <box frame="366" keyframe="0" outside="0" occluded="0" xtl="838.59" ytl="559.40" xbr="990.02" ybr="709.56" z_order="0">
    </box>
    <box frame="367" keyframe="0" outside="0" occluded="0" xtl="838.02" ytl="559.91" xbr="989.44" ybr="710.06" z_order="0">
    </box>
    <box frame="368" keyframe="0" outside="0" occluded="0" xtl="837.44" ytl="560.41" xbr="988.86" ybr="710.57" z_order="0">
    </box>
    <box frame="369" keyframe="0" outside="0" occluded="0" xtl="836.86" ytl="560.92" xbr="988.29" ybr="711.07" z_order="0">
    </box>
    <box frame="370" keyframe="0" outside="0" occluded="0" xtl="836.28" ytl="561.43" xbr="987.71" ybr="711.58" z_order="0">
    </box>
    <box frame="371" keyframe="0" outside="0" occluded="0" xtl="835.70" ytl="561.93" xbr="987.13" ybr="712.09" z_order="0">
    </box>
    <box frame="372" keyframe="0" outside="0" occluded="0" xtl="835.13" ytl="562.44" xbr="986.55" ybr="712.59" z_order="0">
    </box>
    <box frame="373" keyframe="0" outside="0" occluded="0" xtl="834.55" ytl="562.94" xbr="985.97" ybr="713.10" z_order="0">
    </box>
    <box frame="374" keyframe="0" outside="0" occluded="0" xtl="833.97" ytl="563.45" xbr="985.40" ybr="713.60" z_order="0">
    </box>
    <box frame="375" keyframe="0" outside="0" occluded="0" xtl="833.39" ytl="563.95" xbr="984.82" ybr="714.11" z_order="0">
    </box>
    <box frame="376" keyframe="0" outside="0" occluded="0" xtl="832.81" ytl="564.46" xbr="984.24" ybr="714.61" z_order="0">
    </box>
    <box frame="377" keyframe="0" outside="0" occluded="0" xtl="832.24" ytl="564.97" xbr="983.66" ybr="715.12" z_order="0">
    </box>
    <box frame="378" keyframe="0" outside="0" occluded="0" xtl="831.66" ytl="565.47" xbr="983.09" ybr="715.63" z_order="0">
    </box>
    <box frame="379" keyframe="0" outside="0" occluded="0" xtl="831.08" ytl="565.98" xbr="982.51" ybr="716.13" z_order="0">
    </box>
    <box frame="380" keyframe="0" outside="0" occluded="0" xtl="830.50" ytl="566.48" xbr="981.93" ybr="716.64" z_order="0">
    </box>
    <box frame="381" keyframe="0" outside="0" occluded="0" xtl="829.92" ytl="566.99" xbr="981.35" ybr="717.14" z_order="0">
    </box>
    <box frame="382" keyframe="0" outside="0" occluded="0" xtl="829.35" ytl="567.49" xbr="980.77" ybr="717.65" z_order="0">
    </box>
    <box frame="383" keyframe="0" outside="0" occluded="0" xtl="828.77" ytl="568.00" xbr="980.20" ybr="718.16" z_order="0">
    </box>
    <box frame="384" keyframe="0" outside="0" occluded="0" xtl="828.19" ytl="568.51" xbr="979.62" ybr="718.66" z_order="0">
    </box>
    <box frame="385" keyframe="0" outside="0" occluded="0" xtl="827.61" ytl="569.01" xbr="979.04" ybr="719.17" z_order="0">
    </box>
    <box frame="386" keyframe="0" outside="0" occluded="0" xtl="827.03" ytl="569.52" xbr="978.46" ybr="719.67" z_order="0">
    </box>
    <box frame="387" keyframe="0" outside="0" occluded="0" xtl="826.46" ytl="570.02" xbr="977.88" ybr="720.18" z_order="0">
    </box>
    <box frame="388" keyframe="0" outside="0" occluded="0" xtl="825.88" ytl="570.53" xbr="977.31" ybr="720.68" z_order="0">
    </box>
    <box frame="389" keyframe="1" outside="0" occluded="0" xtl="825.30" ytl="571.04" xbr="976.73" ybr="721.19" z_order="0">
    </box>
    <box frame="390" keyframe="0" outside="0" occluded="0" xtl="824.62" ytl="571.40" xbr="976.05" ybr="721.56" z_order="0">
    </box>
    <box frame="391" keyframe="0" outside="0" occluded="0" xtl="823.95" ytl="571.77" xbr="975.38" ybr="721.93" z_order="0">
    </box>
    <box frame="392" keyframe="0" outside="0" occluded="0" xtl="823.27" ytl="572.14" xbr="974.70" ybr="722.30" z_order="0">
    </box>
    <box frame="393" keyframe="0" outside="0" occluded="0" xtl="822.60" ytl="572.51" xbr="974.02" ybr="722.67" z_order="0">
    </box>
    <box frame="394" keyframe="0" outside="0" occluded="0" xtl="821.92" ytl="572.88" xbr="973.35" ybr="723.04" z_order="0">
    </box>
    <box frame="395" keyframe="0" outside="0" occluded="0" xtl="821.24" ytl="573.25" xbr="972.67" ybr="723.41" z_order="0">
    </box>
    <box frame="396" keyframe="0" outside="0" occluded="0" xtl="820.57" ytl="573.62" xbr="972.00" ybr="723.78" z_order="0">
    </box>
    <box frame="397" keyframe="0" outside="0" occluded="0" xtl="819.89" ytl="573.99" xbr="971.32" ybr="724.15" z_order="0">
    </box>
    <box frame="398" keyframe="0" outside="0" occluded="0" xtl="819.22" ytl="574.36" xbr="970.64" ybr="724.52" z_order="0">
    </box>
    <box frame="399" keyframe="0" outside="0" occluded="0" xtl="818.54" ytl="574.73" xbr="969.97" ybr="724.89" z_order="0">
    </box>
    <box frame="400" keyframe="0" outside="0" occluded="0" xtl="817.86" ytl="575.10" xbr="969.29" ybr="725.26" z_order="0">
    </box>
    <box frame="401" keyframe="0" outside="0" occluded="0" xtl="817.19" ytl="575.47" xbr="968.62" ybr="725.63" z_order="0">
    </box>
    <box frame="402" keyframe="0" outside="0" occluded="0" xtl="816.51" ytl="575.84" xbr="967.94" ybr="726.00" z_order="0">
    </box>
    <box frame="403" keyframe="0" outside="0" occluded="0" xtl="815.84" ytl="576.21" xbr="967.26" ybr="726.37" z_order="0">
    </box>
    <box frame="404" keyframe="0" outside="0" occluded="0" xtl="815.16" ytl="576.58" xbr="966.59" ybr="726.73" z_order="0">
    </box>
    <box frame="405" keyframe="0" outside="0" occluded="0" xtl="814.48" ytl="576.95" xbr="965.91" ybr="727.10" z_order="0">
    </box>
    <box frame="406" keyframe="0" outside="0" occluded="0" xtl="813.81" ytl="577.32" xbr="965.24" ybr="727.47" z_order="0">
    </box>
    <box frame="407" keyframe="1" outside="0" occluded="0" xtl="813.13" ytl="577.69" xbr="964.56" ybr="727.84" z_order="0">
    </box>
    <box frame="408" keyframe="0" outside="0" occluded="0" xtl="812.57" ytl="575.33" xbr="964.00" ybr="725.48" z_order="0">
    </box>
    <box frame="409" keyframe="0" outside="0" occluded="0" xtl="812.01" ytl="572.96" xbr="963.44" ybr="723.12" z_order="0">
    </box>
    <box frame="410" keyframe="0" outside="0" occluded="0" xtl="811.45" ytl="570.60" xbr="962.87" ybr="720.75" z_order="0">
    </box>
    <box frame="411" keyframe="0" outside="0" occluded="0" xtl="810.88" ytl="568.23" xbr="962.31" ybr="718.39" z_order="0">
    </box>
    <box frame="412" keyframe="0" outside="0" occluded="0" xtl="810.32" ytl="565.87" xbr="961.75" ybr="716.02" z_order="0">
    </box>
    <box frame="413" keyframe="0" outside="0" occluded="0" xtl="809.76" ytl="563.50" xbr="961.19" ybr="713.66" z_order="0">
    </box>
    <box frame="414" keyframe="0" outside="0" occluded="0" xtl="809.20" ytl="561.14" xbr="960.62" ybr="711.29" z_order="0">
    </box>
    <box frame="415" keyframe="0" outside="0" occluded="0" xtl="808.63" ytl="558.78" xbr="960.06" ybr="708.93" z_order="0">
    </box>
    <box frame="416" keyframe="0" outside="0" occluded="0" xtl="808.07" ytl="556.41" xbr="959.50" ybr="706.57" z_order="0">
    </box>
    <box frame="417" keyframe="0" outside="0" occluded="0" xtl="807.51" ytl="554.05" xbr="958.94" ybr="704.20" z_order="0">
    </box>
    <box frame="418" keyframe="0" outside="0" occluded="0" xtl="806.95" ytl="551.68" xbr="958.37" ybr="701.84" z_order="0">
    </box>
    <box frame="419" keyframe="0" outside="0" occluded="0" xtl="806.39" ytl="549.32" xbr="957.81" ybr="699.47" z_order="0">
    </box>
    <box frame="420" keyframe="0" outside="0" occluded="0" xtl="805.82" ytl="546.95" xbr="957.25" ybr="697.11" z_order="0">
    </box>
    <box frame="421" keyframe="0" outside="0" occluded="0" xtl="805.26" ytl="544.59" xbr="956.69" ybr="694.74" z_order="0">
    </box>
    <box frame="422" keyframe="0" outside="0" occluded="0" xtl="804.70" ytl="542.23" xbr="956.13" ybr="692.38" z_order="0">
    </box>
    <box frame="423" keyframe="0" outside="0" occluded="0" xtl="804.14" ytl="539.86" xbr="955.56" ybr="690.02" z_order="0">
    </box>
    <box frame="424" keyframe="0" outside="0" occluded="0" xtl="803.57" ytl="537.50" xbr="955.00" ybr="687.65" z_order="0">
    </box>
    <box frame="425" keyframe="0" outside="0" occluded="0" xtl="803.01" ytl="535.13" xbr="954.44" ybr="685.29" z_order="0">
    </box>
    <box frame="426" keyframe="0" outside="0" occluded="0" xtl="802.45" ytl="532.77" xbr="953.88" ybr="682.92" z_order="0">
    </box>
    <box frame="427" keyframe="0" outside="0" occluded="0" xtl="801.89" ytl="530.41" xbr="953.31" ybr="680.56" z_order="0">
    </box>
    <box frame="428" keyframe="0" outside="0" occluded="0" xtl="801.33" ytl="528.04" xbr="952.75" ybr="678.20" z_order="0">
    </box>
    <box frame="429" keyframe="0" outside="0" occluded="0" xtl="800.76" ytl="525.68" xbr="952.19" ybr="675.83" z_order="0">
    </box>
    <box frame="430" keyframe="0" outside="0" occluded="0" xtl="800.20" ytl="523.31" xbr="951.63" ybr="673.47" z_order="0">
    </box>
    <box frame="431" keyframe="0" outside="0" occluded="0" xtl="799.64" ytl="520.95" xbr="951.07" ybr="671.10" z_order="0">
    </box>
    <box frame="432" keyframe="1" outside="0" occluded="0" xtl="799.08" ytl="518.58" xbr="950.50" ybr="668.74" z_order="0">
    </box>
    <box frame="433" keyframe="0" outside="0" occluded="0" xtl="798.71" ytl="516.30" xbr="950.14" ybr="666.45" z_order="0">
    </box>
    <box frame="434" keyframe="0" outside="0" occluded="0" xtl="798.35" ytl="514.01" xbr="949.77" ybr="664.16" z_order="0">
    </box>
    <box frame="435" keyframe="0" outside="0" occluded="0" xtl="797.98" ytl="511.72" xbr="949.41" ybr="661.87" z_order="0">
    </box>
    <box frame="436" keyframe="0" outside="0" occluded="0" xtl="797.62" ytl="509.43" xbr="949.05" ybr="659.59" z_order="0">
    </box>
    <box frame="437" keyframe="0" outside="0" occluded="0" xtl="797.25" ytl="507.14" xbr="948.68" ybr="657.30" z_order="0">
    </box>
    <box frame="438" keyframe="0" outside="0" occluded="0" xtl="796.89" ytl="504.86" xbr="948.32" ybr="655.01" z_order="0">
    </box>
    <box frame="439" keyframe="0" outside="0" occluded="0" xtl="796.53" ytl="502.57" xbr="947.95" ybr="652.72" z_order="0">
    </box>
    <box frame="440" keyframe="0" outside="0" occluded="0" xtl="796.16" ytl="500.28" xbr="947.59" ybr="650.44" z_order="0">
    </box>
    <box frame="441" keyframe="0" outside="0" occluded="0" xtl="795.80" ytl="497.99" xbr="947.22" ybr="648.15" z_order="0">
    </box>
    <box frame="442" keyframe="0" outside="0" occluded="0" xtl="795.43" ytl="495.71" xbr="946.86" ybr="645.86" z_order="0">
    </box>
    <box frame="443" keyframe="1" outside="0" occluded="0" xtl="795.07" ytl="493.42" xbr="946.50" ybr="643.57" z_order="0">
    </box>
    <box frame="444" keyframe="0" outside="0" occluded="0" xtl="794.70" ytl="491.75" xbr="946.13" ybr="641.91" z_order="0">
    </box>
    <box frame="445" keyframe="0" outside="0" occluded="0" xtl="794.34" ytl="490.09" xbr="945.77" ybr="640.25" z_order="0">
    </box>
    <box frame="446" keyframe="0" outside="0" occluded="0" xtl="793.98" ytl="488.43" xbr="945.40" ybr="638.58" z_order="0">
    </box>
    <box frame="447" keyframe="0" outside="0" occluded="0" xtl="793.61" ytl="486.76" xbr="945.04" ybr="636.92" z_order="0">
    </box>
    <box frame="448" keyframe="0" outside="0" occluded="0" xtl="793.25" ytl="485.10" xbr="944.67" ybr="635.25" z_order="0">
    </box>
    <box frame="449" keyframe="0" outside="0" occluded="0" xtl="792.88" ytl="483.44" xbr="944.31" ybr="633.59" z_order="0">
    </box>
    <box frame="450" keyframe="0" outside="0" occluded="0" xtl="792.52" ytl="481.77" xbr="943.95" ybr="631.93" z_order="0">
    </box>
    <box frame="451" keyframe="0" outside="0" occluded="0" xtl="792.15" ytl="480.11" xbr="943.58" ybr="630.26" z_order="0">
    </box>
    <box frame="452" keyframe="0" outside="0" occluded="0" xtl="791.79" ytl="478.45" xbr="943.22" ybr="628.60" z_order="0">
    </box>
    <box frame="453" keyframe="0" outside="0" occluded="0" xtl="791.43" ytl="476.78" xbr="942.85" ybr="626.94" z_order="0">
    </box>
    <box frame="454" keyframe="0" outside="0" occluded="0" xtl="791.06" ytl="475.12" xbr="942.49" ybr="625.27" z_order="0">
    </box>
    <box frame="455" keyframe="0" outside="0" occluded="0" xtl="790.70" ytl="473.45" xbr="942.12" ybr="623.61" z_order="0">
    </box>
    <box frame="456" keyframe="0" outside="0" occluded="0" xtl="790.33" ytl="471.79" xbr="941.76" ybr="621.95" z_order="0">
    </box>
    <box frame="457" keyframe="0" outside="0" occluded="0" xtl="789.97" ytl="470.13" xbr="941.40" ybr="620.28" z_order="0">
    </box>
    <box frame="458" keyframe="0" outside="0" occluded="0" xtl="789.61" ytl="468.46" xbr="941.03" ybr="618.62" z_order="0">
    </box>
    <box frame="459" keyframe="0" outside="0" occluded="0" xtl="789.24" ytl="466.80" xbr="940.67" ybr="616.95" z_order="0">
    </box>
    <box frame="460" keyframe="0" outside="0" occluded="0" xtl="788.88" ytl="465.14" xbr="940.30" ybr="615.29" z_order="0">
    </box>
    <box frame="461" keyframe="0" outside="0" occluded="0" xtl="788.51" ytl="463.47" xbr="939.94" ybr="613.63" z_order="0">
    </box>
    <box frame="462" keyframe="0" outside="0" occluded="0" xtl="788.15" ytl="461.81" xbr="939.58" ybr="611.96" z_order="0">
    </box>
    <box frame="463" keyframe="0" outside="0" occluded="0" xtl="787.78" ytl="460.15" xbr="939.21" ybr="610.30" z_order="0">
    </box>
    <box frame="464" keyframe="0" outside="0" occluded="0" xtl="787.42" ytl="458.48" xbr="938.85" ybr="608.64" z_order="0">
    </box>
    <box frame="465" keyframe="0" outside="0" occluded="0" xtl="787.06" ytl="456.82" xbr="938.48" ybr="606.97" z_order="0">
    </box>
    <box frame="466" keyframe="0" outside="0" occluded="0" xtl="786.69" ytl="455.16" xbr="938.12" ybr="605.31" z_order="0">
    </box>
    <box frame="467" keyframe="0" outside="0" occluded="0" xtl="786.33" ytl="453.49" xbr="937.75" ybr="603.65" z_order="0">
    </box>
    <box frame="468" keyframe="1" outside="0" occluded="0" xtl="785.96" ytl="451.83" xbr="937.39" ybr="601.98" z_order="0">
    </box>
    <box frame="469" keyframe="0" outside="0" occluded="0" xtl="785.63" ytl="450.11" xbr="937.06" ybr="600.26" z_order="0">
    </box>
    <box frame="470" keyframe="0" outside="0" occluded="0" xtl="785.30" ytl="448.38" xbr="936.73" ybr="598.54" z_order="0">
    </box>
    <box frame="471" keyframe="0" outside="0" occluded="0" xtl="784.97" ytl="446.66" xbr="936.40" ybr="596.82" z_order="0">
    </box>
    <box frame="472" keyframe="0" outside="0" occluded="0" xtl="784.64" ytl="444.94" xbr="936.07" ybr="595.10" z_order="0">
    </box>
    <box frame="473" keyframe="0" outside="0" occluded="0" xtl="784.31" ytl="443.22" xbr="935.73" ybr="593.37" z_order="0">
    </box>
    <box frame="474" keyframe="0" outside="0" occluded="0" xtl="783.98" ytl="441.50" xbr="935.40" ybr="591.65" z_order="0">
    </box>
    <box frame="475" keyframe="0" outside="0" occluded="0" xtl="783.64" ytl="439.78" xbr="935.07" ybr="589.93" z_order="0">
    </box>
    <box frame="476" keyframe="0" outside="0" occluded="0" xtl="783.31" ytl="438.05" xbr="934.74" ybr="588.21" z_order="0">
    </box>
    <box frame="477" keyframe="0" outside="0" occluded="0" xtl="782.98" ytl="436.33" xbr="934.41" ybr="586.49" z_order="0">
    </box>
    <box frame="478" keyframe="0" outside="0" occluded="0" xtl="782.65" ytl="434.61" xbr="934.08" ybr="584.76" z_order="0">
    </box>
    <box frame="479" keyframe="0" outside="0" occluded="0" xtl="782.32" ytl="432.89" xbr="933.75" ybr="583.04" z_order="0">
    </box>
    <box frame="480" keyframe="0" outside="0" occluded="0" xtl="781.99" ytl="431.17" xbr="933.42" ybr="581.32" z_order="0">
    </box>
    <box frame="481" keyframe="0" outside="0" occluded="0" xtl="781.66" ytl="429.44" xbr="933.08" ybr="579.60" z_order="0">
    </box>
    <box frame="482" keyframe="0" outside="0" occluded="0" xtl="781.33" ytl="427.72" xbr="932.75" ybr="577.88" z_order="0">
    </box>
    <box frame="483" keyframe="0" outside="0" occluded="0" xtl="781.00" ytl="426.00" xbr="932.42" ybr="576.16" z_order="0">
    </box>
    <box frame="484" keyframe="0" outside="0" occluded="0" xtl="780.66" ytl="424.28" xbr="932.09" ybr="574.43" z_order="0">
    </box>
    <box frame="485" keyframe="0" outside="0" occluded="0" xtl="780.33" ytl="422.56" xbr="931.76" ybr="572.71" z_order="0">
    </box>
    <box frame="486" keyframe="1" outside="0" occluded="0" xtl="780.00" ytl="420.84" xbr="931.43" ybr="570.99" z_order="0">
    </box>
  </track>
</annotations>
