<?xml version="1.0" encoding="utf-8"?>
<annotations>
  <version>1.1</version>
  <meta>
    <task>
      <id>4</id>
      <name>003</name>
      <size>570</size>
      <mode>interpolation</mode>
      <overlap>5</overlap>
      <bugtracker></bugtracker>
      <created>2023-05-25 09:09:49.629022+00:00</created>
      <updated>2023-05-25 16:45:57.968482+00:00</updated>
      <subset>default</subset>
      <start_frame>0</start_frame>
      <stop_frame>569</stop_frame>
      <frame_filter></frame_filter>
      <segments>
        <segment>
          <id>4</id>
          <start>0</start>
          <stop>569</stop>
          <url>http://localhost:8080/api/jobs/4</url>
        </segment>
      </segments>
      <owner>
        <username>django</username>
        <email></email>
      </owner>
      <assignee></assignee>
      <labels>
        <label>
          <name>object</name>
          <color>#40e020</color>
          <type>any</type>
          <attributes>
          </attributes>
        </label>
      </labels>
      <original_size>
        <width>1280</width>
        <height>720</height>
      </original_size>
      <source>test5.mp4</source>
    </task>
    <dumped>2023-05-25 16:51:45.568074+00:00</dumped>
  </meta>
  <track id="0" label="object" source="manual">
    <box frame="0" keyframe="1" outside="0" occluded="0" xtl="336.40" ytl="365.56" xbr="726.60" ybr="565.03" z_order="0">
    </box>
    <box frame="1" keyframe="0" outside="0" occluded="0" xtl="342.00" ytl="365.19" xbr="733.56" ybr="565.17" z_order="0">
    </box>
    <box frame="2" keyframe="0" outside="0" occluded="0" xtl="347.60" ytl="364.82" xbr="740.52" ybr="565.32" z_order="0">
    </box>
    <box frame="3" keyframe="0" outside="0" occluded="0" xtl="353.20" ytl="364.45" xbr="747.48" ybr="565.46" z_order="0">
    </box>
    <box frame="4" keyframe="0" outside="0" occluded="0" xtl="358.80" ytl="364.08" xbr="754.44" ybr="565.60" z_order="0">
    </box>
    <box frame="5" keyframe="0" outside="0" occluded="0" xtl="364.40" ytl="363.70" xbr="761.39" ybr="565.74" z_order="0">
    </box>
    <box frame="6" keyframe="0" outside="0" occluded="0" xtl="370.01" ytl="363.33" xbr="768.35" ybr="565.88" z_order="0">
    </box>
    <box frame="7" keyframe="0" outside="0" occluded="0" xtl="375.61" ytl="362.96" xbr="775.31" ybr="566.02" z_order="0">
    </box>
    <box frame="8" keyframe="0" outside="0" occluded="0" xtl="381.21" ytl="362.59" xbr="782.27" ybr="566.16" z_order="0">
    </box>
    <box frame="9" keyframe="0" outside="0" occluded="0" xtl="386.81" ytl="362.22" xbr="789.23" ybr="566.31" z_order="0">
    </box>
    <box frame="10" keyframe="0" outside="0" occluded="0" xtl="392.41" ytl="361.85" xbr="796.19" ybr="566.45" z_order="0">
    </box>
    <box frame="11" keyframe="0" outside="0" occluded="0" xtl="398.01" ytl="361.47" xbr="803.15" ybr="566.59" z_order="0">
    </box>
    <box frame="12" keyframe="0" outside="0" occluded="0" xtl="403.61" ytl="361.10" xbr="810.11" ybr="566.73" z_order="0">
    </box>
    <box frame="13" keyframe="0" outside="0" occluded="0" xtl="409.22" ytl="360.73" xbr="817.07" ybr="566.87" z_order="0">
    </box>
    <box frame="14" keyframe="0" outside="0" occluded="0" xtl="414.82" ytl="360.36" xbr="824.03" ybr="567.01" z_order="0">
    </box>
    <box frame="15" keyframe="0" outside="0" occluded="0" xtl="420.42" ytl="359.99" xbr="830.99" ybr="567.15" z_order="0">
    </box>
    <box frame="16" keyframe="0" outside="0" occluded="0" xtl="426.02" ytl="359.62" xbr="837.95" ybr="567.30" z_order="0">
    </box>
    <box frame="17" keyframe="0" outside="0" occluded="0" xtl="431.62" ytl="359.24" xbr="844.91" ybr="567.44" z_order="0">
    </box>
    <box frame="18" keyframe="0" outside="0" occluded="0" xtl="437.22" ytl="358.87" xbr="851.87" ybr="567.58" z_order="0">
    </box>
    <box frame="19" keyframe="0" outside="0" occluded="0" xtl="442.82" ytl="358.50" xbr="858.83" ybr="567.72" z_order="0">
    </box>
    <box frame="20" keyframe="0" outside="0" occluded="0" xtl="448.42" ytl="358.13" xbr="865.79" ybr="567.86" z_order="0">
    </box>
    <box frame="21" keyframe="0" outside="0" occluded="0" xtl="454.03" ytl="357.76" xbr="872.75" ybr="568.00" z_order="0">
    </box>
    <box frame="22" keyframe="0" outside="0" occluded="0" xtl="459.63" ytl="357.38" xbr="879.71" ybr="568.14" z_order="0">
    </box>
    <box frame="23" keyframe="0" outside="0" occluded="0" xtl="465.23" ytl="357.01" xbr="886.67" ybr="568.29" z_order="0">
    </box>
    <box frame="24" keyframe="0" outside="0" occluded="0" xtl="470.83" ytl="356.64" xbr="893.63" ybr="568.43" z_order="0">
    </box>
    <box frame="25" keyframe="0" outside="0" occluded="0" xtl="476.43" ytl="356.27" xbr="900.59" ybr="568.57" z_order="0">
    </box>
    <box frame="26" keyframe="0" outside="0" occluded="0" xtl="482.03" ytl="355.90" xbr="907.55" ybr="568.71" z_order="0">
    </box>
    <box frame="27" keyframe="0" outside="0" occluded="0" xtl="487.63" ytl="355.53" xbr="914.51" ybr="568.85" z_order="0">
    </box>
    <box frame="28" keyframe="0" outside="0" occluded="0" xtl="493.24" ytl="355.15" xbr="921.47" ybr="568.99" z_order="0">
    </box>
    <box frame="29" keyframe="0" outside="0" occluded="0" xtl="498.84" ytl="354.78" xbr="928.43" ybr="569.13" z_order="0">
    </box>
    <box frame="30" keyframe="0" outside="0" occluded="0" xtl="504.44" ytl="354.41" xbr="935.39" ybr="569.28" z_order="0">
    </box>
    <box frame="31" keyframe="0" outside="0" occluded="0" xtl="510.04" ytl="354.04" xbr="942.35" ybr="569.42" z_order="0">
    </box>
    <box frame="32" keyframe="0" outside="0" occluded="0" xtl="515.64" ytl="353.67" xbr="949.31" ybr="569.56" z_order="0">
    </box>
    <box frame="33" keyframe="0" outside="0" occluded="0" xtl="521.24" ytl="353.30" xbr="956.27" ybr="569.70" z_order="0">
    </box>
    <box frame="34" keyframe="0" outside="0" occluded="0" xtl="526.84" ytl="352.92" xbr="963.23" ybr="569.84" z_order="0">
    </box>
    <box frame="35" keyframe="0" outside="0" occluded="0" xtl="532.44" ytl="352.55" xbr="970.19" ybr="569.98" z_order="0">
    </box>
    <box frame="36" keyframe="0" outside="0" occluded="0" xtl="538.05" ytl="352.18" xbr="977.15" ybr="570.12" z_order="0">
    </box>
    <box frame="37" keyframe="0" outside="0" occluded="0" xtl="543.65" ytl="351.81" xbr="984.11" ybr="570.26" z_order="0">
    </box>
    <box frame="38" keyframe="0" outside="0" occluded="0" xtl="549.25" ytl="351.44" xbr="991.07" ybr="570.41" z_order="0">
    </box>
    <box frame="39" keyframe="0" outside="0" occluded="0" xtl="554.85" ytl="351.07" xbr="998.03" ybr="570.55" z_order="0">
    </box>
    <box frame="40" keyframe="0" outside="0" occluded="0" xtl="560.45" ytl="350.69" xbr="1004.99" ybr="570.69" z_order="0">
    </box>
    <box frame="41" keyframe="0" outside="0" occluded="0" xtl="566.05" ytl="350.32" xbr="1011.95" ybr="570.83" z_order="0">
    </box>
    <box frame="42" keyframe="0" outside="0" occluded="0" xtl="571.65" ytl="349.95" xbr="1018.91" ybr="570.97" z_order="0">
    </box>
    <box frame="43" keyframe="0" outside="0" occluded="0" xtl="577.26" ytl="349.58" xbr="1025.86" ybr="571.11" z_order="0">
    </box>
    <box frame="44" keyframe="0" outside="0" occluded="0" xtl="582.86" ytl="349.21" xbr="1032.82" ybr="571.25" z_order="0">
    </box>
    <box frame="45" keyframe="0" outside="0" occluded="0" xtl="588.46" ytl="348.84" xbr="1039.78" ybr="571.40" z_order="0">
    </box>
    <box frame="46" keyframe="0" outside="0" occluded="0" xtl="594.06" ytl="348.46" xbr="1046.74" ybr="571.54" z_order="0">
    </box>
    <box frame="47" keyframe="0" outside="0" occluded="0" xtl="599.66" ytl="348.09" xbr="1053.70" ybr="571.68" z_order="0">
    </box>
    <box frame="48" keyframe="0" outside="0" occluded="0" xtl="605.26" ytl="347.72" xbr="1060.66" ybr="571.82" z_order="0">
    </box>
    <box frame="49" keyframe="0" outside="0" occluded="0" xtl="610.86" ytl="347.35" xbr="1067.62" ybr="571.96" z_order="0">
    </box>
    <box frame="50" keyframe="0" outside="0" occluded="0" xtl="616.47" ytl="346.98" xbr="1074.58" ybr="572.10" z_order="0">
    </box>
    <box frame="51" keyframe="0" outside="0" occluded="0" xtl="622.07" ytl="346.60" xbr="1081.54" ybr="572.24" z_order="0">
    </box>
    <box frame="52" keyframe="0" outside="0" occluded="0" xtl="627.67" ytl="346.23" xbr="1088.50" ybr="572.39" z_order="0">
    </box>
    <box frame="53" keyframe="0" outside="0" occluded="0" xtl="633.27" ytl="345.86" xbr="1095.46" ybr="572.53" z_order="0">
    </box>
    <box frame="54" keyframe="0" outside="0" occluded="0" xtl="638.87" ytl="345.49" xbr="1102.42" ybr="572.67" z_order="0">
    </box>
    <box frame="55" keyframe="0" outside="0" occluded="0" xtl="644.47" ytl="345.12" xbr="1109.38" ybr="572.81" z_order="0">
    </box>
    <box frame="56" keyframe="0" outside="0" occluded="0" xtl="650.07" ytl="344.75" xbr="1116.34" ybr="572.95" z_order="0">
    </box>
    <box frame="57" keyframe="0" outside="0" occluded="0" xtl="655.67" ytl="344.37" xbr="1123.30" ybr="573.09" z_order="0">
    </box>
    <box frame="58" keyframe="0" outside="0" occluded="0" xtl="661.28" ytl="344.00" xbr="1130.26" ybr="573.23" z_order="0">
    </box>
    <box frame="59" keyframe="0" outside="0" occluded="0" xtl="666.88" ytl="343.63" xbr="1137.22" ybr="573.38" z_order="0">
    </box>
    <box frame="60" keyframe="0" outside="0" occluded="0" xtl="672.48" ytl="343.26" xbr="1144.18" ybr="573.52" z_order="0">
    </box>
    <box frame="61" keyframe="0" outside="0" occluded="0" xtl="678.08" ytl="342.89" xbr="1151.14" ybr="573.66" z_order="0">
    </box>
    <box frame="62" keyframe="1" outside="0" occluded="0" xtl="683.68" ytl="342.52" xbr="1158.10" ybr="573.80" z_order="0">
    </box>
    <box frame="63" keyframe="0" outside="0" occluded="0" xtl="690.44" ytl="342.38" xbr="1164.85" ybr="573.67" z_order="0">
    </box>
    <box frame="64" keyframe="0" outside="0" occluded="0" xtl="697.19" ytl="342.25" xbr="1171.61" ybr="573.54" z_order="0">
    </box>
    <box frame="65" keyframe="0" outside="0" occluded="0" xtl="703.95" ytl="342.12" xbr="1178.36" ybr="573.40" z_order="0">
    </box>
    <box frame="66" keyframe="0" outside="0" occluded="0" xtl="710.70" ytl="341.99" xbr="1185.12" ybr="573.27" z_order="0">
    </box>
    <box frame="67" keyframe="0" outside="0" occluded="0" xtl="717.46" ytl="341.85" xbr="1191.87" ybr="573.14" z_order="0">
    </box>
    <box frame="68" keyframe="0" outside="0" occluded="0" xtl="724.21" ytl="341.72" xbr="1198.63" ybr="573.01" z_order="0">
    </box>
    <box frame="69" keyframe="0" outside="0" occluded="0" xtl="730.97" ytl="341.59" xbr="1205.38" ybr="572.87" z_order="0">
    </box>
    <box frame="70" keyframe="0" outside="0" occluded="0" xtl="737.72" ytl="341.46" xbr="1212.14" ybr="572.74" z_order="0">
    </box>
    <box frame="71" keyframe="0" outside="0" occluded="0" xtl="744.48" ytl="341.32" xbr="1218.89" ybr="572.61" z_order="0">
    </box>
    <box frame="72" keyframe="0" outside="0" occluded="0" xtl="751.23" ytl="341.19" xbr="1225.65" ybr="572.48" z_order="0">
    </box>
    <box frame="73" keyframe="0" outside="0" occluded="0" xtl="757.99" ytl="341.06" xbr="1232.40" ybr="572.34" z_order="0">
    </box>
    <box frame="74" keyframe="0" outside="0" occluded="0" xtl="764.74" ytl="340.93" xbr="1239.16" ybr="572.21" z_order="0">
    </box>
    <box frame="75" keyframe="0" outside="0" occluded="0" xtl="771.50" ytl="340.79" xbr="1245.91" ybr="572.08" z_order="0">
    </box>
    <box frame="76" keyframe="0" outside="0" occluded="0" xtl="778.25" ytl="340.66" xbr="1252.67" ybr="571.95" z_order="0">
    </box>
    <box frame="77" keyframe="0" outside="0" occluded="0" xtl="785.01" ytl="340.53" xbr="1259.42" ybr="571.81" z_order="0">
    </box>
    <box frame="78" keyframe="0" outside="0" occluded="0" xtl="791.76" ytl="340.40" xbr="1266.18" ybr="571.68" z_order="0">
    </box>
    <box frame="79" keyframe="0" outside="0" occluded="0" xtl="798.52" ytl="340.26" xbr="1272.93" ybr="571.55" z_order="0">
    </box>
    <box frame="80" keyframe="1" outside="0" occluded="0" xtl="805.27" ytl="340.13" xbr="1279.69" ybr="571.42" z_order="0">
    </box>
    <box frame="81" keyframe="0" outside="0" occluded="0" xtl="811.92" ytl="340.13" xbr="1279.69" ybr="571.42" z_order="0">
    </box>
    <box frame="82" keyframe="0" outside="0" occluded="0" xtl="818.56" ytl="340.13" xbr="1279.69" ybr="571.42" z_order="0">
    </box>
    <box frame="83" keyframe="0" outside="0" occluded="0" xtl="825.21" ytl="340.13" xbr="1279.69" ybr="571.42" z_order="0">
    </box>
    <box frame="84" keyframe="0" outside="0" occluded="0" xtl="831.85" ytl="340.13" xbr="1279.69" ybr="571.42" z_order="0">
    </box>
    <box frame="85" keyframe="0" outside="0" occluded="0" xtl="838.50" ytl="340.13" xbr="1279.69" ybr="571.42" z_order="0">
    </box>
    <box frame="86" keyframe="0" outside="0" occluded="0" xtl="845.14" ytl="340.13" xbr="1279.69" ybr="571.42" z_order="0">
    </box>
    <box frame="87" keyframe="0" outside="0" occluded="0" xtl="851.79" ytl="340.13" xbr="1279.69" ybr="571.42" z_order="0">
    </box>
    <box frame="88" keyframe="0" outside="0" occluded="0" xtl="858.43" ytl="340.13" xbr="1279.69" ybr="571.42" z_order="0">
    </box>
    <box frame="89" keyframe="0" outside="0" occluded="0" xtl="865.08" ytl="340.13" xbr="1279.69" ybr="571.42" z_order="0">
    </box>
    <box frame="90" keyframe="0" outside="0" occluded="0" xtl="871.72" ytl="340.13" xbr="1279.69" ybr="571.42" z_order="0">
    </box>
    <box frame="91" keyframe="0" outside="0" occluded="0" xtl="878.37" ytl="340.13" xbr="1279.69" ybr="571.42" z_order="0">
    </box>
    <box frame="92" keyframe="0" outside="0" occluded="0" xtl="885.01" ytl="340.13" xbr="1279.69" ybr="571.42" z_order="0">
    </box>
    <box frame="93" keyframe="0" outside="0" occluded="0" xtl="891.66" ytl="340.13" xbr="1279.69" ybr="571.42" z_order="0">
    </box>
    <box frame="94" keyframe="1" outside="0" occluded="0" xtl="898.30" ytl="340.13" xbr="1279.69" ybr="571.42" z_order="0">
    </box>
    <box frame="95" keyframe="0" outside="0" occluded="0" xtl="905.91" ytl="340.13" xbr="1279.69" ybr="571.42" z_order="0">
    </box>
    <box frame="96" keyframe="0" outside="0" occluded="0" xtl="913.52" ytl="340.13" xbr="1279.69" ybr="571.42" z_order="0">
    </box>
    <box frame="97" keyframe="0" outside="0" occluded="0" xtl="921.13" ytl="340.13" xbr="1279.69" ybr="571.42" z_order="0">
    </box>
    <box frame="98" keyframe="0" outside="0" occluded="0" xtl="928.74" ytl="340.13" xbr="1279.69" ybr="571.42" z_order="0">
    </box>
    <box frame="99" keyframe="0" outside="0" occluded="0" xtl="936.35" ytl="340.13" xbr="1279.69" ybr="571.42" z_order="0">
    </box>
    <box frame="100" keyframe="0" outside="0" occluded="0" xtl="943.96" ytl="340.13" xbr="1279.69" ybr="571.42" z_order="0">
    </box>
    <box frame="101" keyframe="0" outside="0" occluded="0" xtl="951.57" ytl="340.13" xbr="1279.69" ybr="571.42" z_order="0">
    </box>
    <box frame="102" keyframe="0" outside="0" occluded="0" xtl="959.18" ytl="340.13" xbr="1279.69" ybr="571.42" z_order="0">
    </box>
    <box frame="103" keyframe="0" outside="0" occluded="0" xtl="966.79" ytl="340.13" xbr="1279.69" ybr="571.42" z_order="0">
    </box>
    <box frame="104" keyframe="0" outside="0" occluded="0" xtl="974.41" ytl="340.13" xbr="1279.69" ybr="571.42" z_order="0">
    </box>
    <box frame="105" keyframe="0" outside="0" occluded="0" xtl="982.02" ytl="340.13" xbr="1279.69" ybr="571.42" z_order="0">
    </box>
    <box frame="106" keyframe="0" outside="0" occluded="0" xtl="989.63" ytl="340.13" xbr="1279.69" ybr="571.42" z_order="0">
    </box>
    <box frame="107" keyframe="0" outside="0" occluded="0" xtl="997.24" ytl="340.13" xbr="1279.69" ybr="571.42" z_order="0">
    </box>
    <box frame="108" keyframe="0" outside="0" occluded="0" xtl="1004.85" ytl="340.13" xbr="1279.69" ybr="571.42" z_order="0">
    </box>
    <box frame="109" keyframe="0" outside="0" occluded="0" xtl="1012.46" ytl="340.13" xbr="1279.69" ybr="571.42" z_order="0">
    </box>
    <box frame="110" keyframe="0" outside="0" occluded="0" xtl="1020.07" ytl="340.13" xbr="1279.69" ybr="571.42" z_order="0">
    </box>
    <box frame="111" keyframe="0" outside="0" occluded="0" xtl="1027.68" ytl="340.13" xbr="1279.69" ybr="571.42" z_order="0">
    </box>
    <box frame="112" keyframe="0" outside="0" occluded="0" xtl="1035.29" ytl="340.13" xbr="1279.69" ybr="571.42" z_order="0">
    </box>
    <box frame="113" keyframe="1" outside="0" occluded="0" xtl="1042.90" ytl="340.13" xbr="1279.69" ybr="571.42" z_order="0">
    </box>
    <box frame="114" keyframe="0" outside="0" occluded="0" xtl="1050.58" ytl="339.14" xbr="1279.69" ybr="571.42" z_order="0">
    </box>
    <box frame="115" keyframe="0" outside="0" occluded="0" xtl="1058.27" ytl="338.14" xbr="1279.69" ybr="571.42" z_order="0">
    </box>
    <box frame="116" keyframe="0" outside="0" occluded="0" xtl="1065.95" ytl="337.15" xbr="1279.69" ybr="571.42" z_order="0">
    </box>
    <box frame="117" keyframe="0" outside="0" occluded="0" xtl="1073.63" ytl="336.15" xbr="1279.69" ybr="571.42" z_order="0">
    </box>
    <box frame="118" keyframe="0" outside="0" occluded="0" xtl="1081.32" ytl="335.16" xbr="1279.69" ybr="571.42" z_order="0">
    </box>
    <box frame="119" keyframe="0" outside="0" occluded="0" xtl="1089.00" ytl="334.17" xbr="1279.69" ybr="571.42" z_order="0">
    </box>
    <box frame="120" keyframe="0" outside="0" occluded="0" xtl="1096.68" ytl="333.17" xbr="1279.69" ybr="571.42" z_order="0">
    </box>
    <box frame="121" keyframe="0" outside="0" occluded="0" xtl="1104.37" ytl="332.18" xbr="1279.69" ybr="571.42" z_order="0">
    </box>
    <box frame="122" keyframe="0" outside="0" occluded="0" xtl="1112.05" ytl="331.18" xbr="1279.69" ybr="571.42" z_order="0">
    </box>
    <box frame="123" keyframe="0" outside="0" occluded="0" xtl="1119.73" ytl="330.19" xbr="1279.69" ybr="571.42" z_order="0">
    </box>
    <box frame="124" keyframe="1" outside="1" occluded="0" xtl="1127.42" ytl="329.20" xbr="1279.69" ybr="571.42" z_order="0">
    </box>
    <box frame="125" keyframe="1" outside="1" occluded="0" xtl="1135.10" ytl="328.20" xbr="1279.69" ybr="571.42" z_order="0">
    </box>
  </track>
</annotations>
