<?xml version="1.0" encoding="utf-8"?>
<annotations>
  <version>1.1</version>
  <meta>
    <task>
      <id>12</id>
      <name>001</name>
      <size>400</size>
      <mode>interpolation</mode>
      <overlap>5</overlap>
      <bugtracker></bugtracker>
      <created>2023-05-25 10:03:42.884244+00:00</created>
      <updated>2023-05-25 16:37:57.068200+00:00</updated>
      <subset>default</subset>
      <start_frame>0</start_frame>
      <stop_frame>399</stop_frame>
      <frame_filter></frame_filter>
      <segments>
        <segment>
          <id>11</id>
          <start>0</start>
          <stop>399</stop>
          <url>http://localhost:8080/api/jobs/11</url>
        </segment>
      </segments>
      <owner>
        <username>django</username>
        <email></email>
      </owner>
      <assignee></assignee>
      <labels>
        <label>
          <name>object</name>
          <color>#40e020</color>
          <type>any</type>
          <attributes>
          </attributes>
        </label>
      </labels>
      <original_size>
        <width>1920</width>
        <height>1080</height>
      </original_size>
      <source>pexels-ronald-hayward-1631994-1920x1080-30fps.mp4</source>
    </task>
    <dumped>2023-05-25 16:51:23.742871+00:00</dumped>
  </meta>
  <track id="0" label="object" source="manual">
    <box frame="0" keyframe="1" outside="0" occluded="0" xtl="1032.71" ytl="513.81" xbr="1184.11" ybr="643.75" z_order="0">
    </box>
    <box frame="1" keyframe="0" outside="0" occluded="0" xtl="1030.34" ytl="500.59" xbr="1181.73" ybr="630.52" z_order="0">
    </box>
    <box frame="2" keyframe="0" outside="0" occluded="0" xtl="1027.96" ytl="487.37" xbr="1179.35" ybr="617.30" z_order="0">
    </box>
    <box frame="3" keyframe="0" outside="0" occluded="0" xtl="1025.59" ytl="474.14" xbr="1176.98" ybr="604.08" z_order="0">
    </box>
    <box frame="4" keyframe="0" outside="0" occluded="0" xtl="1023.21" ytl="460.92" xbr="1174.60" ybr="590.85" z_order="0">
    </box>
    <box frame="5" keyframe="1" outside="0" occluded="0" xtl="1020.84" ytl="447.70" xbr="1172.23" ybr="577.63" z_order="0">
    </box>
    <box frame="6" keyframe="0" outside="0" occluded="0" xtl="1020.78" ytl="440.57" xbr="1172.17" ybr="570.50" z_order="0">
    </box>
    <box frame="7" keyframe="0" outside="0" occluded="0" xtl="1020.73" ytl="433.44" xbr="1172.12" ybr="563.37" z_order="0">
    </box>
    <box frame="8" keyframe="0" outside="0" occluded="0" xtl="1020.67" ytl="426.31" xbr="1172.07" ybr="556.25" z_order="0">
    </box>
    <box frame="9" keyframe="0" outside="0" occluded="0" xtl="1020.62" ytl="419.18" xbr="1172.01" ybr="549.12" z_order="0">
    </box>
    <box frame="10" keyframe="0" outside="0" occluded="0" xtl="1020.57" ytl="412.06" xbr="1171.96" ybr="541.99" z_order="0">
    </box>
    <box frame="11" keyframe="0" outside="0" occluded="0" xtl="1020.51" ytl="404.93" xbr="1171.90" ybr="534.86" z_order="0">
    </box>
    <box frame="12" keyframe="0" outside="0" occluded="0" xtl="1020.46" ytl="397.80" xbr="1171.85" ybr="527.73" z_order="0">
    </box>
    <box frame="13" keyframe="0" outside="0" occluded="0" xtl="1020.41" ytl="390.67" xbr="1171.80" ybr="520.61" z_order="0">
    </box>
    <box frame="14" keyframe="0" outside="0" occluded="0" xtl="1020.35" ytl="383.54" xbr="1171.74" ybr="513.48" z_order="0">
    </box>
    <box frame="15" keyframe="0" outside="0" occluded="0" xtl="1020.30" ytl="376.41" xbr="1171.69" ybr="506.35" z_order="0">
    </box>
    <box frame="16" keyframe="0" outside="0" occluded="0" xtl="1020.25" ytl="369.29" xbr="1171.64" ybr="499.22" z_order="0">
    </box>
    <box frame="17" keyframe="0" outside="0" occluded="0" xtl="1020.19" ytl="362.16" xbr="1171.58" ybr="492.09" z_order="0">
    </box>
    <box frame="18" keyframe="0" outside="0" occluded="0" xtl="1020.14" ytl="355.03" xbr="1171.53" ybr="484.96" z_order="0">
    </box>
    <box frame="19" keyframe="0" outside="0" occluded="0" xtl="1020.08" ytl="347.90" xbr="1171.48" ybr="477.84" z_order="0">
    </box>
    <box frame="20" keyframe="0" outside="0" occluded="0" xtl="1020.03" ytl="340.77" xbr="1171.42" ybr="470.71" z_order="0">
    </box>
    <box frame="21" keyframe="0" outside="0" occluded="0" xtl="1019.98" ytl="333.65" xbr="1171.37" ybr="463.58" z_order="0">
    </box>
    <box frame="22" keyframe="0" outside="0" occluded="0" xtl="1019.92" ytl="326.52" xbr="1171.31" ybr="456.45" z_order="0">
    </box>
    <box frame="23" keyframe="0" outside="0" occluded="0" xtl="1019.87" ytl="319.39" xbr="1171.26" ybr="449.32" z_order="0">
    </box>
    <box frame="24" keyframe="0" outside="0" occluded="0" xtl="1019.82" ytl="312.26" xbr="1171.21" ybr="442.19" z_order="0">
    </box>
    <box frame="25" keyframe="0" outside="0" occluded="0" xtl="1019.76" ytl="305.13" xbr="1171.15" ybr="435.07" z_order="0">
    </box>
    <box frame="26" keyframe="0" outside="0" occluded="0" xtl="1019.71" ytl="298.00" xbr="1171.10" ybr="427.94" z_order="0">
    </box>
    <box frame="27" keyframe="0" outside="0" occluded="0" xtl="1019.66" ytl="290.88" xbr="1171.05" ybr="420.81" z_order="0">
    </box>
    <box frame="28" keyframe="1" outside="0" occluded="0" xtl="1019.60" ytl="283.75" xbr="1170.99" ybr="413.68" z_order="0">
    </box>
    <box frame="29" keyframe="0" outside="0" occluded="0" xtl="1020.71" ytl="283.59" xbr="1172.10" ybr="413.52" z_order="0">
    </box>
    <box frame="30" keyframe="0" outside="0" occluded="0" xtl="1021.81" ytl="283.43" xbr="1173.20" ybr="413.36" z_order="0">
    </box>
    <box frame="31" keyframe="0" outside="0" occluded="0" xtl="1022.91" ytl="283.27" xbr="1174.31" ybr="413.20" z_order="0">
    </box>
    <box frame="32" keyframe="0" outside="0" occluded="0" xtl="1024.02" ytl="283.11" xbr="1175.41" ybr="413.04" z_order="0">
    </box>
    <box frame="33" keyframe="0" outside="0" occluded="0" xtl="1025.12" ytl="282.95" xbr="1176.51" ybr="412.88" z_order="0">
    </box>
    <box frame="34" keyframe="0" outside="0" occluded="0" xtl="1026.23" ytl="282.79" xbr="1177.62" ybr="412.72" z_order="0">
    </box>
    <box frame="35" keyframe="0" outside="0" occluded="0" xtl="1027.33" ytl="282.63" xbr="1178.72" ybr="412.56" z_order="0">
    </box>
    <box frame="36" keyframe="0" outside="0" occluded="0" xtl="1028.44" ytl="282.47" xbr="1179.83" ybr="412.40" z_order="0">
    </box>
    <box frame="37" keyframe="0" outside="0" occluded="0" xtl="1029.54" ytl="282.31" xbr="1180.93" ybr="412.24" z_order="0">
    </box>
    <box frame="38" keyframe="0" outside="0" occluded="0" xtl="1030.65" ytl="282.15" xbr="1182.04" ybr="412.08" z_order="0">
    </box>
    <box frame="39" keyframe="0" outside="0" occluded="0" xtl="1031.75" ytl="281.99" xbr="1183.14" ybr="411.92" z_order="0">
    </box>
    <box frame="40" keyframe="0" outside="0" occluded="0" xtl="1032.85" ytl="281.83" xbr="1184.24" ybr="411.76" z_order="0">
    </box>
    <box frame="41" keyframe="0" outside="0" occluded="0" xtl="1033.96" ytl="281.67" xbr="1185.35" ybr="411.60" z_order="0">
    </box>
    <box frame="42" keyframe="1" outside="0" occluded="0" xtl="1035.06" ytl="281.51" xbr="1186.45" ybr="411.44" z_order="0">
    </box>
    <box frame="43" keyframe="0" outside="0" occluded="0" xtl="1037.53" ytl="292.93" xbr="1188.92" ybr="422.86" z_order="0">
    </box>
    <box frame="44" keyframe="1" outside="0" occluded="0" xtl="1040.00" ytl="304.35" xbr="1191.39" ybr="434.28" z_order="0">
    </box>
    <box frame="45" keyframe="0" outside="0" occluded="0" xtl="1042.19" ytl="313.50" xbr="1193.58" ybr="443.43" z_order="0">
    </box>
    <box frame="46" keyframe="0" outside="0" occluded="0" xtl="1044.37" ytl="322.65" xbr="1195.77" ybr="452.58" z_order="0">
    </box>
    <box frame="47" keyframe="0" outside="0" occluded="0" xtl="1046.56" ytl="331.80" xbr="1197.95" ybr="461.73" z_order="0">
    </box>
    <box frame="48" keyframe="0" outside="0" occluded="0" xtl="1048.75" ytl="340.95" xbr="1200.14" ybr="470.89" z_order="0">
    </box>
    <box frame="49" keyframe="0" outside="0" occluded="0" xtl="1050.94" ytl="350.10" xbr="1202.33" ybr="480.04" z_order="0">
    </box>
    <box frame="50" keyframe="0" outside="0" occluded="0" xtl="1053.13" ytl="359.25" xbr="1204.52" ybr="489.19" z_order="0">
    </box>
    <box frame="51" keyframe="0" outside="0" occluded="0" xtl="1055.32" ytl="368.40" xbr="1206.71" ybr="498.34" z_order="0">
    </box>
    <box frame="52" keyframe="0" outside="0" occluded="0" xtl="1057.51" ytl="377.56" xbr="1208.90" ybr="507.49" z_order="0">
    </box>
    <box frame="53" keyframe="0" outside="0" occluded="0" xtl="1059.70" ytl="386.71" xbr="1211.09" ybr="516.64" z_order="0">
    </box>
    <box frame="54" keyframe="0" outside="0" occluded="0" xtl="1061.89" ytl="395.86" xbr="1213.28" ybr="525.79" z_order="0">
    </box>
    <box frame="55" keyframe="1" outside="0" occluded="0" xtl="1064.08" ytl="405.01" xbr="1215.47" ybr="534.94" z_order="0">
    </box>
    <box frame="56" keyframe="0" outside="0" occluded="0" xtl="1065.08" ytl="381.33" xbr="1216.47" ybr="511.26" z_order="0">
    </box>
    <box frame="57" keyframe="1" outside="0" occluded="0" xtl="1066.09" ytl="357.65" xbr="1217.48" ybr="487.59" z_order="0">
    </box>
    <box frame="58" keyframe="0" outside="0" occluded="0" xtl="1070.62" ytl="348.36" xbr="1222.01" ybr="478.29" z_order="0">
    </box>
    <box frame="59" keyframe="0" outside="0" occluded="0" xtl="1075.15" ytl="339.06" xbr="1226.54" ybr="468.99" z_order="0">
    </box>
    <box frame="60" keyframe="0" outside="0" occluded="0" xtl="1079.68" ytl="329.76" xbr="1231.07" ybr="459.69" z_order="0">
    </box>
    <box frame="61" keyframe="0" outside="0" occluded="0" xtl="1084.21" ytl="320.46" xbr="1235.60" ybr="450.40" z_order="0">
    </box>
    <box frame="62" keyframe="0" outside="0" occluded="0" xtl="1088.74" ytl="311.17" xbr="1240.13" ybr="441.10" z_order="0">
    </box>
    <box frame="63" keyframe="0" outside="0" occluded="0" xtl="1093.27" ytl="301.87" xbr="1244.66" ybr="431.80" z_order="0">
    </box>
    <box frame="64" keyframe="0" outside="0" occluded="0" xtl="1097.80" ytl="292.57" xbr="1249.19" ybr="422.50" z_order="0">
    </box>
    <box frame="65" keyframe="1" outside="0" occluded="0" xtl="1102.33" ytl="283.27" xbr="1253.72" ybr="413.21" z_order="0">
    </box>
    <box frame="66" keyframe="0" outside="0" occluded="0" xtl="1106.86" ytl="288.38" xbr="1258.25" ybr="418.31" z_order="0">
    </box>
    <box frame="67" keyframe="0" outside="0" occluded="0" xtl="1111.39" ytl="293.48" xbr="1262.78" ybr="423.42" z_order="0">
    </box>
    <box frame="68" keyframe="0" outside="0" occluded="0" xtl="1115.92" ytl="298.59" xbr="1267.31" ybr="428.52" z_order="0">
    </box>
    <box frame="69" keyframe="0" outside="0" occluded="0" xtl="1120.45" ytl="303.69" xbr="1271.84" ybr="433.63" z_order="0">
    </box>
    <box frame="70" keyframe="0" outside="0" occluded="0" xtl="1124.98" ytl="308.80" xbr="1276.37" ybr="438.73" z_order="0">
    </box>
    <box frame="71" keyframe="0" outside="0" occluded="0" xtl="1129.51" ytl="313.91" xbr="1280.90" ybr="443.84" z_order="0">
    </box>
    <box frame="72" keyframe="0" outside="0" occluded="0" xtl="1134.04" ytl="319.01" xbr="1285.43" ybr="448.95" z_order="0">
    </box>
    <box frame="73" keyframe="0" outside="0" occluded="0" xtl="1138.57" ytl="324.12" xbr="1289.96" ybr="454.05" z_order="0">
    </box>
    <box frame="74" keyframe="0" outside="0" occluded="0" xtl="1143.10" ytl="329.22" xbr="1294.49" ybr="459.16" z_order="0">
    </box>
    <box frame="75" keyframe="0" outside="0" occluded="0" xtl="1147.63" ytl="334.33" xbr="1299.02" ybr="464.26" z_order="0">
    </box>
    <box frame="76" keyframe="0" outside="0" occluded="0" xtl="1152.16" ytl="339.44" xbr="1303.55" ybr="469.37" z_order="0">
    </box>
    <box frame="77" keyframe="1" outside="0" occluded="0" xtl="1156.69" ytl="344.54" xbr="1308.08" ybr="474.47" z_order="0">
    </box>
    <box frame="78" keyframe="0" outside="0" occluded="0" xtl="1159.39" ytl="346.03" xbr="1310.78" ybr="475.97" z_order="0">
    </box>
    <box frame="79" keyframe="0" outside="0" occluded="0" xtl="1162.09" ytl="347.52" xbr="1313.48" ybr="477.46" z_order="0">
    </box>
    <box frame="80" keyframe="0" outside="0" occluded="0" xtl="1164.79" ytl="349.01" xbr="1316.18" ybr="478.95" z_order="0">
    </box>
    <box frame="81" keyframe="0" outside="0" occluded="0" xtl="1167.49" ytl="350.50" xbr="1318.88" ybr="480.44" z_order="0">
    </box>
    <box frame="82" keyframe="0" outside="0" occluded="0" xtl="1170.19" ytl="351.99" xbr="1321.58" ybr="481.93" z_order="0">
    </box>
    <box frame="83" keyframe="0" outside="0" occluded="0" xtl="1172.89" ytl="353.48" xbr="1324.28" ybr="483.42" z_order="0">
    </box>
    <box frame="84" keyframe="0" outside="0" occluded="0" xtl="1175.59" ytl="354.97" xbr="1326.98" ybr="484.91" z_order="0">
    </box>
    <box frame="85" keyframe="1" outside="0" occluded="0" xtl="1178.29" ytl="356.46" xbr="1329.68" ybr="486.40" z_order="0">
    </box>
    <box frame="86" keyframe="0" outside="0" occluded="0" xtl="1177.89" ytl="355.51" xbr="1329.29" ybr="485.44" z_order="0">
    </box>
    <box frame="87" keyframe="0" outside="0" occluded="0" xtl="1177.50" ytl="354.56" xbr="1328.89" ybr="484.49" z_order="0">
    </box>
    <box frame="88" keyframe="0" outside="0" occluded="0" xtl="1177.10" ytl="353.60" xbr="1328.49" ybr="483.54" z_order="0">
    </box>
    <box frame="89" keyframe="0" outside="0" occluded="0" xtl="1176.70" ytl="352.65" xbr="1328.09" ybr="482.58" z_order="0">
    </box>
    <box frame="90" keyframe="0" outside="0" occluded="0" xtl="1176.30" ytl="351.69" xbr="1327.69" ybr="481.63" z_order="0">
    </box>
    <box frame="91" keyframe="0" outside="0" occluded="0" xtl="1175.90" ytl="350.74" xbr="1327.29" ybr="480.67" z_order="0">
    </box>
    <box frame="92" keyframe="0" outside="0" occluded="0" xtl="1175.50" ytl="349.79" xbr="1326.89" ybr="479.72" z_order="0">
    </box>
    <box frame="93" keyframe="0" outside="0" occluded="0" xtl="1175.10" ytl="348.83" xbr="1326.50" ybr="478.77" z_order="0">
    </box>
    <box frame="94" keyframe="0" outside="0" occluded="0" xtl="1174.71" ytl="347.88" xbr="1326.10" ybr="477.81" z_order="0">
    </box>
    <box frame="95" keyframe="0" outside="0" occluded="0" xtl="1174.31" ytl="346.93" xbr="1325.70" ybr="476.86" z_order="0">
    </box>
    <box frame="96" keyframe="0" outside="0" occluded="0" xtl="1173.91" ytl="345.97" xbr="1325.30" ybr="475.91" z_order="0">
    </box>
    <box frame="97" keyframe="0" outside="0" occluded="0" xtl="1173.51" ytl="345.02" xbr="1324.90" ybr="474.95" z_order="0">
    </box>
    <box frame="98" keyframe="0" outside="0" occluded="0" xtl="1173.11" ytl="344.07" xbr="1324.50" ybr="474.00" z_order="0">
    </box>
    <box frame="99" keyframe="0" outside="0" occluded="0" xtl="1172.71" ytl="343.11" xbr="1324.10" ybr="473.05" z_order="0">
    </box>
    <box frame="100" keyframe="0" outside="0" occluded="0" xtl="1172.31" ytl="342.16" xbr="1323.71" ybr="472.09" z_order="0">
    </box>
    <box frame="101" keyframe="0" outside="0" occluded="0" xtl="1171.92" ytl="341.21" xbr="1323.31" ybr="471.14" z_order="0">
    </box>
    <box frame="102" keyframe="0" outside="0" occluded="0" xtl="1171.52" ytl="340.25" xbr="1322.91" ybr="470.19" z_order="0">
    </box>
    <box frame="103" keyframe="0" outside="0" occluded="0" xtl="1171.12" ytl="339.30" xbr="1322.51" ybr="469.23" z_order="0">
    </box>
    <box frame="104" keyframe="0" outside="0" occluded="0" xtl="1170.72" ytl="338.34" xbr="1322.11" ybr="468.28" z_order="0">
    </box>
    <box frame="105" keyframe="1" outside="0" occluded="0" xtl="1170.32" ytl="337.39" xbr="1321.71" ybr="467.32" z_order="0">
    </box>
    <box frame="106" keyframe="0" outside="0" occluded="0" xtl="1163.49" ytl="336.79" xbr="1314.88" ybr="466.73" z_order="0">
    </box>
    <box frame="107" keyframe="0" outside="0" occluded="0" xtl="1156.65" ytl="336.20" xbr="1308.04" ybr="466.13" z_order="0">
    </box>
    <box frame="108" keyframe="0" outside="0" occluded="0" xtl="1149.81" ytl="335.60" xbr="1301.21" ybr="465.54" z_order="0">
    </box>
    <box frame="109" keyframe="1" outside="0" occluded="0" xtl="1142.98" ytl="335.01" xbr="1294.37" ybr="464.94" z_order="0">
    </box>
    <box frame="110" keyframe="0" outside="0" occluded="0" xtl="1139.43" ytl="331.42" xbr="1290.82" ybr="461.35" z_order="0">
    </box>
    <box frame="111" keyframe="0" outside="0" occluded="0" xtl="1135.88" ytl="327.83" xbr="1287.28" ybr="457.76" z_order="0">
    </box>
    <box frame="112" keyframe="0" outside="0" occluded="0" xtl="1132.34" ytl="324.23" xbr="1283.73" ybr="454.17" z_order="0">
    </box>
    <box frame="113" keyframe="0" outside="0" occluded="0" xtl="1128.79" ytl="320.64" xbr="1280.18" ybr="450.58" z_order="0">
    </box>
    <box frame="114" keyframe="0" outside="0" occluded="0" xtl="1125.24" ytl="317.05" xbr="1276.63" ybr="446.99" z_order="0">
    </box>
    <box frame="115" keyframe="0" outside="0" occluded="0" xtl="1121.70" ytl="313.46" xbr="1273.09" ybr="443.40" z_order="0">
    </box>
    <box frame="116" keyframe="0" outside="0" occluded="0" xtl="1118.15" ytl="309.87" xbr="1269.54" ybr="439.81" z_order="0">
    </box>
    <box frame="117" keyframe="0" outside="0" occluded="0" xtl="1114.60" ytl="306.28" xbr="1265.99" ybr="436.22" z_order="0">
    </box>
    <box frame="118" keyframe="0" outside="0" occluded="0" xtl="1111.06" ytl="302.69" xbr="1262.45" ybr="432.63" z_order="0">
    </box>
    <box frame="119" keyframe="0" outside="0" occluded="0" xtl="1107.51" ytl="299.10" xbr="1258.90" ybr="429.04" z_order="0">
    </box>
    <box frame="120" keyframe="0" outside="0" occluded="0" xtl="1103.96" ytl="295.51" xbr="1255.35" ybr="425.45" z_order="0">
    </box>
    <box frame="121" keyframe="0" outside="0" occluded="0" xtl="1100.42" ytl="291.92" xbr="1251.81" ybr="421.85" z_order="0">
    </box>
    <box frame="122" keyframe="0" outside="0" occluded="0" xtl="1096.87" ytl="288.33" xbr="1248.26" ybr="418.26" z_order="0">
    </box>
    <box frame="123" keyframe="0" outside="0" occluded="0" xtl="1093.32" ytl="284.74" xbr="1244.71" ybr="414.67" z_order="0">
    </box>
    <box frame="124" keyframe="0" outside="0" occluded="0" xtl="1089.78" ytl="281.15" xbr="1241.17" ybr="411.08" z_order="0">
    </box>
    <box frame="125" keyframe="0" outside="0" occluded="0" xtl="1086.23" ytl="277.56" xbr="1237.62" ybr="407.49" z_order="0">
    </box>
    <box frame="126" keyframe="0" outside="0" occluded="0" xtl="1082.68" ytl="273.97" xbr="1234.07" ybr="403.90" z_order="0">
    </box>
    <box frame="127" keyframe="0" outside="0" occluded="0" xtl="1079.13" ytl="270.38" xbr="1230.53" ybr="400.31" z_order="0">
    </box>
    <box frame="128" keyframe="0" outside="0" occluded="0" xtl="1075.59" ytl="266.79" xbr="1226.98" ybr="396.72" z_order="0">
    </box>
    <box frame="129" keyframe="0" outside="0" occluded="0" xtl="1072.04" ytl="263.20" xbr="1223.43" ybr="393.13" z_order="0">
    </box>
    <box frame="130" keyframe="1" outside="0" occluded="0" xtl="1068.49" ytl="259.61" xbr="1219.88" ybr="389.54" z_order="0">
    </box>
    <box frame="131" keyframe="0" outside="0" occluded="0" xtl="1062.97" ytl="258.66" xbr="1214.36" ybr="388.59" z_order="0">
    </box>
    <box frame="132" keyframe="0" outside="0" occluded="0" xtl="1057.44" ytl="257.71" xbr="1208.83" ybr="387.64" z_order="0">
    </box>
    <box frame="133" keyframe="0" outside="0" occluded="0" xtl="1051.91" ytl="256.76" xbr="1203.30" ybr="386.70" z_order="0">
    </box>
    <box frame="134" keyframe="0" outside="0" occluded="0" xtl="1046.38" ytl="255.81" xbr="1197.77" ybr="385.75" z_order="0">
    </box>
    <box frame="135" keyframe="0" outside="0" occluded="0" xtl="1040.85" ytl="254.87" xbr="1192.24" ybr="384.80" z_order="0">
    </box>
    <box frame="136" keyframe="0" outside="0" occluded="0" xtl="1035.32" ytl="253.92" xbr="1186.71" ybr="383.85" z_order="0">
    </box>
    <box frame="137" keyframe="0" outside="0" occluded="0" xtl="1029.79" ytl="252.97" xbr="1181.18" ybr="382.90" z_order="0">
    </box>
    <box frame="138" keyframe="0" outside="0" occluded="0" xtl="1024.27" ytl="252.02" xbr="1175.66" ybr="381.96" z_order="0">
    </box>
    <box frame="139" keyframe="0" outside="0" occluded="0" xtl="1018.74" ytl="251.07" xbr="1170.13" ybr="381.01" z_order="0">
    </box>
    <box frame="140" keyframe="0" outside="0" occluded="0" xtl="1013.21" ytl="250.13" xbr="1164.60" ybr="380.06" z_order="0">
    </box>
    <box frame="141" keyframe="1" outside="0" occluded="0" xtl="1007.68" ytl="249.18" xbr="1159.07" ybr="379.11" z_order="0">
    </box>
    <box frame="142" keyframe="0" outside="0" occluded="0" xtl="1007.68" ytl="246.79" xbr="1159.07" ybr="376.73" z_order="0">
    </box>
    <box frame="143" keyframe="0" outside="0" occluded="0" xtl="1007.68" ytl="244.41" xbr="1159.07" ybr="374.34" z_order="0">
    </box>
    <box frame="144" keyframe="0" outside="0" occluded="0" xtl="1007.68" ytl="242.03" xbr="1159.07" ybr="371.96" z_order="0">
    </box>
    <box frame="145" keyframe="0" outside="0" occluded="0" xtl="1007.68" ytl="239.64" xbr="1159.07" ybr="369.57" z_order="0">
    </box>
    <box frame="146" keyframe="0" outside="0" occluded="0" xtl="1007.68" ytl="237.26" xbr="1159.07" ybr="367.19" z_order="0">
    </box>
    <box frame="147" keyframe="0" outside="0" occluded="0" xtl="1007.68" ytl="234.87" xbr="1159.07" ybr="364.81" z_order="0">
    </box>
    <box frame="148" keyframe="0" outside="0" occluded="0" xtl="1007.68" ytl="232.49" xbr="1159.07" ybr="362.42" z_order="0">
    </box>
    <box frame="149" keyframe="0" outside="0" occluded="0" xtl="1007.68" ytl="230.10" xbr="1159.07" ybr="360.04" z_order="0">
    </box>
    <box frame="150" keyframe="0" outside="0" occluded="0" xtl="1007.68" ytl="227.72" xbr="1159.07" ybr="357.65" z_order="0">
    </box>
    <box frame="151" keyframe="0" outside="0" occluded="0" xtl="1007.68" ytl="225.34" xbr="1159.07" ybr="355.27" z_order="0">
    </box>
    <box frame="152" keyframe="0" outside="0" occluded="0" xtl="1007.68" ytl="222.95" xbr="1159.07" ybr="352.89" z_order="0">
    </box>
    <box frame="153" keyframe="0" outside="0" occluded="0" xtl="1007.68" ytl="220.57" xbr="1159.07" ybr="350.50" z_order="0">
    </box>
    <box frame="154" keyframe="0" outside="0" occluded="0" xtl="1007.68" ytl="218.18" xbr="1159.07" ybr="348.12" z_order="0">
    </box>
    <box frame="155" keyframe="0" outside="0" occluded="0" xtl="1007.68" ytl="215.80" xbr="1159.07" ybr="345.73" z_order="0">
    </box>
    <box frame="156" keyframe="0" outside="0" occluded="0" xtl="1007.68" ytl="213.42" xbr="1159.07" ybr="343.35" z_order="0">
    </box>
    <box frame="157" keyframe="0" outside="0" occluded="0" xtl="1007.68" ytl="211.03" xbr="1159.07" ybr="340.96" z_order="0">
    </box>
    <box frame="158" keyframe="0" outside="0" occluded="0" xtl="1007.68" ytl="208.65" xbr="1159.07" ybr="338.58" z_order="0">
    </box>
    <box frame="159" keyframe="0" outside="0" occluded="0" xtl="1007.68" ytl="206.26" xbr="1159.07" ybr="336.20" z_order="0">
    </box>
    <box frame="160" keyframe="0" outside="0" occluded="0" xtl="1007.68" ytl="203.88" xbr="1159.07" ybr="333.81" z_order="0">
    </box>
    <box frame="161" keyframe="0" outside="0" occluded="0" xtl="1007.68" ytl="201.49" xbr="1159.07" ybr="331.43" z_order="0">
    </box>
    <box frame="162" keyframe="0" outside="0" occluded="0" xtl="1007.68" ytl="199.11" xbr="1159.07" ybr="329.04" z_order="0">
    </box>
    <box frame="163" keyframe="0" outside="0" occluded="0" xtl="1007.68" ytl="196.73" xbr="1159.07" ybr="326.66" z_order="0">
    </box>
    <box frame="164" keyframe="1" outside="0" occluded="0" xtl="1007.68" ytl="194.34" xbr="1159.07" ybr="324.28" z_order="0">
    </box>
    <box frame="165" keyframe="0" outside="0" occluded="0" xtl="1010.38" ytl="192.63" xbr="1161.77" ybr="322.57" z_order="0">
    </box>
    <box frame="166" keyframe="1" outside="0" occluded="0" xtl="1013.07" ytl="190.93" xbr="1164.46" ybr="320.86" z_order="0">
    </box>
    <box frame="167" keyframe="0" outside="0" occluded="0" xtl="1013.52" ytl="191.27" xbr="1164.91" ybr="321.20" z_order="0">
    </box>
    <box frame="168" keyframe="0" outside="0" occluded="0" xtl="1013.98" ytl="191.61" xbr="1165.37" ybr="321.54" z_order="0">
    </box>
    <box frame="169" keyframe="0" outside="0" occluded="0" xtl="1014.43" ytl="191.95" xbr="1165.82" ybr="321.89" z_order="0">
    </box>
    <box frame="170" keyframe="0" outside="0" occluded="0" xtl="1014.88" ytl="192.29" xbr="1166.27" ybr="322.23" z_order="0">
    </box>
    <box frame="171" keyframe="0" outside="0" occluded="0" xtl="1015.33" ytl="192.63" xbr="1166.72" ybr="322.57" z_order="0">
    </box>
    <box frame="172" keyframe="0" outside="0" occluded="0" xtl="1015.79" ytl="192.98" xbr="1167.18" ybr="322.91" z_order="0">
    </box>
    <box frame="173" keyframe="0" outside="0" occluded="0" xtl="1016.24" ytl="193.32" xbr="1167.63" ybr="323.25" z_order="0">
    </box>
    <box frame="174" keyframe="0" outside="0" occluded="0" xtl="1016.69" ytl="193.66" xbr="1168.08" ybr="323.59" z_order="0">
    </box>
    <box frame="175" keyframe="0" outside="0" occluded="0" xtl="1017.14" ytl="194.00" xbr="1168.53" ybr="323.93" z_order="0">
    </box>
    <box frame="176" keyframe="1" outside="0" occluded="0" xtl="1017.60" ytl="194.34" xbr="1168.99" ybr="324.28" z_order="0">
    </box>
    <box frame="177" keyframe="0" outside="0" occluded="0" xtl="1017.39" ytl="199.27" xbr="1168.78" ybr="329.21" z_order="0">
    </box>
    <box frame="178" keyframe="0" outside="0" occluded="0" xtl="1017.19" ytl="204.20" xbr="1168.58" ybr="334.14" z_order="0">
    </box>
    <box frame="179" keyframe="0" outside="0" occluded="0" xtl="1016.99" ytl="209.13" xbr="1168.38" ybr="339.07" z_order="0">
    </box>
    <box frame="180" keyframe="0" outside="0" occluded="0" xtl="1016.78" ytl="214.07" xbr="1168.17" ybr="344.00" z_order="0">
    </box>
    <box frame="181" keyframe="0" outside="0" occluded="0" xtl="1016.58" ytl="219.00" xbr="1167.97" ybr="348.93" z_order="0">
    </box>
    <box frame="182" keyframe="0" outside="0" occluded="0" xtl="1016.38" ytl="223.93" xbr="1167.77" ybr="353.86" z_order="0">
    </box>
    <box frame="183" keyframe="0" outside="0" occluded="0" xtl="1016.17" ytl="228.86" xbr="1167.56" ybr="358.79" z_order="0">
    </box>
    <box frame="184" keyframe="0" outside="0" occluded="0" xtl="1015.97" ytl="233.79" xbr="1167.36" ybr="363.72" z_order="0">
    </box>
    <box frame="185" keyframe="0" outside="0" occluded="0" xtl="1015.77" ytl="238.72" xbr="1167.16" ybr="368.65" z_order="0">
    </box>
    <box frame="186" keyframe="0" outside="0" occluded="0" xtl="1015.56" ytl="243.65" xbr="1166.96" ybr="373.58" z_order="0">
    </box>
    <box frame="187" keyframe="0" outside="0" occluded="0" xtl="1015.36" ytl="248.58" xbr="1166.75" ybr="378.51" z_order="0">
    </box>
    <box frame="188" keyframe="1" outside="0" occluded="0" xtl="1015.16" ytl="253.51" xbr="1166.55" ybr="383.45" z_order="0">
    </box>
    <box frame="189" keyframe="0" outside="0" occluded="0" xtl="1017.11" ytl="254.88" xbr="1168.50" ybr="384.82" z_order="0">
    </box>
    <box frame="190" keyframe="0" outside="0" occluded="0" xtl="1019.06" ytl="256.26" xbr="1170.45" ybr="386.19" z_order="0">
    </box>
    <box frame="191" keyframe="0" outside="0" occluded="0" xtl="1021.01" ytl="257.63" xbr="1172.40" ybr="387.56" z_order="0">
    </box>
    <box frame="192" keyframe="0" outside="0" occluded="0" xtl="1022.96" ytl="259.00" xbr="1174.35" ybr="388.94" z_order="0">
    </box>
    <box frame="193" keyframe="0" outside="0" occluded="0" xtl="1024.91" ytl="260.37" xbr="1176.30" ybr="390.31" z_order="0">
    </box>
    <box frame="194" keyframe="0" outside="0" occluded="0" xtl="1026.86" ytl="261.75" xbr="1178.25" ybr="391.68" z_order="0">
    </box>
    <box frame="195" keyframe="0" outside="0" occluded="0" xtl="1028.81" ytl="263.12" xbr="1180.20" ybr="393.05" z_order="0">
    </box>
    <box frame="196" keyframe="0" outside="0" occluded="0" xtl="1030.76" ytl="264.49" xbr="1182.15" ybr="394.43" z_order="0">
    </box>
    <box frame="197" keyframe="1" outside="0" occluded="0" xtl="1032.71" ytl="265.87" xbr="1184.10" ybr="395.80" z_order="0">
    </box>
    <box frame="198" keyframe="1" outside="0" occluded="0" xtl="1034.27" ytl="262.04" xbr="1185.66" ybr="391.98" z_order="0">
    </box>
    <box frame="199" keyframe="0" outside="0" occluded="0" xtl="1035.83" ytl="261.40" xbr="1187.22" ybr="391.33" z_order="0">
    </box>
    <box frame="200" keyframe="0" outside="0" occluded="0" xtl="1037.39" ytl="260.76" xbr="1188.78" ybr="390.69" z_order="0">
    </box>
    <box frame="201" keyframe="1" outside="0" occluded="0" xtl="1038.95" ytl="260.12" xbr="1190.34" ybr="390.05" z_order="0">
    </box>
    <box frame="202" keyframe="0" outside="0" occluded="0" xtl="1036.88" ytl="256.99" xbr="1188.27" ybr="386.92" z_order="0">
    </box>
    <box frame="203" keyframe="0" outside="0" occluded="0" xtl="1034.81" ytl="253.86" xbr="1186.20" ybr="383.79" z_order="0">
    </box>
    <box frame="204" keyframe="0" outside="0" occluded="0" xtl="1032.74" ytl="250.73" xbr="1184.13" ybr="380.66" z_order="0">
    </box>
    <box frame="205" keyframe="0" outside="0" occluded="0" xtl="1030.67" ytl="247.60" xbr="1182.06" ybr="377.53" z_order="0">
    </box>
    <box frame="206" keyframe="0" outside="0" occluded="0" xtl="1028.60" ytl="244.47" xbr="1179.99" ybr="374.40" z_order="0">
    </box>
    <box frame="207" keyframe="0" outside="0" occluded="0" xtl="1026.53" ytl="241.34" xbr="1177.92" ybr="371.27" z_order="0">
    </box>
    <box frame="208" keyframe="0" outside="0" occluded="0" xtl="1024.46" ytl="238.21" xbr="1175.86" ybr="368.15" z_order="0">
    </box>
    <box frame="209" keyframe="0" outside="0" occluded="0" xtl="1022.39" ytl="235.08" xbr="1173.79" ybr="365.02" z_order="0">
    </box>
    <box frame="210" keyframe="0" outside="0" occluded="0" xtl="1020.32" ytl="231.95" xbr="1171.72" ybr="361.89" z_order="0">
    </box>
    <box frame="211" keyframe="0" outside="0" occluded="0" xtl="1018.25" ytl="228.82" xbr="1169.65" ybr="358.76" z_order="0">
    </box>
    <box frame="212" keyframe="0" outside="0" occluded="0" xtl="1016.19" ytl="225.70" xbr="1167.58" ybr="355.63" z_order="0">
    </box>
    <box frame="213" keyframe="0" outside="0" occluded="0" xtl="1014.12" ytl="222.57" xbr="1165.51" ybr="352.50" z_order="0">
    </box>
    <box frame="214" keyframe="0" outside="0" occluded="0" xtl="1012.05" ytl="219.44" xbr="1163.44" ybr="349.37" z_order="0">
    </box>
    <box frame="215" keyframe="0" outside="0" occluded="0" xtl="1009.98" ytl="216.31" xbr="1161.37" ybr="346.24" z_order="0">
    </box>
    <box frame="216" keyframe="0" outside="0" occluded="0" xtl="1007.91" ytl="213.18" xbr="1159.30" ybr="343.11" z_order="0">
    </box>
    <box frame="217" keyframe="0" outside="0" occluded="0" xtl="1005.84" ytl="210.05" xbr="1157.23" ybr="339.98" z_order="0">
    </box>
    <box frame="218" keyframe="0" outside="0" occluded="0" xtl="1003.77" ytl="206.92" xbr="1155.16" ybr="336.86" z_order="0">
    </box>
    <box frame="219" keyframe="0" outside="0" occluded="0" xtl="1001.70" ytl="203.79" xbr="1153.09" ybr="333.73" z_order="0">
    </box>
    <box frame="220" keyframe="0" outside="0" occluded="0" xtl="999.63" ytl="200.66" xbr="1151.02" ybr="330.60" z_order="0">
    </box>
    <box frame="221" keyframe="0" outside="0" occluded="0" xtl="997.56" ytl="197.53" xbr="1148.95" ybr="327.47" z_order="0">
    </box>
    <box frame="222" keyframe="0" outside="0" occluded="0" xtl="995.49" ytl="194.41" xbr="1146.88" ybr="324.34" z_order="0">
    </box>
    <box frame="223" keyframe="0" outside="0" occluded="0" xtl="993.42" ytl="191.28" xbr="1144.81" ybr="321.21" z_order="0">
    </box>
    <box frame="224" keyframe="0" outside="0" occluded="0" xtl="991.35" ytl="188.15" xbr="1142.74" ybr="318.08" z_order="0">
    </box>
    <box frame="225" keyframe="0" outside="0" occluded="0" xtl="989.28" ytl="185.02" xbr="1140.67" ybr="314.95" z_order="0">
    </box>
    <box frame="226" keyframe="0" outside="0" occluded="0" xtl="987.21" ytl="181.89" xbr="1138.60" ybr="311.82" z_order="0">
    </box>
    <box frame="227" keyframe="0" outside="0" occluded="0" xtl="985.14" ytl="178.76" xbr="1136.53" ybr="308.69" z_order="0">
    </box>
    <box frame="228" keyframe="0" outside="0" occluded="0" xtl="983.07" ytl="175.63" xbr="1134.46" ybr="305.56" z_order="0">
    </box>
    <box frame="229" keyframe="1" outside="0" occluded="0" xtl="981.00" ytl="172.50" xbr="1132.39" ybr="302.44" z_order="0">
    </box>
    <box frame="230" keyframe="0" outside="0" occluded="0" xtl="977.65" ytl="174.48" xbr="1129.04" ybr="304.42" z_order="0">
    </box>
    <box frame="231" keyframe="1" outside="0" occluded="0" xtl="974.30" ytl="176.46" xbr="1125.69" ybr="306.40" z_order="0">
    </box>
    <box frame="232" keyframe="0" outside="0" occluded="0" xtl="977.07" ytl="178.52" xbr="1128.46" ybr="308.45" z_order="0">
    </box>
    <box frame="233" keyframe="0" outside="0" occluded="0" xtl="979.84" ytl="180.57" xbr="1131.23" ybr="310.51" z_order="0">
    </box>
    <box frame="234" keyframe="0" outside="0" occluded="0" xtl="982.60" ytl="182.63" xbr="1134.00" ybr="312.56" z_order="0">
    </box>
    <box frame="235" keyframe="0" outside="0" occluded="0" xtl="985.37" ytl="184.68" xbr="1136.76" ybr="314.61" z_order="0">
    </box>
    <box frame="236" keyframe="0" outside="0" occluded="0" xtl="988.14" ytl="186.73" xbr="1139.53" ybr="316.67" z_order="0">
    </box>
    <box frame="237" keyframe="0" outside="0" occluded="0" xtl="990.91" ytl="188.79" xbr="1142.30" ybr="318.72" z_order="0">
    </box>
    <box frame="238" keyframe="0" outside="0" occluded="0" xtl="993.67" ytl="190.84" xbr="1145.06" ybr="320.78" z_order="0">
    </box>
    <box frame="239" keyframe="0" outside="0" occluded="0" xtl="996.44" ytl="192.90" xbr="1147.83" ybr="322.83" z_order="0">
    </box>
    <box frame="240" keyframe="0" outside="0" occluded="0" xtl="999.21" ytl="194.95" xbr="1150.60" ybr="324.88" z_order="0">
    </box>
    <box frame="241" keyframe="0" outside="0" occluded="0" xtl="1001.98" ytl="197.00" xbr="1153.37" ybr="326.94" z_order="0">
    </box>
    <box frame="242" keyframe="0" outside="0" occluded="0" xtl="1004.74" ytl="199.06" xbr="1156.13" ybr="328.99" z_order="0">
    </box>
    <box frame="243" keyframe="0" outside="0" occluded="0" xtl="1007.51" ytl="201.11" xbr="1158.90" ybr="331.05" z_order="0">
    </box>
    <box frame="244" keyframe="0" outside="0" occluded="0" xtl="1010.28" ytl="203.17" xbr="1161.67" ybr="333.10" z_order="0">
    </box>
    <box frame="245" keyframe="0" outside="0" occluded="0" xtl="1013.05" ytl="205.22" xbr="1164.44" ybr="335.16" z_order="0">
    </box>
    <box frame="246" keyframe="0" outside="0" occluded="0" xtl="1015.81" ytl="207.28" xbr="1167.20" ybr="337.21" z_order="0">
    </box>
    <box frame="247" keyframe="1" outside="0" occluded="0" xtl="1018.58" ytl="209.33" xbr="1169.97" ybr="339.26" z_order="0">
    </box>
    <box frame="248" keyframe="0" outside="0" occluded="0" xtl="1024.09" ytl="203.84" xbr="1175.48" ybr="333.77" z_order="0">
    </box>
    <box frame="249" keyframe="0" outside="0" occluded="0" xtl="1029.60" ytl="198.34" xbr="1180.99" ybr="328.28" z_order="0">
    </box>
    <box frame="250" keyframe="0" outside="0" occluded="0" xtl="1035.12" ytl="192.85" xbr="1186.51" ybr="322.78" z_order="0">
    </box>
    <box frame="251" keyframe="0" outside="0" occluded="0" xtl="1040.63" ytl="187.35" xbr="1192.02" ybr="317.29" z_order="0">
    </box>
    <box frame="252" keyframe="0" outside="0" occluded="0" xtl="1046.14" ytl="181.86" xbr="1197.53" ybr="311.79" z_order="0">
    </box>
    <box frame="253" keyframe="0" outside="0" occluded="0" xtl="1051.65" ytl="176.36" xbr="1203.04" ybr="306.30" z_order="0">
    </box>
    <box frame="254" keyframe="0" outside="0" occluded="0" xtl="1057.16" ytl="170.87" xbr="1208.55" ybr="300.80" z_order="0">
    </box>
    <box frame="255" keyframe="0" outside="0" occluded="0" xtl="1062.68" ytl="165.38" xbr="1214.07" ybr="295.31" z_order="0">
    </box>
    <box frame="256" keyframe="0" outside="0" occluded="0" xtl="1068.19" ytl="159.88" xbr="1219.58" ybr="289.82" z_order="0">
    </box>
    <box frame="257" keyframe="0" outside="0" occluded="0" xtl="1073.70" ytl="154.39" xbr="1225.09" ybr="284.32" z_order="0">
    </box>
    <box frame="258" keyframe="0" outside="0" occluded="0" xtl="1079.21" ytl="148.89" xbr="1230.60" ybr="278.83" z_order="0">
    </box>
    <box frame="259" keyframe="0" outside="0" occluded="0" xtl="1084.72" ytl="143.40" xbr="1236.12" ybr="273.33" z_order="0">
    </box>
    <box frame="260" keyframe="0" outside="0" occluded="0" xtl="1090.24" ytl="137.90" xbr="1241.63" ybr="267.84" z_order="0">
    </box>
    <box frame="261" keyframe="0" outside="0" occluded="0" xtl="1095.75" ytl="132.41" xbr="1247.14" ybr="262.34" z_order="0">
    </box>
    <box frame="262" keyframe="0" outside="0" occluded="0" xtl="1101.26" ytl="126.92" xbr="1252.65" ybr="256.85" z_order="0">
    </box>
    <box frame="263" keyframe="0" outside="0" occluded="0" xtl="1106.77" ytl="121.42" xbr="1258.16" ybr="251.36" z_order="0">
    </box>
    <box frame="264" keyframe="0" outside="0" occluded="0" xtl="1112.28" ytl="115.93" xbr="1263.68" ybr="245.86" z_order="0">
    </box>
    <box frame="265" keyframe="0" outside="0" occluded="0" xtl="1117.80" ytl="110.43" xbr="1269.19" ybr="240.37" z_order="0">
    </box>
    <box frame="266" keyframe="1" outside="0" occluded="0" xtl="1123.31" ytl="104.94" xbr="1274.70" ybr="234.87" z_order="0">
    </box>
    <box frame="267" keyframe="0" outside="0" occluded="0" xtl="1123.52" ytl="103.94" xbr="1274.91" ybr="233.87" z_order="0">
    </box>
    <box frame="268" keyframe="0" outside="0" occluded="0" xtl="1123.73" ytl="102.94" xbr="1275.12" ybr="232.88" z_order="0">
    </box>
    <box frame="269" keyframe="0" outside="0" occluded="0" xtl="1123.94" ytl="101.94" xbr="1275.33" ybr="231.88" z_order="0">
    </box>
    <box frame="270" keyframe="0" outside="0" occluded="0" xtl="1124.14" ytl="100.95" xbr="1275.54" ybr="230.88" z_order="0">
    </box>
    <box frame="271" keyframe="0" outside="0" occluded="0" xtl="1124.35" ytl="99.95" xbr="1275.74" ybr="229.88" z_order="0">
    </box>
    <box frame="272" keyframe="0" outside="0" occluded="0" xtl="1124.56" ytl="98.95" xbr="1275.95" ybr="228.88" z_order="0">
    </box>
    <box frame="273" keyframe="0" outside="0" occluded="0" xtl="1124.77" ytl="97.95" xbr="1276.16" ybr="227.88" z_order="0">
    </box>
    <box frame="274" keyframe="0" outside="0" occluded="0" xtl="1124.98" ytl="96.95" xbr="1276.37" ybr="226.88" z_order="0">
    </box>
    <box frame="275" keyframe="0" outside="0" occluded="0" xtl="1125.19" ytl="95.95" xbr="1276.58" ybr="225.89" z_order="0">
    </box>
    <box frame="276" keyframe="0" outside="0" occluded="0" xtl="1125.40" ytl="94.95" xbr="1276.79" ybr="224.89" z_order="0">
    </box>
    <box frame="277" keyframe="1" outside="0" occluded="0" xtl="1125.61" ytl="93.96" xbr="1277.00" ybr="223.89" z_order="0">
    </box>
    <box frame="278" keyframe="0" outside="0" occluded="0" xtl="1124.30" ytl="118.24" xbr="1275.69" ybr="248.18" z_order="0">
    </box>
    <box frame="279" keyframe="0" outside="0" occluded="0" xtl="1122.99" ytl="142.53" xbr="1274.38" ybr="272.46" z_order="0">
    </box>
    <box frame="280" keyframe="1" outside="0" occluded="0" xtl="1121.68" ytl="166.82" xbr="1273.07" ybr="296.75" z_order="0">
    </box>
    <box frame="281" keyframe="1" outside="0" occluded="0" xtl="1116.11" ytl="209.12" xbr="1267.50" ybr="339.05" z_order="0">
    </box>
    <box frame="282" keyframe="0" outside="0" occluded="0" xtl="1115.00" ytl="235.03" xbr="1266.39" ybr="364.96" z_order="0">
    </box>
    <box frame="283" keyframe="0" outside="0" occluded="0" xtl="1113.89" ytl="260.94" xbr="1265.28" ybr="390.87" z_order="0">
    </box>
    <box frame="284" keyframe="0" outside="0" occluded="0" xtl="1112.78" ytl="286.85" xbr="1264.17" ybr="416.78" z_order="0">
    </box>
    <box frame="285" keyframe="1" outside="0" occluded="0" xtl="1111.67" ytl="312.76" xbr="1263.06" ybr="442.70" z_order="0">
    </box>
    <box frame="286" keyframe="0" outside="0" occluded="0" xtl="1111.58" ytl="314.61" xbr="1262.97" ybr="444.55" z_order="0">
    </box>
    <box frame="287" keyframe="0" outside="0" occluded="0" xtl="1111.48" ytl="316.46" xbr="1262.87" ybr="446.40" z_order="0">
    </box>
    <box frame="288" keyframe="1" outside="0" occluded="0" xtl="1111.39" ytl="318.32" xbr="1262.78" ybr="448.25" z_order="0">
    </box>
    <box frame="289" keyframe="0" outside="0" occluded="0" xtl="1115.11" ytl="302.60" xbr="1266.50" ybr="432.53" z_order="0">
    </box>
    <box frame="290" keyframe="0" outside="0" occluded="0" xtl="1118.82" ytl="286.88" xbr="1270.21" ybr="416.82" z_order="0">
    </box>
    <box frame="291" keyframe="0" outside="0" occluded="0" xtl="1122.54" ytl="271.17" xbr="1273.93" ybr="401.10" z_order="0">
    </box>
    <box frame="292" keyframe="0" outside="0" occluded="0" xtl="1126.26" ytl="255.45" xbr="1277.65" ybr="385.38" z_order="0">
    </box>
    <box frame="293" keyframe="0" outside="0" occluded="0" xtl="1129.98" ytl="239.73" xbr="1281.37" ybr="369.67" z_order="0">
    </box>
    <box frame="294" keyframe="0" outside="0" occluded="0" xtl="1133.69" ytl="224.02" xbr="1285.08" ybr="353.95" z_order="0">
    </box>
    <box frame="295" keyframe="0" outside="0" occluded="0" xtl="1137.41" ytl="208.30" xbr="1288.80" ybr="338.23" z_order="0">
    </box>
    <box frame="296" keyframe="1" outside="0" occluded="0" xtl="1141.13" ytl="192.58" xbr="1292.52" ybr="322.52" z_order="0">
    </box>
    <box frame="297" keyframe="0" outside="0" occluded="0" xtl="1143.30" ytl="196.43" xbr="1294.69" ybr="326.36" z_order="0">
    </box>
    <box frame="298" keyframe="0" outside="0" occluded="0" xtl="1145.47" ytl="200.27" xbr="1296.86" ybr="330.21" z_order="0">
    </box>
    <box frame="299" keyframe="0" outside="0" occluded="0" xtl="1147.65" ytl="204.12" xbr="1299.04" ybr="334.05" z_order="0">
    </box>
    <box frame="300" keyframe="0" outside="0" occluded="0" xtl="1149.82" ytl="207.96" xbr="1301.21" ybr="337.90" z_order="0">
    </box>
    <box frame="301" keyframe="0" outside="0" occluded="0" xtl="1151.99" ytl="211.81" xbr="1303.38" ybr="341.74" z_order="0">
    </box>
    <box frame="302" keyframe="0" outside="0" occluded="0" xtl="1154.16" ytl="215.65" xbr="1305.56" ybr="345.58" z_order="0">
    </box>
    <box frame="303" keyframe="0" outside="0" occluded="0" xtl="1156.34" ytl="219.50" xbr="1307.73" ybr="349.43" z_order="0">
    </box>
    <box frame="304" keyframe="0" outside="0" occluded="0" xtl="1158.51" ytl="223.34" xbr="1309.90" ybr="353.27" z_order="0">
    </box>
    <box frame="305" keyframe="0" outside="0" occluded="0" xtl="1160.68" ytl="227.18" xbr="1312.07" ybr="357.12" z_order="0">
    </box>
    <box frame="306" keyframe="0" outside="0" occluded="0" xtl="1162.86" ytl="231.03" xbr="1314.25" ybr="360.96" z_order="0">
    </box>
    <box frame="307" keyframe="1" outside="0" occluded="0" xtl="1165.03" ytl="234.87" xbr="1316.42" ybr="364.81" z_order="0">
    </box>
    <box frame="308" keyframe="0" outside="0" occluded="0" xtl="1161.65" ytl="235.22" xbr="1314.43" ybr="366.65" z_order="0">
    </box>
    <box frame="309" keyframe="0" outside="0" occluded="0" xtl="1158.26" ytl="235.58" xbr="1312.43" ybr="368.49" z_order="0">
    </box>
    <box frame="310" keyframe="0" outside="0" occluded="0" xtl="1154.88" ytl="235.93" xbr="1310.44" ybr="370.33" z_order="0">
    </box>
    <box frame="311" keyframe="0" outside="0" occluded="0" xtl="1151.49" ytl="236.28" xbr="1308.45" ybr="372.17" z_order="0">
    </box>
    <box frame="312" keyframe="0" outside="0" occluded="0" xtl="1148.11" ytl="236.63" xbr="1306.45" ybr="374.01" z_order="0">
    </box>
    <box frame="313" keyframe="0" outside="0" occluded="0" xtl="1144.72" ytl="236.98" xbr="1304.46" ybr="375.85" z_order="0">
    </box>
    <box frame="314" keyframe="0" outside="0" occluded="0" xtl="1141.34" ytl="237.33" xbr="1302.47" ybr="377.69" z_order="0">
    </box>
    <box frame="315" keyframe="0" outside="0" occluded="0" xtl="1137.96" ytl="237.68" xbr="1300.47" ybr="379.54" z_order="0">
    </box>
    <box frame="316" keyframe="0" outside="0" occluded="0" xtl="1134.57" ytl="238.03" xbr="1298.48" ybr="381.38" z_order="0">
    </box>
    <box frame="317" keyframe="0" outside="0" occluded="0" xtl="1131.19" ytl="238.38" xbr="1296.49" ybr="383.22" z_order="0">
    </box>
    <box frame="318" keyframe="0" outside="0" occluded="0" xtl="1127.80" ytl="238.73" xbr="1294.49" ybr="385.06" z_order="0">
    </box>
    <box frame="319" keyframe="1" outside="0" occluded="0" xtl="1124.42" ytl="239.09" xbr="1292.50" ybr="386.90" z_order="0">
    </box>
    <box frame="320" keyframe="0" outside="0" occluded="0" xtl="1131.47" ytl="207.15" xbr="1293.98" ybr="349.01" z_order="0">
    </box>
    <box frame="321" keyframe="0" outside="0" occluded="0" xtl="1138.51" ytl="175.22" xbr="1295.47" ybr="311.11" z_order="0">
    </box>
    <box frame="322" keyframe="1" outside="0" occluded="0" xtl="1145.56" ytl="143.28" xbr="1296.95" ybr="273.22" z_order="0">
    </box>
    <box frame="323" keyframe="0" outside="0" occluded="0" xtl="1150.46" ytl="106.66" xbr="1301.85" ybr="236.59" z_order="0">
    </box>
    <box frame="324" keyframe="0" outside="0" occluded="0" xtl="1155.36" ytl="70.04" xbr="1306.75" ybr="199.97" z_order="0">
    </box>
    <box frame="325" keyframe="1" outside="0" occluded="0" xtl="1160.26" ytl="33.42" xbr="1311.65" ybr="163.35" z_order="0">
    </box>
    <box frame="326" keyframe="0" outside="0" occluded="0" xtl="1164.35" ytl="31.95" xbr="1318.38" ybr="162.35" z_order="0">
    </box>
    <box frame="327" keyframe="0" outside="0" occluded="0" xtl="1168.45" ytl="30.48" xbr="1325.10" ybr="161.36" z_order="0">
    </box>
    <box frame="328" keyframe="1" outside="0" occluded="0" xtl="1172.54" ytl="29.01" xbr="1331.83" ybr="160.36" z_order="0">
    </box>
    <box frame="329" keyframe="0" outside="0" occluded="0" xtl="1174.65" ytl="47.40" xbr="1336.56" ybr="179.23" z_order="0">
    </box>
    <box frame="330" keyframe="1" outside="0" occluded="0" xtl="1176.75" ytl="65.80" xbr="1341.30" ybr="198.10" z_order="0">
    </box>
    <box frame="331" keyframe="1" outside="0" occluded="0" xtl="1175.76" ytl="89.44" xbr="1327.15" ybr="219.38" z_order="0">
    </box>
    <box frame="332" keyframe="0" outside="0" occluded="0" xtl="1179.77" ytl="100.61" xbr="1331.16" ybr="230.07" z_order="0">
    </box>
    <box frame="333" keyframe="0" outside="0" occluded="0" xtl="1183.78" ytl="111.77" xbr="1335.17" ybr="240.76" z_order="0">
    </box>
    <box frame="334" keyframe="0" outside="0" occluded="0" xtl="1187.80" ytl="122.93" xbr="1339.19" ybr="251.44" z_order="0">
    </box>
    <box frame="335" keyframe="0" outside="0" occluded="0" xtl="1191.81" ytl="134.10" xbr="1343.20" ybr="262.13" z_order="0">
    </box>
    <box frame="336" keyframe="1" outside="0" occluded="0" xtl="1195.82" ytl="145.26" xbr="1347.21" ybr="272.82" z_order="0">
    </box>
    <box frame="337" keyframe="1" outside="0" occluded="0" xtl="1195.54" ytl="119.23" xbr="1346.94" ybr="246.32" z_order="0">
    </box>
    <box frame="338" keyframe="0" outside="0" occluded="0" xtl="1198.27" ytl="95.38" xbr="1349.66" ybr="221.63" z_order="0">
    </box>
    <box frame="339" keyframe="0" outside="0" occluded="0" xtl="1201.00" ytl="71.54" xbr="1352.39" ybr="196.94" z_order="0">
    </box>
    <box frame="340" keyframe="0" outside="0" occluded="0" xtl="1203.73" ytl="47.69" xbr="1355.12" ybr="172.25" z_order="0">
    </box>
    <box frame="341" keyframe="0" outside="0" occluded="0" xtl="1206.46" ytl="23.85" xbr="1357.85" ybr="147.56" z_order="0">
    </box>
    <box frame="342" keyframe="1" outside="0" occluded="0" xtl="1209.19" ytl="0.00" xbr="1360.58" ybr="122.87" z_order="0">
    </box>
    <box frame="343" keyframe="0" outside="0" occluded="0" xtl="1212.45" ytl="0.00" xbr="1363.84" ybr="122.86" z_order="0">
    </box>
    <box frame="344" keyframe="0" outside="0" occluded="0" xtl="1215.72" ytl="0.00" xbr="1367.11" ybr="122.85" z_order="0">
    </box>
    <box frame="345" keyframe="0" outside="0" occluded="0" xtl="1218.98" ytl="0.00" xbr="1370.37" ybr="122.83" z_order="0">
    </box>
    <box frame="346" keyframe="1" outside="0" occluded="0" xtl="1222.25" ytl="0.00" xbr="1373.64" ybr="122.82" z_order="0">
    </box>
    <box frame="347" keyframe="0" outside="0" occluded="0" xtl="1223.08" ytl="1.19" xbr="1375.30" ybr="126.64" z_order="0">
    </box>
    <box frame="348" keyframe="0" outside="0" occluded="0" xtl="1223.92" ytl="2.38" xbr="1376.97" ybr="130.46" z_order="0">
    </box>
    <box frame="349" keyframe="0" outside="0" occluded="0" xtl="1224.75" ytl="3.58" xbr="1378.64" ybr="134.27" z_order="0">
    </box>
    <box frame="350" keyframe="0" outside="0" occluded="0" xtl="1225.59" ytl="4.77" xbr="1380.30" ybr="138.09" z_order="0">
    </box>
    <box frame="351" keyframe="0" outside="0" occluded="0" xtl="1226.42" ytl="5.96" xbr="1381.97" ybr="141.91" z_order="0">
    </box>
    <box frame="352" keyframe="0" outside="0" occluded="0" xtl="1227.26" ytl="7.15" xbr="1383.64" ybr="145.73" z_order="0">
    </box>
    <box frame="353" keyframe="0" outside="0" occluded="0" xtl="1228.09" ytl="8.35" xbr="1385.30" ybr="149.55" z_order="0">
    </box>
    <box frame="354" keyframe="0" outside="0" occluded="0" xtl="1228.92" ytl="9.54" xbr="1386.97" ybr="153.36" z_order="0">
    </box>
    <box frame="355" keyframe="0" outside="0" occluded="0" xtl="1229.76" ytl="10.73" xbr="1388.63" ybr="157.18" z_order="0">
    </box>
    <box frame="356" keyframe="1" outside="0" occluded="0" xtl="1230.59" ytl="11.92" xbr="1390.30" ybr="161.00" z_order="0">
    </box>
    <box frame="357" keyframe="0" outside="0" occluded="0" xtl="1230.13" ytl="16.82" xbr="1389.84" ybr="165.90" z_order="0">
    </box>
    <box frame="358" keyframe="0" outside="0" occluded="0" xtl="1229.67" ytl="21.72" xbr="1389.37" ybr="170.80" z_order="0">
    </box>
    <box frame="359" keyframe="0" outside="0" occluded="0" xtl="1229.20" ytl="26.62" xbr="1388.91" ybr="175.70" z_order="0">
    </box>
    <box frame="360" keyframe="0" outside="0" occluded="0" xtl="1228.74" ytl="31.52" xbr="1388.45" ybr="180.60" z_order="0">
    </box>
    <box frame="361" keyframe="0" outside="0" occluded="0" xtl="1228.28" ytl="36.43" xbr="1387.98" ybr="185.50" z_order="0">
    </box>
    <box frame="362" keyframe="1" outside="0" occluded="0" xtl="1227.81" ytl="41.33" xbr="1387.52" ybr="190.40" z_order="0">
    </box>
    <box frame="363" keyframe="0" outside="0" occluded="0" xtl="1223.47" ytl="45.23" xbr="1383.18" ybr="194.31" z_order="0">
    </box>
    <box frame="364" keyframe="0" outside="0" occluded="0" xtl="1219.14" ytl="49.14" xbr="1378.84" ybr="198.22" z_order="0">
    </box>
    <box frame="365" keyframe="1" outside="0" occluded="0" xtl="1214.80" ytl="53.05" xbr="1374.50" ybr="202.12" z_order="0">
    </box>
    <box frame="366" keyframe="1" outside="0" occluded="0" xtl="1208.08" ytl="103.05" xbr="1367.78" ybr="252.12" z_order="0">
    </box>
    <box frame="367" keyframe="0" outside="0" occluded="0" xtl="1208.21" ytl="128.61" xbr="1367.92" ybr="277.69" z_order="0">
    </box>
    <box frame="368" keyframe="1" outside="0" occluded="0" xtl="1208.34" ytl="154.17" xbr="1368.05" ybr="303.25" z_order="0">
    </box>
    <box frame="369" keyframe="0" outside="0" occluded="0" xtl="1206.49" ytl="183.91" xbr="1366.19" ybr="332.99" z_order="0">
    </box>
    <box frame="370" keyframe="0" outside="0" occluded="0" xtl="1204.63" ytl="213.64" xbr="1364.34" ybr="362.72" z_order="0">
    </box>
    <box frame="371" keyframe="0" outside="0" occluded="0" xtl="1202.78" ytl="243.38" xbr="1362.48" ybr="392.46" z_order="0">
    </box>
    <box frame="372" keyframe="0" outside="0" occluded="0" xtl="1200.92" ytl="273.12" xbr="1360.63" ybr="422.19" z_order="0">
    </box>
    <box frame="373" keyframe="0" outside="0" occluded="0" xtl="1199.07" ytl="302.85" xbr="1358.78" ybr="451.93" z_order="0">
    </box>
    <box frame="374" keyframe="1" outside="0" occluded="0" xtl="1197.21" ytl="332.59" xbr="1356.92" ybr="481.66" z_order="0">
    </box>
    <box frame="375" keyframe="0" outside="0" occluded="0" xtl="1199.18" ytl="338.89" xbr="1358.89" ybr="487.97" z_order="0">
    </box>
    <box frame="376" keyframe="1" outside="0" occluded="0" xtl="1201.15" ytl="345.19" xbr="1360.86" ybr="494.27" z_order="0">
    </box>
    <box frame="377" keyframe="1" outside="0" occluded="0" xtl="1203.12" ytl="358.65" xbr="1362.83" ybr="507.73" z_order="0">
    </box>
    <box frame="378" keyframe="0" outside="0" occluded="0" xtl="1204.10" ytl="365.73" xbr="1363.80" ybr="514.81" z_order="0">
    </box>
    <box frame="379" keyframe="0" outside="0" occluded="0" xtl="1205.07" ytl="372.81" xbr="1364.77" ybr="521.88" z_order="0">
    </box>
    <box frame="380" keyframe="1" outside="0" occluded="0" xtl="1206.04" ytl="379.88" xbr="1365.75" ybr="528.96" z_order="0">
    </box>
    <box frame="381" keyframe="0" outside="0" occluded="0" xtl="1209.28" ytl="379.02" xbr="1368.99" ybr="528.09" z_order="0">
    </box>
    <box frame="382" keyframe="0" outside="0" occluded="0" xtl="1212.52" ytl="378.15" xbr="1372.23" ybr="527.23" z_order="0">
    </box>
    <box frame="383" keyframe="0" outside="0" occluded="0" xtl="1215.77" ytl="377.28" xbr="1375.47" ybr="526.36" z_order="0">
    </box>
    <box frame="384" keyframe="0" outside="0" occluded="0" xtl="1219.01" ytl="376.41" xbr="1378.71" ybr="525.49" z_order="0">
    </box>
    <box frame="385" keyframe="0" outside="0" occluded="0" xtl="1222.25" ytl="375.54" xbr="1381.96" ybr="524.62" z_order="0">
    </box>
    <box frame="386" keyframe="0" outside="0" occluded="0" xtl="1225.49" ytl="374.68" xbr="1385.20" ybr="523.75" z_order="0">
    </box>
    <box frame="387" keyframe="1" outside="0" occluded="0" xtl="1228.73" ytl="373.81" xbr="1388.44" ybr="522.89" z_order="0">
    </box>
    <box frame="388" keyframe="0" outside="0" occluded="0" xtl="1234.16" ytl="360.70" xbr="1393.86" ybr="509.78" z_order="0">
    </box>
    <box frame="389" keyframe="0" outside="0" occluded="0" xtl="1239.58" ytl="347.60" xbr="1399.28" ybr="496.67" z_order="0">
    </box>
    <box frame="390" keyframe="0" outside="0" occluded="0" xtl="1245.00" ytl="334.49" xbr="1404.71" ybr="483.57" z_order="0">
    </box>
    <box frame="391" keyframe="0" outside="0" occluded="0" xtl="1250.42" ytl="321.38" xbr="1410.13" ybr="470.46" z_order="0">
    </box>
    <box frame="392" keyframe="0" outside="0" occluded="0" xtl="1255.84" ytl="308.27" xbr="1415.55" ybr="457.35" z_order="0">
    </box>
    <box frame="393" keyframe="1" outside="0" occluded="0" xtl="1261.27" ytl="295.17" xbr="1420.97" ybr="444.25" z_order="0">
    </box>
    <box frame="394" keyframe="0" outside="0" occluded="0" xtl="1260.18" ytl="307.24" xbr="1419.89" ybr="456.32" z_order="0">
    </box>
    <box frame="395" keyframe="0" outside="0" occluded="0" xtl="1259.10" ytl="319.32" xbr="1418.80" ybr="468.40" z_order="0">
    </box>
    <box frame="396" keyframe="1" outside="0" occluded="0" xtl="1258.01" ytl="331.39" xbr="1417.72" ybr="480.47" z_order="0">
    </box>
    <box frame="397" keyframe="0" outside="0" occluded="0" xtl="1262.38" ytl="333.78" xbr="1422.09" ybr="482.86" z_order="0">
    </box>
    <box frame="398" keyframe="0" outside="0" occluded="0" xtl="1266.75" ytl="336.16" xbr="1426.46" ybr="485.24" z_order="0">
    </box>
    <box frame="399" keyframe="1" outside="0" occluded="0" xtl="1271.12" ytl="338.55" xbr="1430.83" ybr="487.62" z_order="0">
    </box>
  </track>
</annotations>
