<?xml version="1.0" encoding="utf-8"?>
<annotations>
  <version>1.1</version>
  <meta>
    <task>
      <id>1</id>
      <name>013</name>
      <size>258</size>
      <mode>interpolation</mode>
      <overlap>5</overlap>
      <bugtracker></bugtracker>
      <created>2023-05-14 15:50:13.246045+00:00</created>
      <updated>2023-05-25 16:42:04.767400+00:00</updated>
      <subset>default</subset>
      <start_frame>0</start_frame>
      <stop_frame>257</stop_frame>
      <frame_filter></frame_filter>
      <segments>
        <segment>
          <id>1</id>
          <start>0</start>
          <stop>257</stop>
          <url>http://localhost:8080/api/jobs/1</url>
        </segment>
      </segments>
      <owner>
        <username>django</username>
        <email></email>
      </owner>
      <assignee></assignee>
      <labels>
        <label>
          <name>plane</name>
          <color>#e1d044</color>
          <type>any</type>
          <attributes>
          </attributes>
        </label>
      </labels>
      <original_size>
        <width>1280</width>
        <height>720</height>
      </original_size>
      <source>210203_01_Outdoors_4k_037_preview.mp4</source>
    </task>
    <dumped>2023-05-25 16:51:54.877233+00:00</dumped>
  </meta>
  <track id="0" label="plane" source="manual">
    <box frame="0" keyframe="1" outside="0" occluded="0" xtl="712.90" ytl="37.37" xbr="920.92" ybr="186.93" z_order="0">
    </box>
    <box frame="1" keyframe="0" outside="0" occluded="0" xtl="710.84" ytl="46.79" xbr="918.86" ybr="196.35" z_order="0">
    </box>
    <box frame="2" keyframe="0" outside="0" occluded="0" xtl="708.79" ytl="56.21" xbr="916.81" ybr="205.77" z_order="0">
    </box>
    <box frame="3" keyframe="0" outside="0" occluded="0" xtl="706.73" ytl="65.63" xbr="914.75" ybr="215.20" z_order="0">
    </box>
    <box frame="4" keyframe="0" outside="0" occluded="0" xtl="704.68" ytl="75.06" xbr="912.70" ybr="224.62" z_order="0">
    </box>
    <box frame="5" keyframe="0" outside="0" occluded="0" xtl="702.63" ytl="84.48" xbr="910.64" ybr="234.04" z_order="0">
    </box>
    <box frame="6" keyframe="0" outside="0" occluded="0" xtl="700.57" ytl="93.90" xbr="908.59" ybr="243.46" z_order="0">
    </box>
    <box frame="7" keyframe="0" outside="0" occluded="0" xtl="698.52" ytl="103.33" xbr="906.54" ybr="252.89" z_order="0">
    </box>
    <box frame="8" keyframe="0" outside="0" occluded="0" xtl="696.46" ytl="112.75" xbr="904.48" ybr="262.31" z_order="0">
    </box>
    <box frame="9" keyframe="0" outside="0" occluded="0" xtl="694.41" ytl="122.17" xbr="902.43" ybr="271.73" z_order="0">
    </box>
    <box frame="10" keyframe="0" outside="0" occluded="0" xtl="692.35" ytl="131.59" xbr="900.37" ybr="281.16" z_order="0">
    </box>
    <box frame="11" keyframe="0" outside="0" occluded="0" xtl="690.30" ytl="141.02" xbr="898.32" ybr="290.58" z_order="0">
    </box>
    <box frame="12" keyframe="0" outside="0" occluded="0" xtl="688.25" ytl="150.44" xbr="896.26" ybr="300.00" z_order="0">
    </box>
    <box frame="13" keyframe="0" outside="0" occluded="0" xtl="686.19" ytl="159.86" xbr="894.21" ybr="309.42" z_order="0">
    </box>
    <box frame="14" keyframe="0" outside="0" occluded="0" xtl="684.14" ytl="169.29" xbr="892.16" ybr="318.85" z_order="0">
    </box>
    <box frame="15" keyframe="0" outside="0" occluded="0" xtl="682.08" ytl="178.71" xbr="890.10" ybr="328.27" z_order="0">
    </box>
    <box frame="16" keyframe="0" outside="0" occluded="0" xtl="680.03" ytl="188.13" xbr="888.05" ybr="337.69" z_order="0">
    </box>
    <box frame="17" keyframe="1" outside="0" occluded="0" xtl="677.97" ytl="197.55" xbr="885.99" ybr="347.12" z_order="0">
    </box>
    <box frame="18" keyframe="0" outside="0" occluded="0" xtl="681.34" ytl="202.92" xbr="889.36" ybr="352.48" z_order="0">
    </box>
    <box frame="19" keyframe="0" outside="0" occluded="0" xtl="684.71" ytl="208.28" xbr="892.73" ybr="357.84" z_order="0">
    </box>
    <box frame="20" keyframe="0" outside="0" occluded="0" xtl="688.08" ytl="213.64" xbr="896.10" ybr="363.20" z_order="0">
    </box>
    <box frame="21" keyframe="0" outside="0" occluded="0" xtl="691.45" ytl="219.00" xbr="899.47" ybr="368.56" z_order="0">
    </box>
    <box frame="22" keyframe="0" outside="0" occluded="0" xtl="694.82" ytl="224.36" xbr="902.84" ybr="373.92" z_order="0">
    </box>
    <box frame="23" keyframe="0" outside="0" occluded="0" xtl="698.19" ytl="229.73" xbr="906.21" ybr="379.29" z_order="0">
    </box>
    <box frame="24" keyframe="0" outside="0" occluded="0" xtl="701.56" ytl="235.09" xbr="909.58" ybr="384.65" z_order="0">
    </box>
    <box frame="25" keyframe="0" outside="0" occluded="0" xtl="704.93" ytl="240.45" xbr="912.95" ybr="390.01" z_order="0">
    </box>
    <box frame="26" keyframe="0" outside="0" occluded="0" xtl="708.30" ytl="245.81" xbr="916.31" ybr="395.37" z_order="0">
    </box>
    <box frame="27" keyframe="0" outside="0" occluded="0" xtl="711.66" ytl="251.17" xbr="919.68" ybr="400.73" z_order="0">
    </box>
    <box frame="28" keyframe="0" outside="0" occluded="0" xtl="715.03" ytl="256.53" xbr="923.05" ybr="406.10" z_order="0">
    </box>
    <box frame="29" keyframe="0" outside="0" occluded="0" xtl="718.40" ytl="261.90" xbr="926.42" ybr="411.46" z_order="0">
    </box>
    <box frame="30" keyframe="0" outside="0" occluded="0" xtl="721.77" ytl="267.26" xbr="929.79" ybr="416.82" z_order="0">
    </box>
    <box frame="31" keyframe="0" outside="0" occluded="0" xtl="725.14" ytl="272.62" xbr="933.16" ybr="422.18" z_order="0">
    </box>
    <box frame="32" keyframe="0" outside="0" occluded="0" xtl="728.51" ytl="277.98" xbr="936.53" ybr="427.54" z_order="0">
    </box>
    <box frame="33" keyframe="1" outside="0" occluded="0" xtl="731.88" ytl="283.34" xbr="939.90" ybr="432.90" z_order="0">
    </box>
    <box frame="34" keyframe="0" outside="0" occluded="0" xtl="736.27" ytl="285.40" xbr="943.42" ybr="434.15" z_order="0">
    </box>
    <box frame="35" keyframe="0" outside="0" occluded="0" xtl="740.66" ytl="287.47" xbr="946.94" ybr="435.40" z_order="0">
    </box>
    <box frame="36" keyframe="0" outside="0" occluded="0" xtl="745.06" ytl="289.53" xbr="950.46" ybr="436.65" z_order="0">
    </box>
    <box frame="37" keyframe="0" outside="0" occluded="0" xtl="749.45" ytl="291.59" xbr="953.98" ybr="437.90" z_order="0">
    </box>
    <box frame="38" keyframe="0" outside="0" occluded="0" xtl="753.84" ytl="293.65" xbr="957.51" ybr="439.15" z_order="0">
    </box>
    <box frame="39" keyframe="0" outside="0" occluded="0" xtl="758.23" ytl="295.71" xbr="961.03" ybr="440.40" z_order="0">
    </box>
    <box frame="40" keyframe="0" outside="0" occluded="0" xtl="762.63" ytl="297.77" xbr="964.55" ybr="441.65" z_order="0">
    </box>
    <box frame="41" keyframe="0" outside="0" occluded="0" xtl="767.02" ytl="299.83" xbr="968.07" ybr="442.90" z_order="0">
    </box>
    <box frame="42" keyframe="0" outside="0" occluded="0" xtl="771.41" ytl="301.89" xbr="971.59" ybr="444.15" z_order="0">
    </box>
    <box frame="43" keyframe="0" outside="0" occluded="0" xtl="775.80" ytl="303.95" xbr="975.11" ybr="445.40" z_order="0">
    </box>
    <box frame="44" keyframe="0" outside="0" occluded="0" xtl="780.20" ytl="306.01" xbr="978.64" ybr="446.65" z_order="0">
    </box>
    <box frame="45" keyframe="0" outside="0" occluded="0" xtl="784.59" ytl="308.07" xbr="982.16" ybr="447.90" z_order="0">
    </box>
    <box frame="46" keyframe="0" outside="0" occluded="0" xtl="788.98" ytl="310.13" xbr="985.68" ybr="449.15" z_order="0">
    </box>
    <box frame="47" keyframe="1" outside="0" occluded="0" xtl="793.37" ytl="312.19" xbr="989.20" ybr="450.40" z_order="0">
    </box>
    <box frame="48" keyframe="0" outside="0" occluded="0" xtl="793.20" ytl="312.32" xbr="989.03" ybr="450.53" z_order="0">
    </box>
    <box frame="49" keyframe="0" outside="0" occluded="0" xtl="793.04" ytl="312.45" xbr="988.86" ybr="450.65" z_order="0">
    </box>
    <box frame="50" keyframe="0" outside="0" occluded="0" xtl="792.87" ytl="312.57" xbr="988.69" ybr="450.78" z_order="0">
    </box>
    <box frame="51" keyframe="0" outside="0" occluded="0" xtl="792.70" ytl="312.70" xbr="988.53" ybr="450.91" z_order="0">
    </box>
    <box frame="52" keyframe="0" outside="0" occluded="0" xtl="792.53" ytl="312.83" xbr="988.36" ybr="451.03" z_order="0">
    </box>
    <box frame="53" keyframe="0" outside="0" occluded="0" xtl="792.36" ytl="312.95" xbr="988.19" ybr="451.16" z_order="0">
    </box>
    <box frame="54" keyframe="0" outside="0" occluded="0" xtl="792.19" ytl="313.08" xbr="988.02" ybr="451.29" z_order="0">
    </box>
    <box frame="55" keyframe="0" outside="0" occluded="0" xtl="792.02" ytl="313.21" xbr="987.85" ybr="451.41" z_order="0">
    </box>
    <box frame="56" keyframe="0" outside="0" occluded="0" xtl="791.86" ytl="313.33" xbr="987.68" ybr="451.54" z_order="0">
    </box>
    <box frame="57" keyframe="0" outside="0" occluded="0" xtl="791.69" ytl="313.46" xbr="987.51" ybr="451.67" z_order="0">
    </box>
    <box frame="58" keyframe="0" outside="0" occluded="0" xtl="791.52" ytl="313.59" xbr="987.35" ybr="451.79" z_order="0">
    </box>
    <box frame="59" keyframe="0" outside="0" occluded="0" xtl="791.35" ytl="313.71" xbr="987.18" ybr="451.92" z_order="0">
    </box>
    <box frame="60" keyframe="0" outside="0" occluded="0" xtl="791.18" ytl="313.84" xbr="987.01" ybr="452.04" z_order="0">
    </box>
    <box frame="61" keyframe="0" outside="0" occluded="0" xtl="791.01" ytl="313.96" xbr="986.84" ybr="452.17" z_order="0">
    </box>
    <box frame="62" keyframe="0" outside="0" occluded="0" xtl="790.84" ytl="314.09" xbr="986.67" ybr="452.30" z_order="0">
    </box>
    <box frame="63" keyframe="0" outside="0" occluded="0" xtl="790.68" ytl="314.22" xbr="986.50" ybr="452.42" z_order="0">
    </box>
    <box frame="64" keyframe="0" outside="0" occluded="0" xtl="790.51" ytl="314.34" xbr="986.33" ybr="452.55" z_order="0">
    </box>
    <box frame="65" keyframe="1" outside="0" occluded="0" xtl="790.34" ytl="314.47" xbr="986.16" ybr="452.68" z_order="0">
    </box>
    <box frame="66" keyframe="0" outside="0" occluded="0" xtl="785.43" ytl="317.57" xbr="981.26" ybr="455.77" z_order="0">
    </box>
    <box frame="67" keyframe="0" outside="0" occluded="0" xtl="780.53" ytl="320.66" xbr="976.35" ybr="458.87" z_order="0">
    </box>
    <box frame="68" keyframe="0" outside="0" occluded="0" xtl="775.62" ytl="323.76" xbr="971.45" ybr="461.96" z_order="0">
    </box>
    <box frame="69" keyframe="0" outside="0" occluded="0" xtl="770.72" ytl="326.85" xbr="966.54" ybr="465.06" z_order="0">
    </box>
    <box frame="70" keyframe="0" outside="0" occluded="0" xtl="765.81" ytl="329.95" xbr="961.64" ybr="468.15" z_order="0">
    </box>
    <box frame="71" keyframe="0" outside="0" occluded="0" xtl="760.90" ytl="333.04" xbr="956.73" ybr="471.25" z_order="0">
    </box>
    <box frame="72" keyframe="0" outside="0" occluded="0" xtl="756.00" ytl="336.14" xbr="951.83" ybr="474.34" z_order="0">
    </box>
    <box frame="73" keyframe="0" outside="0" occluded="0" xtl="751.09" ytl="339.23" xbr="946.92" ybr="477.44" z_order="0">
    </box>
    <box frame="74" keyframe="0" outside="0" occluded="0" xtl="746.19" ytl="342.33" xbr="942.02" ybr="480.53" z_order="0">
    </box>
    <box frame="75" keyframe="0" outside="0" occluded="0" xtl="741.28" ytl="345.42" xbr="937.11" ybr="483.63" z_order="0">
    </box>
    <box frame="76" keyframe="0" outside="0" occluded="0" xtl="736.38" ytl="348.52" xbr="932.20" ybr="486.73" z_order="0">
    </box>
    <box frame="77" keyframe="0" outside="0" occluded="0" xtl="731.47" ytl="351.61" xbr="927.30" ybr="489.82" z_order="0">
    </box>
    <box frame="78" keyframe="1" outside="0" occluded="0" xtl="726.57" ytl="354.71" xbr="922.39" ybr="492.92" z_order="0">
    </box>
    <box frame="79" keyframe="0" outside="0" occluded="0" xtl="718.25" ytl="354.77" xbr="914.07" ybr="492.98" z_order="0">
    </box>
    <box frame="80" keyframe="0" outside="0" occluded="0" xtl="709.92" ytl="354.83" xbr="905.75" ybr="493.04" z_order="0">
    </box>
    <box frame="81" keyframe="0" outside="0" occluded="0" xtl="701.60" ytl="354.89" xbr="897.43" ybr="493.10" z_order="0">
    </box>
    <box frame="82" keyframe="0" outside="0" occluded="0" xtl="693.28" ytl="354.95" xbr="889.11" ybr="493.16" z_order="0">
    </box>
    <box frame="83" keyframe="0" outside="0" occluded="0" xtl="684.96" ytl="355.01" xbr="880.79" ybr="493.22" z_order="0">
    </box>
    <box frame="84" keyframe="0" outside="0" occluded="0" xtl="676.64" ytl="355.07" xbr="872.47" ybr="493.28" z_order="0">
    </box>
    <box frame="85" keyframe="0" outside="0" occluded="0" xtl="668.32" ytl="355.13" xbr="864.15" ybr="493.34" z_order="0">
    </box>
    <box frame="86" keyframe="0" outside="0" occluded="0" xtl="660.00" ytl="355.19" xbr="855.83" ybr="493.40" z_order="0">
    </box>
    <box frame="87" keyframe="0" outside="0" occluded="0" xtl="651.68" ytl="355.26" xbr="847.51" ybr="493.46" z_order="0">
    </box>
    <box frame="88" keyframe="0" outside="0" occluded="0" xtl="643.36" ytl="355.32" xbr="839.19" ybr="493.52" z_order="0">
    </box>
    <box frame="89" keyframe="0" outside="0" occluded="0" xtl="635.04" ytl="355.38" xbr="830.87" ybr="493.58" z_order="0">
    </box>
    <box frame="90" keyframe="0" outside="0" occluded="0" xtl="626.72" ytl="355.44" xbr="822.54" ybr="493.64" z_order="0">
    </box>
    <box frame="91" keyframe="0" outside="0" occluded="0" xtl="618.40" ytl="355.50" xbr="814.22" ybr="493.70" z_order="0">
    </box>
    <box frame="92" keyframe="0" outside="0" occluded="0" xtl="610.08" ytl="355.56" xbr="805.90" ybr="493.77" z_order="0">
    </box>
    <box frame="93" keyframe="0" outside="0" occluded="0" xtl="601.76" ytl="355.62" xbr="797.58" ybr="493.83" z_order="0">
    </box>
    <box frame="94" keyframe="0" outside="0" occluded="0" xtl="593.44" ytl="355.68" xbr="789.26" ybr="493.89" z_order="0">
    </box>
    <box frame="95" keyframe="0" outside="0" occluded="0" xtl="585.11" ytl="355.74" xbr="780.94" ybr="493.95" z_order="0">
    </box>
    <box frame="96" keyframe="0" outside="0" occluded="0" xtl="576.79" ytl="355.80" xbr="772.62" ybr="494.01" z_order="0">
    </box>
    <box frame="97" keyframe="0" outside="0" occluded="0" xtl="568.47" ytl="355.86" xbr="764.30" ybr="494.07" z_order="0">
    </box>
    <box frame="98" keyframe="0" outside="0" occluded="0" xtl="560.15" ytl="355.92" xbr="755.98" ybr="494.13" z_order="0">
    </box>
    <box frame="99" keyframe="0" outside="0" occluded="0" xtl="551.83" ytl="355.98" xbr="747.66" ybr="494.19" z_order="0">
    </box>
    <box frame="100" keyframe="0" outside="0" occluded="0" xtl="543.51" ytl="356.04" xbr="739.34" ybr="494.25" z_order="0">
    </box>
    <box frame="101" keyframe="0" outside="0" occluded="0" xtl="535.19" ytl="356.11" xbr="731.02" ybr="494.31" z_order="0">
    </box>
    <box frame="102" keyframe="0" outside="0" occluded="0" xtl="526.87" ytl="356.17" xbr="722.70" ybr="494.37" z_order="0">
    </box>
    <box frame="103" keyframe="1" outside="0" occluded="0" xtl="518.55" ytl="356.23" xbr="714.38" ybr="494.43" z_order="0">
    </box>
    <box frame="104" keyframe="0" outside="0" occluded="0" xtl="514.97" ytl="355.24" xbr="710.80" ybr="493.44" z_order="0">
    </box>
    <box frame="105" keyframe="0" outside="0" occluded="0" xtl="511.39" ytl="354.25" xbr="707.21" ybr="492.46" z_order="0">
    </box>
    <box frame="106" keyframe="0" outside="0" occluded="0" xtl="507.81" ytl="353.26" xbr="703.63" ybr="491.47" z_order="0">
    </box>
    <box frame="107" keyframe="0" outside="0" occluded="0" xtl="504.23" ytl="352.27" xbr="700.05" ybr="490.48" z_order="0">
    </box>
    <box frame="108" keyframe="0" outside="0" occluded="0" xtl="500.65" ytl="351.28" xbr="696.47" ybr="489.49" z_order="0">
    </box>
    <box frame="109" keyframe="0" outside="0" occluded="0" xtl="497.07" ytl="350.29" xbr="692.89" ybr="488.50" z_order="0">
    </box>
    <box frame="110" keyframe="0" outside="0" occluded="0" xtl="493.49" ytl="349.30" xbr="689.31" ybr="487.51" z_order="0">
    </box>
    <box frame="111" keyframe="0" outside="0" occluded="0" xtl="489.90" ytl="348.31" xbr="685.73" ybr="486.52" z_order="0">
    </box>
    <box frame="112" keyframe="0" outside="0" occluded="0" xtl="486.32" ytl="347.33" xbr="682.15" ybr="485.53" z_order="0">
    </box>
    <box frame="113" keyframe="0" outside="0" occluded="0" xtl="482.74" ytl="346.34" xbr="678.57" ybr="484.54" z_order="0">
    </box>
    <box frame="114" keyframe="0" outside="0" occluded="0" xtl="479.16" ytl="345.35" xbr="674.99" ybr="483.55" z_order="0">
    </box>
    <box frame="115" keyframe="0" outside="0" occluded="0" xtl="475.58" ytl="344.36" xbr="671.41" ybr="482.57" z_order="0">
    </box>
    <box frame="116" keyframe="0" outside="0" occluded="0" xtl="472.00" ytl="343.37" xbr="667.83" ybr="481.58" z_order="0">
    </box>
    <box frame="117" keyframe="0" outside="0" occluded="0" xtl="468.42" ytl="342.38" xbr="664.25" ybr="480.59" z_order="0">
    </box>
    <box frame="118" keyframe="0" outside="0" occluded="0" xtl="464.84" ytl="341.39" xbr="660.67" ybr="479.60" z_order="0">
    </box>
    <box frame="119" keyframe="0" outside="0" occluded="0" xtl="461.26" ytl="340.40" xbr="657.09" ybr="478.61" z_order="0">
    </box>
    <box frame="120" keyframe="0" outside="0" occluded="0" xtl="457.68" ytl="339.41" xbr="653.51" ybr="477.62" z_order="0">
    </box>
    <box frame="121" keyframe="0" outside="0" occluded="0" xtl="454.10" ytl="338.42" xbr="649.93" ybr="476.63" z_order="0">
    </box>
    <box frame="122" keyframe="0" outside="0" occluded="0" xtl="450.52" ytl="337.44" xbr="646.35" ybr="475.64" z_order="0">
    </box>
    <box frame="123" keyframe="0" outside="0" occluded="0" xtl="446.94" ytl="336.45" xbr="642.77" ybr="474.65" z_order="0">
    </box>
    <box frame="124" keyframe="0" outside="0" occluded="0" xtl="443.36" ytl="335.46" xbr="639.18" ybr="473.66" z_order="0">
    </box>
    <box frame="125" keyframe="1" outside="0" occluded="0" xtl="439.78" ytl="334.47" xbr="635.60" ybr="472.68" z_order="0">
    </box>
    <box frame="126" keyframe="0" outside="0" occluded="0" xtl="439.23" ytl="331.81" xbr="632.79" ybr="469.25" z_order="0">
    </box>
    <box frame="127" keyframe="0" outside="0" occluded="0" xtl="438.69" ytl="329.15" xbr="629.97" ybr="465.83" z_order="0">
    </box>
    <box frame="128" keyframe="0" outside="0" occluded="0" xtl="438.15" ytl="326.49" xbr="627.15" ybr="462.41" z_order="0">
    </box>
    <box frame="129" keyframe="0" outside="0" occluded="0" xtl="437.61" ytl="323.83" xbr="624.34" ybr="458.98" z_order="0">
    </box>
    <box frame="130" keyframe="0" outside="0" occluded="0" xtl="437.06" ytl="321.16" xbr="621.52" ybr="455.56" z_order="0">
    </box>
    <box frame="131" keyframe="0" outside="0" occluded="0" xtl="436.52" ytl="318.50" xbr="618.70" ybr="452.14" z_order="0">
    </box>
    <box frame="132" keyframe="0" outside="0" occluded="0" xtl="435.98" ytl="315.84" xbr="615.89" ybr="448.71" z_order="0">
    </box>
    <box frame="133" keyframe="0" outside="0" occluded="0" xtl="435.44" ytl="313.18" xbr="613.07" ybr="445.29" z_order="0">
    </box>
    <box frame="134" keyframe="0" outside="0" occluded="0" xtl="434.90" ytl="310.52" xbr="610.25" ybr="441.87" z_order="0">
    </box>
    <box frame="135" keyframe="0" outside="0" occluded="0" xtl="434.35" ytl="307.86" xbr="607.43" ybr="438.45" z_order="0">
    </box>
    <box frame="136" keyframe="0" outside="0" occluded="0" xtl="433.81" ytl="305.20" xbr="604.62" ybr="435.02" z_order="0">
    </box>
    <box frame="137" keyframe="1" outside="0" occluded="0" xtl="433.27" ytl="302.54" xbr="601.80" ybr="431.60" z_order="0">
    </box>
    <box frame="138" keyframe="0" outside="0" occluded="0" xtl="431.35" ytl="299.36" xbr="603.78" ybr="429.73" z_order="0">
    </box>
    <box frame="139" keyframe="0" outside="0" occluded="0" xtl="429.43" ytl="296.19" xbr="605.77" ybr="427.86" z_order="0">
    </box>
    <box frame="140" keyframe="0" outside="0" occluded="0" xtl="427.52" ytl="293.01" xbr="607.75" ybr="425.99" z_order="0">
    </box>
    <box frame="141" keyframe="0" outside="0" occluded="0" xtl="425.60" ytl="289.83" xbr="609.73" ybr="424.12" z_order="0">
    </box>
    <box frame="142" keyframe="0" outside="0" occluded="0" xtl="423.69" ytl="286.66" xbr="611.71" ybr="422.25" z_order="0">
    </box>
    <box frame="143" keyframe="0" outside="0" occluded="0" xtl="421.77" ytl="283.48" xbr="613.70" ybr="420.38" z_order="0">
    </box>
    <box frame="144" keyframe="1" outside="0" occluded="0" xtl="419.85" ytl="280.31" xbr="615.68" ybr="418.51" z_order="0">
    </box>
    <box frame="145" keyframe="1" outside="0" occluded="0" xtl="417.87" ytl="269.78" xbr="593.40" ybr="399.80" z_order="0">
    </box>
    <box frame="146" keyframe="0" outside="0" occluded="0" xtl="418.24" ytl="271.85" xbr="593.15" ybr="401.59" z_order="0">
    </box>
    <box frame="147" keyframe="0" outside="0" occluded="0" xtl="418.61" ytl="273.92" xbr="592.90" ybr="403.38" z_order="0">
    </box>
    <box frame="148" keyframe="0" outside="0" occluded="0" xtl="418.99" ytl="275.99" xbr="592.64" ybr="405.17" z_order="0">
    </box>
    <box frame="149" keyframe="0" outside="0" occluded="0" xtl="419.36" ytl="278.06" xbr="592.39" ybr="406.96" z_order="0">
    </box>
    <box frame="150" keyframe="0" outside="0" occluded="0" xtl="419.73" ytl="280.13" xbr="592.14" ybr="408.74" z_order="0">
    </box>
    <box frame="151" keyframe="0" outside="0" occluded="0" xtl="420.11" ytl="282.20" xbr="591.89" ybr="410.53" z_order="0">
    </box>
    <box frame="152" keyframe="0" outside="0" occluded="0" xtl="420.48" ytl="284.27" xbr="591.64" ybr="412.32" z_order="0">
    </box>
    <box frame="153" keyframe="0" outside="0" occluded="0" xtl="420.85" ytl="286.34" xbr="591.39" ybr="414.11" z_order="0">
    </box>
    <box frame="154" keyframe="0" outside="0" occluded="0" xtl="421.23" ytl="288.41" xbr="591.13" ybr="415.90" z_order="0">
    </box>
    <box frame="155" keyframe="0" outside="0" occluded="0" xtl="421.60" ytl="290.48" xbr="590.88" ybr="417.69" z_order="0">
    </box>
    <box frame="156" keyframe="0" outside="0" occluded="0" xtl="421.97" ytl="292.55" xbr="590.63" ybr="419.48" z_order="0">
    </box>
    <box frame="157" keyframe="0" outside="0" occluded="0" xtl="422.35" ytl="294.62" xbr="590.38" ybr="421.27" z_order="0">
    </box>
    <box frame="158" keyframe="0" outside="0" occluded="0" xtl="422.72" ytl="296.68" xbr="590.13" ybr="423.06" z_order="0">
    </box>
    <box frame="159" keyframe="0" outside="0" occluded="0" xtl="423.09" ytl="298.75" xbr="589.87" ybr="424.84" z_order="0">
    </box>
    <box frame="160" keyframe="0" outside="0" occluded="0" xtl="423.47" ytl="300.82" xbr="589.62" ybr="426.63" z_order="0">
    </box>
    <box frame="161" keyframe="0" outside="0" occluded="0" xtl="423.84" ytl="302.89" xbr="589.37" ybr="428.42" z_order="0">
    </box>
    <box frame="162" keyframe="0" outside="0" occluded="0" xtl="424.22" ytl="304.96" xbr="589.12" ybr="430.21" z_order="0">
    </box>
    <box frame="163" keyframe="0" outside="0" occluded="0" xtl="424.59" ytl="307.03" xbr="588.87" ybr="432.00" z_order="0">
    </box>
    <box frame="164" keyframe="0" outside="0" occluded="0" xtl="424.96" ytl="309.10" xbr="588.61" ybr="433.79" z_order="0">
    </box>
    <box frame="165" keyframe="0" outside="0" occluded="0" xtl="425.34" ytl="311.17" xbr="588.36" ybr="435.58" z_order="0">
    </box>
    <box frame="166" keyframe="0" outside="0" occluded="0" xtl="425.71" ytl="313.24" xbr="588.11" ybr="437.37" z_order="0">
    </box>
    <box frame="167" keyframe="0" outside="0" occluded="0" xtl="426.08" ytl="315.31" xbr="587.86" ybr="439.16" z_order="0">
    </box>
    <box frame="168" keyframe="0" outside="0" occluded="0" xtl="426.46" ytl="317.38" xbr="587.61" ybr="440.94" z_order="0">
    </box>
    <box frame="169" keyframe="0" outside="0" occluded="0" xtl="426.83" ytl="319.45" xbr="587.36" ybr="442.73" z_order="0">
    </box>
    <box frame="170" keyframe="0" outside="0" occluded="0" xtl="427.20" ytl="321.52" xbr="587.10" ybr="444.52" z_order="0">
    </box>
    <box frame="171" keyframe="0" outside="0" occluded="0" xtl="427.58" ytl="323.59" xbr="586.85" ybr="446.31" z_order="0">
    </box>
    <box frame="172" keyframe="1" outside="0" occluded="0" xtl="427.95" ytl="325.66" xbr="586.60" ybr="448.10" z_order="0">
    </box>
    <box frame="173" keyframe="0" outside="0" occluded="0" xtl="428.69" ytl="325.09" xbr="587.13" ybr="446.96" z_order="0">
    </box>
    <box frame="174" keyframe="0" outside="0" occluded="0" xtl="429.43" ytl="324.51" xbr="587.67" ybr="445.82" z_order="0">
    </box>
    <box frame="175" keyframe="0" outside="0" occluded="0" xtl="430.17" ytl="323.93" xbr="588.20" ybr="444.68" z_order="0">
    </box>
    <box frame="176" keyframe="0" outside="0" occluded="0" xtl="430.91" ytl="323.36" xbr="588.74" ybr="443.55" z_order="0">
    </box>
    <box frame="177" keyframe="0" outside="0" occluded="0" xtl="431.65" ytl="322.78" xbr="589.27" ybr="442.41" z_order="0">
    </box>
    <box frame="178" keyframe="0" outside="0" occluded="0" xtl="432.39" ytl="322.20" xbr="589.81" ybr="441.27" z_order="0">
    </box>
    <box frame="179" keyframe="0" outside="0" occluded="0" xtl="433.13" ytl="321.63" xbr="590.34" ybr="440.13" z_order="0">
    </box>
    <box frame="180" keyframe="0" outside="0" occluded="0" xtl="433.87" ytl="321.05" xbr="590.88" ybr="438.99" z_order="0">
    </box>
    <box frame="181" keyframe="0" outside="0" occluded="0" xtl="434.61" ytl="320.47" xbr="591.41" ybr="437.85" z_order="0">
    </box>
    <box frame="182" keyframe="0" outside="0" occluded="0" xtl="435.35" ytl="319.90" xbr="591.95" ybr="436.72" z_order="0">
    </box>
    <box frame="183" keyframe="0" outside="0" occluded="0" xtl="436.09" ytl="319.32" xbr="592.48" ybr="435.58" z_order="0">
    </box>
    <box frame="184" keyframe="0" outside="0" occluded="0" xtl="436.83" ytl="318.74" xbr="593.02" ybr="434.44" z_order="0">
    </box>
    <box frame="185" keyframe="0" outside="0" occluded="0" xtl="437.57" ytl="318.17" xbr="593.55" ybr="433.30" z_order="0">
    </box>
    <box frame="186" keyframe="0" outside="0" occluded="0" xtl="438.31" ytl="317.59" xbr="594.08" ybr="432.16" z_order="0">
    </box>
    <box frame="187" keyframe="0" outside="0" occluded="0" xtl="439.05" ytl="317.02" xbr="594.62" ybr="431.02" z_order="0">
    </box>
    <box frame="188" keyframe="0" outside="0" occluded="0" xtl="439.79" ytl="316.44" xbr="595.15" ybr="429.88" z_order="0">
    </box>
    <box frame="189" keyframe="0" outside="0" occluded="0" xtl="440.53" ytl="315.86" xbr="595.69" ybr="428.75" z_order="0">
    </box>
    <box frame="190" keyframe="0" outside="0" occluded="0" xtl="441.27" ytl="315.29" xbr="596.22" ybr="427.61" z_order="0">
    </box>
    <box frame="191" keyframe="0" outside="0" occluded="0" xtl="442.01" ytl="314.71" xbr="596.76" ybr="426.47" z_order="0">
    </box>
    <box frame="192" keyframe="0" outside="0" occluded="0" xtl="442.75" ytl="314.13" xbr="597.29" ybr="425.33" z_order="0">
    </box>
    <box frame="193" keyframe="0" outside="0" occluded="0" xtl="443.49" ytl="313.56" xbr="597.83" ybr="424.19" z_order="0">
    </box>
    <box frame="194" keyframe="0" outside="0" occluded="0" xtl="444.22" ytl="312.98" xbr="598.36" ybr="423.05" z_order="0">
    </box>
    <box frame="195" keyframe="0" outside="0" occluded="0" xtl="444.96" ytl="312.40" xbr="598.90" ybr="421.92" z_order="0">
    </box>
    <box frame="196" keyframe="0" outside="0" occluded="0" xtl="445.70" ytl="311.83" xbr="599.43" ybr="420.78" z_order="0">
    </box>
    <box frame="197" keyframe="0" outside="0" occluded="0" xtl="446.44" ytl="311.25" xbr="599.97" ybr="419.64" z_order="0">
    </box>
    <box frame="198" keyframe="1" outside="0" occluded="0" xtl="447.18" ytl="310.67" xbr="600.50" ybr="418.50" z_order="0">
    </box>
    <box frame="199" keyframe="0" outside="0" occluded="0" xtl="447.01" ytl="309.15" xbr="600.33" ybr="416.98" z_order="0">
    </box>
    <box frame="200" keyframe="0" outside="0" occluded="0" xtl="446.83" ytl="307.62" xbr="600.15" ybr="415.45" z_order="0">
    </box>
    <box frame="201" keyframe="0" outside="0" occluded="0" xtl="446.66" ytl="306.10" xbr="599.98" ybr="413.93" z_order="0">
    </box>
    <box frame="202" keyframe="0" outside="0" occluded="0" xtl="446.49" ytl="304.57" xbr="599.80" ybr="412.40" z_order="0">
    </box>
    <box frame="203" keyframe="0" outside="0" occluded="0" xtl="446.31" ytl="303.05" xbr="599.63" ybr="410.88" z_order="0">
    </box>
    <box frame="204" keyframe="0" outside="0" occluded="0" xtl="446.14" ytl="301.52" xbr="599.45" ybr="409.35" z_order="0">
    </box>
    <box frame="205" keyframe="0" outside="0" occluded="0" xtl="445.96" ytl="300.00" xbr="599.28" ybr="407.83" z_order="0">
    </box>
    <box frame="206" keyframe="0" outside="0" occluded="0" xtl="445.79" ytl="298.48" xbr="599.10" ybr="406.30" z_order="0">
    </box>
    <box frame="207" keyframe="0" outside="0" occluded="0" xtl="445.61" ytl="296.95" xbr="598.93" ybr="404.78" z_order="0">
    </box>
    <box frame="208" keyframe="0" outside="0" occluded="0" xtl="445.44" ytl="295.43" xbr="598.76" ybr="403.25" z_order="0">
    </box>
    <box frame="209" keyframe="0" outside="0" occluded="0" xtl="445.27" ytl="293.90" xbr="598.58" ybr="401.73" z_order="0">
    </box>
    <box frame="210" keyframe="0" outside="0" occluded="0" xtl="445.09" ytl="292.38" xbr="598.41" ybr="400.20" z_order="0">
    </box>
    <box frame="211" keyframe="0" outside="0" occluded="0" xtl="444.92" ytl="290.85" xbr="598.23" ybr="398.68" z_order="0">
    </box>
    <box frame="212" keyframe="0" outside="0" occluded="0" xtl="444.74" ytl="289.33" xbr="598.06" ybr="397.15" z_order="0">
    </box>
    <box frame="213" keyframe="0" outside="0" occluded="0" xtl="444.57" ytl="287.80" xbr="597.88" ybr="395.63" z_order="0">
    </box>
    <box frame="214" keyframe="0" outside="0" occluded="0" xtl="444.39" ytl="286.28" xbr="597.71" ybr="394.10" z_order="0">
    </box>
    <box frame="215" keyframe="1" outside="0" occluded="0" xtl="444.22" ytl="284.75" xbr="597.54" ybr="392.58" z_order="0">
    </box>
    <box frame="216" keyframe="0" outside="0" occluded="0" xtl="446.86" ytl="284.40" xbr="600.17" ybr="392.23" z_order="0">
    </box>
    <box frame="217" keyframe="0" outside="0" occluded="0" xtl="449.50" ytl="284.05" xbr="602.81" ybr="391.87" z_order="0">
    </box>
    <box frame="218" keyframe="0" outside="0" occluded="0" xtl="452.14" ytl="283.69" xbr="605.45" ybr="391.52" z_order="0">
    </box>
    <box frame="219" keyframe="1" outside="0" occluded="0" xtl="454.78" ytl="283.34" xbr="608.09" ybr="391.17" z_order="0">
    </box>
    <box frame="220" keyframe="0" outside="0" occluded="0" xtl="455.16" ytl="281.00" xbr="608.47" ybr="388.83" z_order="0">
    </box>
    <box frame="221" keyframe="0" outside="0" occluded="0" xtl="455.54" ytl="278.66" xbr="608.85" ybr="386.49" z_order="0">
    </box>
    <box frame="222" keyframe="0" outside="0" occluded="0" xtl="455.92" ytl="276.32" xbr="609.23" ybr="384.14" z_order="0">
    </box>
    <box frame="223" keyframe="0" outside="0" occluded="0" xtl="456.30" ytl="273.98" xbr="609.61" ybr="381.80" z_order="0">
    </box>
    <box frame="224" keyframe="1" outside="0" occluded="0" xtl="456.68" ytl="271.64" xbr="609.99" ybr="379.46" z_order="0">
    </box>
    <box frame="225" keyframe="1" outside="0" occluded="0" xtl="453.41" ytl="271.12" xbr="606.73" ybr="378.94" z_order="0">
    </box>
    <box frame="226" keyframe="0" outside="0" occluded="0" xtl="452.55" ytl="272.11" xbr="605.87" ybr="379.94" z_order="0">
    </box>
    <box frame="227" keyframe="0" outside="0" occluded="0" xtl="451.68" ytl="273.10" xbr="605.00" ybr="380.93" z_order="0">
    </box>
    <box frame="228" keyframe="0" outside="0" occluded="0" xtl="450.82" ytl="274.10" xbr="604.14" ybr="381.92" z_order="0">
    </box>
    <box frame="229" keyframe="0" outside="0" occluded="0" xtl="449.95" ytl="275.09" xbr="603.27" ybr="382.92" z_order="0">
    </box>
    <box frame="230" keyframe="0" outside="0" occluded="0" xtl="449.09" ytl="276.09" xbr="602.41" ybr="383.91" z_order="0">
    </box>
    <box frame="231" keyframe="0" outside="0" occluded="0" xtl="448.22" ytl="277.08" xbr="601.54" ybr="384.91" z_order="0">
    </box>
    <box frame="232" keyframe="0" outside="0" occluded="0" xtl="447.36" ytl="278.07" xbr="600.68" ybr="385.90" z_order="0">
    </box>
    <box frame="233" keyframe="0" outside="0" occluded="0" xtl="446.49" ytl="279.07" xbr="599.81" ybr="386.89" z_order="0">
    </box>
    <box frame="234" keyframe="0" outside="0" occluded="0" xtl="445.63" ytl="280.06" xbr="598.94" ybr="387.89" z_order="0">
    </box>
    <box frame="235" keyframe="0" outside="0" occluded="0" xtl="444.76" ytl="281.05" xbr="598.08" ybr="388.88" z_order="0">
    </box>
    <box frame="236" keyframe="0" outside="0" occluded="0" xtl="443.90" ytl="282.05" xbr="597.21" ybr="389.87" z_order="0">
    </box>
    <box frame="237" keyframe="0" outside="0" occluded="0" xtl="443.03" ytl="283.04" xbr="596.35" ybr="390.87" z_order="0">
    </box>
    <box frame="238" keyframe="0" outside="0" occluded="0" xtl="442.17" ytl="284.03" xbr="595.48" ybr="391.86" z_order="0">
    </box>
    <box frame="239" keyframe="0" outside="0" occluded="0" xtl="441.30" ytl="285.03" xbr="594.62" ybr="392.85" z_order="0">
    </box>
    <box frame="240" keyframe="0" outside="0" occluded="0" xtl="440.44" ytl="286.02" xbr="593.75" ybr="393.85" z_order="0">
    </box>
    <box frame="241" keyframe="0" outside="0" occluded="0" xtl="439.57" ytl="287.02" xbr="592.89" ybr="394.84" z_order="0">
    </box>
    <box frame="242" keyframe="0" outside="0" occluded="0" xtl="438.71" ytl="288.01" xbr="592.02" ybr="395.84" z_order="0">
    </box>
    <box frame="243" keyframe="0" outside="0" occluded="0" xtl="437.84" ytl="289.00" xbr="591.16" ybr="396.83" z_order="0">
    </box>
    <box frame="244" keyframe="0" outside="0" occluded="0" xtl="436.98" ytl="290.00" xbr="590.29" ybr="397.82" z_order="0">
    </box>
    <box frame="245" keyframe="0" outside="0" occluded="0" xtl="436.11" ytl="290.99" xbr="589.43" ybr="398.82" z_order="0">
    </box>
    <box frame="246" keyframe="0" outside="0" occluded="0" xtl="435.25" ytl="291.98" xbr="588.56" ybr="399.81" z_order="0">
    </box>
    <box frame="247" keyframe="0" outside="0" occluded="0" xtl="434.38" ytl="292.98" xbr="587.70" ybr="400.80" z_order="0">
    </box>
    <box frame="248" keyframe="1" outside="0" occluded="0" xtl="433.52" ytl="293.97" xbr="586.83" ybr="401.80" z_order="0">
    </box>
    <box frame="249" keyframe="0" outside="0" occluded="0" xtl="432.17" ytl="293.13" xbr="585.48" ybr="400.95" z_order="0">
    </box>
    <box frame="250" keyframe="0" outside="0" occluded="0" xtl="430.82" ytl="292.28" xbr="584.13" ybr="400.11" z_order="0">
    </box>
    <box frame="251" keyframe="0" outside="0" occluded="0" xtl="429.47" ytl="291.44" xbr="582.78" ybr="399.27" z_order="0">
    </box>
    <box frame="252" keyframe="0" outside="0" occluded="0" xtl="428.12" ytl="290.60" xbr="581.43" ybr="398.42" z_order="0">
    </box>
    <box frame="253" keyframe="0" outside="0" occluded="0" xtl="426.77" ytl="289.75" xbr="580.08" ybr="397.58" z_order="0">
    </box>
    <box frame="254" keyframe="0" outside="0" occluded="0" xtl="425.42" ytl="288.91" xbr="578.74" ybr="396.74" z_order="0">
    </box>
    <box frame="255" keyframe="0" outside="0" occluded="0" xtl="424.07" ytl="288.07" xbr="577.39" ybr="395.89" z_order="0">
    </box>
    <box frame="256" keyframe="0" outside="0" occluded="0" xtl="422.72" ytl="287.22" xbr="576.04" ybr="395.05" z_order="0">
    </box>
    <box frame="257" keyframe="1" outside="0" occluded="0" xtl="421.37" ytl="286.38" xbr="574.69" ybr="394.21" z_order="0">
    </box>
  </track>
</annotations>
