<?xml version="1.0" encoding="utf-8"?>
<annotations>
  <version>1.1</version>
  <meta>
    <task>
      <id>7</id>
      <name>005</name>
      <size>650</size>
      <mode>interpolation</mode>
      <overlap>5</overlap>
      <bugtracker></bugtracker>
      <created>2023-05-25 10:03:34.738163+00:00</created>
      <updated>2023-05-25 16:39:20.807583+00:00</updated>
      <subset>default</subset>
      <start_frame>0</start_frame>
      <stop_frame>649</stop_frame>
      <frame_filter></frame_filter>
      <segments>
        <segment>
          <id>6</id>
          <start>0</start>
          <stop>649</stop>
          <url>http://localhost:8080/api/jobs/6</url>
        </segment>
      </segments>
      <owner>
        <username>django</username>
        <email></email>
      </owner>
      <assignee></assignee>
      <labels>
        <label>
          <name>object</name>
          <color>#40e020</color>
          <type>any</type>
          <attributes>
          </attributes>
        </label>
      </labels>
      <original_size>
        <width>1280</width>
        <height>720</height>
      </original_size>
      <source>900-1_900-2776-PD2_preview.mp4</source>
    </task>
    <dumped>2023-05-25 16:51:40.514865+00:00</dumped>
  </meta>
  <track id="0" label="object" source="manual">
    <box frame="0" keyframe="1" outside="0" occluded="0" xtl="540.64" ytl="313.91" xbr="886.33" ybr="579.34" z_order="0">
    </box>
    <box frame="1" keyframe="0" outside="0" occluded="0" xtl="540.41" ytl="314.01" xbr="885.90" ybr="579.43" z_order="0">
    </box>
    <box frame="2" keyframe="0" outside="0" occluded="0" xtl="540.19" ytl="314.11" xbr="885.48" ybr="579.53" z_order="0">
    </box>
    <box frame="3" keyframe="0" outside="0" occluded="0" xtl="539.97" ytl="314.22" xbr="885.05" ybr="579.62" z_order="0">
    </box>
    <box frame="4" keyframe="0" outside="0" occluded="0" xtl="539.75" ytl="314.32" xbr="884.62" ybr="579.71" z_order="0">
    </box>
    <box frame="5" keyframe="0" outside="0" occluded="0" xtl="539.53" ytl="314.42" xbr="884.20" ybr="579.81" z_order="0">
    </box>
    <box frame="6" keyframe="0" outside="0" occluded="0" xtl="539.30" ytl="314.53" xbr="883.77" ybr="579.90" z_order="0">
    </box>
    <box frame="7" keyframe="0" outside="0" occluded="0" xtl="539.08" ytl="314.63" xbr="883.34" ybr="580.00" z_order="0">
    </box>
    <box frame="8" keyframe="0" outside="0" occluded="0" xtl="538.86" ytl="314.73" xbr="882.92" ybr="580.09" z_order="0">
    </box>
    <box frame="9" keyframe="0" outside="0" occluded="0" xtl="538.64" ytl="314.84" xbr="882.49" ybr="580.19" z_order="0">
    </box>
    <box frame="10" keyframe="0" outside="0" occluded="0" xtl="538.42" ytl="314.94" xbr="882.06" ybr="580.28" z_order="0">
    </box>
    <box frame="11" keyframe="0" outside="0" occluded="0" xtl="538.19" ytl="315.05" xbr="881.64" ybr="580.37" z_order="0">
    </box>
    <box frame="12" keyframe="0" outside="0" occluded="0" xtl="537.97" ytl="315.15" xbr="881.21" ybr="580.47" z_order="0">
    </box>
    <box frame="13" keyframe="0" outside="0" occluded="0" xtl="537.75" ytl="315.25" xbr="880.78" ybr="580.56" z_order="0">
    </box>
    <box frame="14" keyframe="0" outside="0" occluded="0" xtl="537.53" ytl="315.36" xbr="880.36" ybr="580.66" z_order="0">
    </box>
    <box frame="15" keyframe="0" outside="0" occluded="0" xtl="537.30" ytl="315.46" xbr="879.93" ybr="580.75" z_order="0">
    </box>
    <box frame="16" keyframe="0" outside="0" occluded="0" xtl="537.08" ytl="315.56" xbr="879.50" ybr="580.85" z_order="0">
    </box>
    <box frame="17" keyframe="0" outside="0" occluded="0" xtl="536.86" ytl="315.67" xbr="879.08" ybr="580.94" z_order="0">
    </box>
    <box frame="18" keyframe="0" outside="0" occluded="0" xtl="536.64" ytl="315.77" xbr="878.65" ybr="581.03" z_order="0">
    </box>
    <box frame="19" keyframe="0" outside="0" occluded="0" xtl="536.42" ytl="315.87" xbr="878.22" ybr="581.13" z_order="0">
    </box>
    <box frame="20" keyframe="0" outside="0" occluded="0" xtl="536.19" ytl="315.98" xbr="877.80" ybr="581.22" z_order="0">
    </box>
    <box frame="21" keyframe="0" outside="0" occluded="0" xtl="535.97" ytl="316.08" xbr="877.37" ybr="581.32" z_order="0">
    </box>
    <box frame="22" keyframe="0" outside="0" occluded="0" xtl="535.75" ytl="316.18" xbr="876.94" ybr="581.41" z_order="0">
    </box>
    <box frame="23" keyframe="0" outside="0" occluded="0" xtl="535.53" ytl="316.29" xbr="876.52" ybr="581.50" z_order="0">
    </box>
    <box frame="24" keyframe="0" outside="0" occluded="0" xtl="535.31" ytl="316.39" xbr="876.09" ybr="581.60" z_order="0">
    </box>
    <box frame="25" keyframe="0" outside="0" occluded="0" xtl="535.08" ytl="316.49" xbr="875.66" ybr="581.69" z_order="0">
    </box>
    <box frame="26" keyframe="0" outside="0" occluded="0" xtl="534.86" ytl="316.60" xbr="875.24" ybr="581.79" z_order="0">
    </box>
    <box frame="27" keyframe="0" outside="0" occluded="0" xtl="534.64" ytl="316.70" xbr="874.81" ybr="581.88" z_order="0">
    </box>
    <box frame="28" keyframe="0" outside="0" occluded="0" xtl="534.42" ytl="316.80" xbr="874.38" ybr="581.98" z_order="0">
    </box>
    <box frame="29" keyframe="0" outside="0" occluded="0" xtl="534.20" ytl="316.91" xbr="873.96" ybr="582.07" z_order="0">
    </box>
    <box frame="30" keyframe="0" outside="0" occluded="0" xtl="533.97" ytl="317.01" xbr="873.53" ybr="582.16" z_order="0">
    </box>
    <box frame="31" keyframe="0" outside="0" occluded="0" xtl="533.75" ytl="317.11" xbr="873.10" ybr="582.26" z_order="0">
    </box>
    <box frame="32" keyframe="0" outside="0" occluded="0" xtl="533.53" ytl="317.22" xbr="872.68" ybr="582.35" z_order="0">
    </box>
    <box frame="33" keyframe="0" outside="0" occluded="0" xtl="533.31" ytl="317.32" xbr="872.25" ybr="582.45" z_order="0">
    </box>
    <box frame="34" keyframe="0" outside="0" occluded="0" xtl="533.09" ytl="317.42" xbr="871.82" ybr="582.54" z_order="0">
    </box>
    <box frame="35" keyframe="0" outside="0" occluded="0" xtl="532.86" ytl="317.53" xbr="871.40" ybr="582.64" z_order="0">
    </box>
    <box frame="36" keyframe="0" outside="0" occluded="0" xtl="532.64" ytl="317.63" xbr="870.97" ybr="582.73" z_order="0">
    </box>
    <box frame="37" keyframe="0" outside="0" occluded="0" xtl="532.42" ytl="317.73" xbr="870.54" ybr="582.82" z_order="0">
    </box>
    <box frame="38" keyframe="0" outside="0" occluded="0" xtl="532.20" ytl="317.84" xbr="870.12" ybr="582.92" z_order="0">
    </box>
    <box frame="39" keyframe="0" outside="0" occluded="0" xtl="531.98" ytl="317.94" xbr="869.69" ybr="583.01" z_order="0">
    </box>
    <box frame="40" keyframe="0" outside="0" occluded="0" xtl="531.75" ytl="318.04" xbr="869.26" ybr="583.11" z_order="0">
    </box>
    <box frame="41" keyframe="0" outside="0" occluded="0" xtl="531.53" ytl="318.15" xbr="868.84" ybr="583.20" z_order="0">
    </box>
    <box frame="42" keyframe="0" outside="0" occluded="0" xtl="531.31" ytl="318.25" xbr="868.41" ybr="583.30" z_order="0">
    </box>
    <box frame="43" keyframe="0" outside="0" occluded="0" xtl="531.09" ytl="318.36" xbr="867.99" ybr="583.39" z_order="0">
    </box>
    <box frame="44" keyframe="0" outside="0" occluded="0" xtl="530.86" ytl="318.46" xbr="867.56" ybr="583.48" z_order="0">
    </box>
    <box frame="45" keyframe="0" outside="0" occluded="0" xtl="530.64" ytl="318.56" xbr="867.13" ybr="583.58" z_order="0">
    </box>
    <box frame="46" keyframe="0" outside="0" occluded="0" xtl="530.42" ytl="318.67" xbr="866.71" ybr="583.67" z_order="0">
    </box>
    <box frame="47" keyframe="0" outside="0" occluded="0" xtl="530.20" ytl="318.77" xbr="866.28" ybr="583.77" z_order="0">
    </box>
    <box frame="48" keyframe="0" outside="0" occluded="0" xtl="529.98" ytl="318.87" xbr="865.85" ybr="583.86" z_order="0">
    </box>
    <box frame="49" keyframe="0" outside="0" occluded="0" xtl="529.75" ytl="318.98" xbr="865.43" ybr="583.95" z_order="0">
    </box>
    <box frame="50" keyframe="0" outside="0" occluded="0" xtl="529.53" ytl="319.08" xbr="865.00" ybr="584.05" z_order="0">
    </box>
    <box frame="51" keyframe="0" outside="0" occluded="0" xtl="529.31" ytl="319.18" xbr="864.57" ybr="584.14" z_order="0">
    </box>
    <box frame="52" keyframe="0" outside="0" occluded="0" xtl="529.09" ytl="319.29" xbr="864.15" ybr="584.24" z_order="0">
    </box>
    <box frame="53" keyframe="0" outside="0" occluded="0" xtl="528.87" ytl="319.39" xbr="863.72" ybr="584.33" z_order="0">
    </box>
    <box frame="54" keyframe="0" outside="0" occluded="0" xtl="528.64" ytl="319.49" xbr="863.29" ybr="584.43" z_order="0">
    </box>
    <box frame="55" keyframe="0" outside="0" occluded="0" xtl="528.42" ytl="319.60" xbr="862.87" ybr="584.52" z_order="0">
    </box>
    <box frame="56" keyframe="1" outside="0" occluded="0" xtl="528.20" ytl="319.70" xbr="862.44" ybr="584.61" z_order="0">
    </box>
    <box frame="57" keyframe="0" outside="0" occluded="0" xtl="527.43" ytl="319.34" xbr="862.01" ybr="584.71" z_order="0">
    </box>
    <box frame="58" keyframe="0" outside="0" occluded="0" xtl="526.66" ytl="318.99" xbr="861.59" ybr="584.80" z_order="0">
    </box>
    <box frame="59" keyframe="0" outside="0" occluded="0" xtl="525.89" ytl="318.63" xbr="861.16" ybr="584.90" z_order="0">
    </box>
    <box frame="60" keyframe="0" outside="0" occluded="0" xtl="525.12" ytl="318.27" xbr="860.73" ybr="584.99" z_order="0">
    </box>
    <box frame="61" keyframe="0" outside="0" occluded="0" xtl="524.35" ytl="317.91" xbr="860.31" ybr="585.09" z_order="0">
    </box>
    <box frame="62" keyframe="0" outside="0" occluded="0" xtl="523.58" ytl="317.56" xbr="859.88" ybr="585.18" z_order="0">
    </box>
    <box frame="63" keyframe="0" outside="0" occluded="0" xtl="522.81" ytl="317.20" xbr="859.45" ybr="585.27" z_order="0">
    </box>
    <box frame="64" keyframe="0" outside="0" occluded="0" xtl="522.04" ytl="316.84" xbr="859.03" ybr="585.37" z_order="0">
    </box>
    <box frame="65" keyframe="0" outside="0" occluded="0" xtl="521.27" ytl="316.48" xbr="858.60" ybr="585.46" z_order="0">
    </box>
    <box frame="66" keyframe="0" outside="0" occluded="0" xtl="520.50" ytl="316.13" xbr="858.17" ybr="585.56" z_order="0">
    </box>
    <box frame="67" keyframe="0" outside="0" occluded="0" xtl="519.73" ytl="315.77" xbr="857.75" ybr="585.65" z_order="0">
    </box>
    <box frame="68" keyframe="0" outside="0" occluded="0" xtl="518.96" ytl="315.41" xbr="857.32" ybr="585.74" z_order="0">
    </box>
    <box frame="69" keyframe="0" outside="0" occluded="0" xtl="518.18" ytl="315.05" xbr="856.89" ybr="585.84" z_order="0">
    </box>
    <box frame="70" keyframe="0" outside="0" occluded="0" xtl="517.41" ytl="314.70" xbr="856.47" ybr="585.93" z_order="0">
    </box>
    <box frame="71" keyframe="0" outside="0" occluded="0" xtl="516.64" ytl="314.34" xbr="856.04" ybr="586.03" z_order="0">
    </box>
    <box frame="72" keyframe="0" outside="0" occluded="0" xtl="515.87" ytl="313.98" xbr="855.61" ybr="586.12" z_order="0">
    </box>
    <box frame="73" keyframe="0" outside="0" occluded="0" xtl="515.10" ytl="313.62" xbr="855.19" ybr="586.22" z_order="0">
    </box>
    <box frame="74" keyframe="0" outside="0" occluded="0" xtl="514.33" ytl="313.27" xbr="854.76" ybr="586.31" z_order="0">
    </box>
    <box frame="75" keyframe="0" outside="0" occluded="0" xtl="513.56" ytl="312.91" xbr="854.33" ybr="586.40" z_order="0">
    </box>
    <box frame="76" keyframe="0" outside="0" occluded="0" xtl="512.79" ytl="312.55" xbr="853.91" ybr="586.50" z_order="0">
    </box>
    <box frame="77" keyframe="0" outside="0" occluded="0" xtl="512.02" ytl="312.19" xbr="853.48" ybr="586.59" z_order="0">
    </box>
    <box frame="78" keyframe="0" outside="0" occluded="0" xtl="511.25" ytl="311.84" xbr="853.05" ybr="586.69" z_order="0">
    </box>
    <box frame="79" keyframe="0" outside="0" occluded="0" xtl="510.48" ytl="311.48" xbr="852.63" ybr="586.78" z_order="0">
    </box>
    <box frame="80" keyframe="0" outside="0" occluded="0" xtl="509.71" ytl="311.12" xbr="852.20" ybr="586.87" z_order="0">
    </box>
    <box frame="81" keyframe="0" outside="0" occluded="0" xtl="508.94" ytl="310.76" xbr="851.77" ybr="586.97" z_order="0">
    </box>
    <box frame="82" keyframe="0" outside="0" occluded="0" xtl="508.17" ytl="310.41" xbr="851.35" ybr="587.06" z_order="0">
    </box>
    <box frame="83" keyframe="0" outside="0" occluded="0" xtl="507.40" ytl="310.05" xbr="850.92" ybr="587.16" z_order="0">
    </box>
    <box frame="84" keyframe="0" outside="0" occluded="0" xtl="506.63" ytl="309.69" xbr="850.49" ybr="587.25" z_order="0">
    </box>
    <box frame="85" keyframe="0" outside="0" occluded="0" xtl="505.86" ytl="309.33" xbr="850.07" ybr="587.35" z_order="0">
    </box>
    <box frame="86" keyframe="0" outside="0" occluded="0" xtl="505.09" ytl="308.98" xbr="849.64" ybr="587.44" z_order="0">
    </box>
    <box frame="87" keyframe="0" outside="0" occluded="0" xtl="504.32" ytl="308.62" xbr="849.21" ybr="587.53" z_order="0">
    </box>
    <box frame="88" keyframe="0" outside="0" occluded="0" xtl="503.55" ytl="308.26" xbr="848.79" ybr="587.63" z_order="0">
    </box>
    <box frame="89" keyframe="0" outside="0" occluded="0" xtl="502.78" ytl="307.90" xbr="848.36" ybr="587.72" z_order="0">
    </box>
    <box frame="90" keyframe="0" outside="0" occluded="0" xtl="502.01" ytl="307.55" xbr="847.93" ybr="587.82" z_order="0">
    </box>
    <box frame="91" keyframe="0" outside="0" occluded="0" xtl="501.24" ytl="307.19" xbr="847.51" ybr="587.91" z_order="0">
    </box>
    <box frame="92" keyframe="0" outside="0" occluded="0" xtl="500.47" ytl="306.83" xbr="847.08" ybr="588.00" z_order="0">
    </box>
    <box frame="93" keyframe="0" outside="0" occluded="0" xtl="499.69" ytl="306.47" xbr="846.65" ybr="588.10" z_order="0">
    </box>
    <box frame="94" keyframe="0" outside="0" occluded="0" xtl="498.92" ytl="306.12" xbr="846.23" ybr="588.19" z_order="0">
    </box>
    <box frame="95" keyframe="0" outside="0" occluded="0" xtl="498.15" ytl="305.76" xbr="845.80" ybr="588.29" z_order="0">
    </box>
    <box frame="96" keyframe="0" outside="0" occluded="0" xtl="497.38" ytl="305.40" xbr="845.37" ybr="588.38" z_order="0">
    </box>
    <box frame="97" keyframe="0" outside="0" occluded="0" xtl="496.61" ytl="305.05" xbr="844.95" ybr="588.48" z_order="0">
    </box>
    <box frame="98" keyframe="0" outside="0" occluded="0" xtl="495.84" ytl="304.69" xbr="844.52" ybr="588.57" z_order="0">
    </box>
    <box frame="99" keyframe="0" outside="0" occluded="0" xtl="495.07" ytl="304.33" xbr="844.09" ybr="588.66" z_order="0">
    </box>
    <box frame="100" keyframe="0" outside="0" occluded="0" xtl="494.30" ytl="303.97" xbr="843.67" ybr="588.76" z_order="0">
    </box>
    <box frame="101" keyframe="0" outside="0" occluded="0" xtl="493.53" ytl="303.62" xbr="843.24" ybr="588.85" z_order="0">
    </box>
    <box frame="102" keyframe="0" outside="0" occluded="0" xtl="492.76" ytl="303.26" xbr="842.81" ybr="588.95" z_order="0">
    </box>
    <box frame="103" keyframe="0" outside="0" occluded="0" xtl="491.99" ytl="302.90" xbr="842.39" ybr="589.04" z_order="0">
    </box>
    <box frame="104" keyframe="0" outside="0" occluded="0" xtl="491.22" ytl="302.54" xbr="841.96" ybr="589.13" z_order="0">
    </box>
    <box frame="105" keyframe="0" outside="0" occluded="0" xtl="490.45" ytl="302.19" xbr="841.53" ybr="589.23" z_order="0">
    </box>
    <box frame="106" keyframe="0" outside="0" occluded="0" xtl="489.68" ytl="301.83" xbr="841.11" ybr="589.32" z_order="0">
    </box>
    <box frame="107" keyframe="0" outside="0" occluded="0" xtl="488.91" ytl="301.47" xbr="840.68" ybr="589.42" z_order="0">
    </box>
    <box frame="108" keyframe="0" outside="0" occluded="0" xtl="488.14" ytl="301.11" xbr="840.25" ybr="589.51" z_order="0">
    </box>
    <box frame="109" keyframe="0" outside="0" occluded="0" xtl="487.37" ytl="300.76" xbr="839.83" ybr="589.61" z_order="0">
    </box>
    <box frame="110" keyframe="1" outside="0" occluded="0" xtl="486.60" ytl="300.40" xbr="839.40" ybr="589.70" z_order="0">
    </box>
    <box frame="111" keyframe="0" outside="0" occluded="0" xtl="485.63" ytl="299.91" xbr="839.01" ybr="589.92" z_order="0">
    </box>
    <box frame="112" keyframe="0" outside="0" occluded="0" xtl="484.66" ytl="299.42" xbr="838.62" ybr="590.15" z_order="0">
    </box>
    <box frame="113" keyframe="0" outside="0" occluded="0" xtl="483.69" ytl="298.93" xbr="838.23" ybr="590.37" z_order="0">
    </box>
    <box frame="114" keyframe="0" outside="0" occluded="0" xtl="482.72" ytl="298.45" xbr="837.84" ybr="590.59" z_order="0">
    </box>
    <box frame="115" keyframe="0" outside="0" occluded="0" xtl="481.75" ytl="297.96" xbr="837.45" ybr="590.81" z_order="0">
    </box>
    <box frame="116" keyframe="0" outside="0" occluded="0" xtl="480.78" ytl="297.47" xbr="837.06" ybr="591.04" z_order="0">
    </box>
    <box frame="117" keyframe="0" outside="0" occluded="0" xtl="479.81" ytl="296.98" xbr="836.67" ybr="591.26" z_order="0">
    </box>
    <box frame="118" keyframe="0" outside="0" occluded="0" xtl="478.85" ytl="296.49" xbr="836.28" ybr="591.48" z_order="0">
    </box>
    <box frame="119" keyframe="0" outside="0" occluded="0" xtl="477.88" ytl="296.01" xbr="835.89" ybr="591.71" z_order="0">
    </box>
    <box frame="120" keyframe="0" outside="0" occluded="0" xtl="476.91" ytl="295.52" xbr="835.50" ybr="591.93" z_order="0">
    </box>
    <box frame="121" keyframe="0" outside="0" occluded="0" xtl="475.94" ytl="295.03" xbr="835.11" ybr="592.15" z_order="0">
    </box>
    <box frame="122" keyframe="0" outside="0" occluded="0" xtl="474.97" ytl="294.54" xbr="834.72" ybr="592.37" z_order="0">
    </box>
    <box frame="123" keyframe="0" outside="0" occluded="0" xtl="474.00" ytl="294.05" xbr="834.33" ybr="592.60" z_order="0">
    </box>
    <box frame="124" keyframe="0" outside="0" occluded="0" xtl="473.03" ytl="293.57" xbr="833.94" ybr="592.82" z_order="0">
    </box>
    <box frame="125" keyframe="0" outside="0" occluded="0" xtl="472.06" ytl="293.08" xbr="833.54" ybr="593.04" z_order="0">
    </box>
    <box frame="126" keyframe="0" outside="0" occluded="0" xtl="471.09" ytl="292.59" xbr="833.15" ybr="593.26" z_order="0">
    </box>
    <box frame="127" keyframe="0" outside="0" occluded="0" xtl="470.13" ytl="292.10" xbr="832.76" ybr="593.49" z_order="0">
    </box>
    <box frame="128" keyframe="0" outside="0" occluded="0" xtl="469.16" ytl="291.61" xbr="832.37" ybr="593.71" z_order="0">
    </box>
    <box frame="129" keyframe="0" outside="0" occluded="0" xtl="468.19" ytl="291.13" xbr="831.98" ybr="593.93" z_order="0">
    </box>
    <box frame="130" keyframe="0" outside="0" occluded="0" xtl="467.22" ytl="290.64" xbr="831.59" ybr="594.16" z_order="0">
    </box>
    <box frame="131" keyframe="0" outside="0" occluded="0" xtl="466.25" ytl="290.15" xbr="831.20" ybr="594.38" z_order="0">
    </box>
    <box frame="132" keyframe="0" outside="0" occluded="0" xtl="465.28" ytl="289.66" xbr="830.81" ybr="594.60" z_order="0">
    </box>
    <box frame="133" keyframe="0" outside="0" occluded="0" xtl="464.31" ytl="289.18" xbr="830.42" ybr="594.82" z_order="0">
    </box>
    <box frame="134" keyframe="0" outside="0" occluded="0" xtl="463.34" ytl="288.69" xbr="830.03" ybr="595.05" z_order="0">
    </box>
    <box frame="135" keyframe="0" outside="0" occluded="0" xtl="462.37" ytl="288.20" xbr="829.64" ybr="595.27" z_order="0">
    </box>
    <box frame="136" keyframe="0" outside="0" occluded="0" xtl="461.40" ytl="287.71" xbr="829.25" ybr="595.49" z_order="0">
    </box>
    <box frame="137" keyframe="0" outside="0" occluded="0" xtl="460.44" ytl="287.22" xbr="828.86" ybr="595.72" z_order="0">
    </box>
    <box frame="138" keyframe="0" outside="0" occluded="0" xtl="459.47" ytl="286.74" xbr="828.47" ybr="595.94" z_order="0">
    </box>
    <box frame="139" keyframe="0" outside="0" occluded="0" xtl="458.50" ytl="286.25" xbr="828.08" ybr="596.16" z_order="0">
    </box>
    <box frame="140" keyframe="0" outside="0" occluded="0" xtl="457.53" ytl="285.76" xbr="827.69" ybr="596.38" z_order="0">
    </box>
    <box frame="141" keyframe="0" outside="0" occluded="0" xtl="456.56" ytl="285.27" xbr="827.30" ybr="596.61" z_order="0">
    </box>
    <box frame="142" keyframe="0" outside="0" occluded="0" xtl="455.59" ytl="284.78" xbr="826.91" ybr="596.83" z_order="0">
    </box>
    <box frame="143" keyframe="0" outside="0" occluded="0" xtl="454.62" ytl="284.30" xbr="826.52" ybr="597.05" z_order="0">
    </box>
    <box frame="144" keyframe="0" outside="0" occluded="0" xtl="453.65" ytl="283.81" xbr="826.13" ybr="597.28" z_order="0">
    </box>
    <box frame="145" keyframe="0" outside="0" occluded="0" xtl="452.68" ytl="283.32" xbr="825.74" ybr="597.50" z_order="0">
    </box>
    <box frame="146" keyframe="0" outside="0" occluded="0" xtl="451.71" ytl="282.83" xbr="825.35" ybr="597.72" z_order="0">
    </box>
    <box frame="147" keyframe="0" outside="0" occluded="0" xtl="450.75" ytl="282.34" xbr="824.96" ybr="597.94" z_order="0">
    </box>
    <box frame="148" keyframe="0" outside="0" occluded="0" xtl="449.78" ytl="281.86" xbr="824.57" ybr="598.17" z_order="0">
    </box>
    <box frame="149" keyframe="0" outside="0" occluded="0" xtl="448.81" ytl="281.37" xbr="824.18" ybr="598.39" z_order="0">
    </box>
    <box frame="150" keyframe="0" outside="0" occluded="0" xtl="447.84" ytl="280.88" xbr="823.79" ybr="598.61" z_order="0">
    </box>
    <box frame="151" keyframe="0" outside="0" occluded="0" xtl="446.87" ytl="280.39" xbr="823.40" ybr="598.84" z_order="0">
    </box>
    <box frame="152" keyframe="0" outside="0" occluded="0" xtl="445.90" ytl="279.90" xbr="823.01" ybr="599.06" z_order="0">
    </box>
    <box frame="153" keyframe="0" outside="0" occluded="0" xtl="444.93" ytl="279.42" xbr="822.61" ybr="599.28" z_order="0">
    </box>
    <box frame="154" keyframe="0" outside="0" occluded="0" xtl="443.96" ytl="278.93" xbr="822.22" ybr="599.50" z_order="0">
    </box>
    <box frame="155" keyframe="0" outside="0" occluded="0" xtl="442.99" ytl="278.44" xbr="821.83" ybr="599.73" z_order="0">
    </box>
    <box frame="156" keyframe="0" outside="0" occluded="0" xtl="442.02" ytl="277.95" xbr="821.44" ybr="599.95" z_order="0">
    </box>
    <box frame="157" keyframe="0" outside="0" occluded="0" xtl="441.06" ytl="277.46" xbr="821.05" ybr="600.17" z_order="0">
    </box>
    <box frame="158" keyframe="0" outside="0" occluded="0" xtl="440.09" ytl="276.98" xbr="820.66" ybr="600.39" z_order="0">
    </box>
    <box frame="159" keyframe="0" outside="0" occluded="0" xtl="439.12" ytl="276.49" xbr="820.27" ybr="600.62" z_order="0">
    </box>
    <box frame="160" keyframe="0" outside="0" occluded="0" xtl="438.15" ytl="276.00" xbr="819.88" ybr="600.84" z_order="0">
    </box>
    <box frame="161" keyframe="0" outside="0" occluded="0" xtl="437.18" ytl="275.51" xbr="819.49" ybr="601.06" z_order="0">
    </box>
    <box frame="162" keyframe="0" outside="0" occluded="0" xtl="436.21" ytl="275.02" xbr="819.10" ybr="601.29" z_order="0">
    </box>
    <box frame="163" keyframe="0" outside="0" occluded="0" xtl="435.24" ytl="274.54" xbr="818.71" ybr="601.51" z_order="0">
    </box>
    <box frame="164" keyframe="0" outside="0" occluded="0" xtl="434.27" ytl="274.05" xbr="818.32" ybr="601.73" z_order="0">
    </box>
    <box frame="165" keyframe="0" outside="0" occluded="0" xtl="433.30" ytl="273.56" xbr="817.93" ybr="601.95" z_order="0">
    </box>
    <box frame="166" keyframe="0" outside="0" occluded="0" xtl="432.34" ytl="273.07" xbr="817.54" ybr="602.18" z_order="0">
    </box>
    <box frame="167" keyframe="0" outside="0" occluded="0" xtl="431.37" ytl="272.58" xbr="817.15" ybr="602.40" z_order="0">
    </box>
    <box frame="168" keyframe="0" outside="0" occluded="0" xtl="430.40" ytl="272.10" xbr="816.76" ybr="602.62" z_order="0">
    </box>
    <box frame="169" keyframe="0" outside="0" occluded="0" xtl="429.43" ytl="271.61" xbr="816.37" ybr="602.85" z_order="0">
    </box>
    <box frame="170" keyframe="0" outside="0" occluded="0" xtl="428.46" ytl="271.12" xbr="815.98" ybr="603.07" z_order="0">
    </box>
    <box frame="171" keyframe="0" outside="0" occluded="0" xtl="427.49" ytl="270.63" xbr="815.59" ybr="603.29" z_order="0">
    </box>
    <box frame="172" keyframe="0" outside="0" occluded="0" xtl="426.52" ytl="270.14" xbr="815.20" ybr="603.51" z_order="0">
    </box>
    <box frame="173" keyframe="0" outside="0" occluded="0" xtl="425.55" ytl="269.66" xbr="814.81" ybr="603.74" z_order="0">
    </box>
    <box frame="174" keyframe="0" outside="0" occluded="0" xtl="424.58" ytl="269.17" xbr="814.42" ybr="603.96" z_order="0">
    </box>
    <box frame="175" keyframe="0" outside="0" occluded="0" xtl="423.61" ytl="268.68" xbr="814.03" ybr="604.18" z_order="0">
    </box>
    <box frame="176" keyframe="0" outside="0" occluded="0" xtl="422.65" ytl="268.19" xbr="813.64" ybr="604.41" z_order="0">
    </box>
    <box frame="177" keyframe="0" outside="0" occluded="0" xtl="421.68" ytl="267.70" xbr="813.25" ybr="604.63" z_order="0">
    </box>
    <box frame="178" keyframe="0" outside="0" occluded="0" xtl="420.71" ytl="267.22" xbr="812.86" ybr="604.85" z_order="0">
    </box>
    <box frame="179" keyframe="0" outside="0" occluded="0" xtl="419.74" ytl="266.73" xbr="812.47" ybr="605.07" z_order="0">
    </box>
    <box frame="180" keyframe="0" outside="0" occluded="0" xtl="418.77" ytl="266.24" xbr="812.08" ybr="605.30" z_order="0">
    </box>
    <box frame="181" keyframe="0" outside="0" occluded="0" xtl="417.80" ytl="265.75" xbr="811.69" ybr="605.52" z_order="0">
    </box>
    <box frame="182" keyframe="0" outside="0" occluded="0" xtl="416.83" ytl="265.26" xbr="811.29" ybr="605.74" z_order="0">
    </box>
    <box frame="183" keyframe="0" outside="0" occluded="0" xtl="415.86" ytl="264.78" xbr="810.90" ybr="605.96" z_order="0">
    </box>
    <box frame="184" keyframe="0" outside="0" occluded="0" xtl="414.89" ytl="264.29" xbr="810.51" ybr="606.19" z_order="0">
    </box>
    <box frame="185" keyframe="0" outside="0" occluded="0" xtl="413.92" ytl="263.80" xbr="810.12" ybr="606.41" z_order="0">
    </box>
    <box frame="186" keyframe="0" outside="0" occluded="0" xtl="412.96" ytl="263.31" xbr="809.73" ybr="606.63" z_order="0">
    </box>
    <box frame="187" keyframe="0" outside="0" occluded="0" xtl="411.99" ytl="262.82" xbr="809.34" ybr="606.86" z_order="0">
    </box>
    <box frame="188" keyframe="0" outside="0" occluded="0" xtl="411.02" ytl="262.34" xbr="808.95" ybr="607.08" z_order="0">
    </box>
    <box frame="189" keyframe="0" outside="0" occluded="0" xtl="410.05" ytl="261.85" xbr="808.56" ybr="607.30" z_order="0">
    </box>
    <box frame="190" keyframe="0" outside="0" occluded="0" xtl="409.08" ytl="261.36" xbr="808.17" ybr="607.52" z_order="0">
    </box>
    <box frame="191" keyframe="0" outside="0" occluded="0" xtl="408.11" ytl="260.87" xbr="807.78" ybr="607.75" z_order="0">
    </box>
    <box frame="192" keyframe="0" outside="0" occluded="0" xtl="407.14" ytl="260.38" xbr="807.39" ybr="607.97" z_order="0">
    </box>
    <box frame="193" keyframe="0" outside="0" occluded="0" xtl="406.17" ytl="259.90" xbr="807.00" ybr="608.19" z_order="0">
    </box>
    <box frame="194" keyframe="0" outside="0" occluded="0" xtl="405.20" ytl="259.41" xbr="806.61" ybr="608.42" z_order="0">
    </box>
    <box frame="195" keyframe="0" outside="0" occluded="0" xtl="404.23" ytl="258.92" xbr="806.22" ybr="608.64" z_order="0">
    </box>
    <box frame="196" keyframe="0" outside="0" occluded="0" xtl="403.27" ytl="258.43" xbr="805.83" ybr="608.86" z_order="0">
    </box>
    <box frame="197" keyframe="0" outside="0" occluded="0" xtl="402.30" ytl="257.94" xbr="805.44" ybr="609.08" z_order="0">
    </box>
    <box frame="198" keyframe="0" outside="0" occluded="0" xtl="401.33" ytl="257.46" xbr="805.05" ybr="609.31" z_order="0">
    </box>
    <box frame="199" keyframe="0" outside="0" occluded="0" xtl="400.36" ytl="256.97" xbr="804.66" ybr="609.53" z_order="0">
    </box>
    <box frame="200" keyframe="0" outside="0" occluded="0" xtl="399.39" ytl="256.48" xbr="804.27" ybr="609.75" z_order="0">
    </box>
    <box frame="201" keyframe="0" outside="0" occluded="0" xtl="398.42" ytl="255.99" xbr="803.88" ybr="609.98" z_order="0">
    </box>
    <box frame="202" keyframe="0" outside="0" occluded="0" xtl="397.45" ytl="255.50" xbr="803.49" ybr="610.20" z_order="0">
    </box>
    <box frame="203" keyframe="0" outside="0" occluded="0" xtl="396.48" ytl="255.02" xbr="803.10" ybr="610.42" z_order="0">
    </box>
    <box frame="204" keyframe="0" outside="0" occluded="0" xtl="395.51" ytl="254.53" xbr="802.71" ybr="610.64" z_order="0">
    </box>
    <box frame="205" keyframe="0" outside="0" occluded="0" xtl="394.55" ytl="254.04" xbr="802.32" ybr="610.87" z_order="0">
    </box>
    <box frame="206" keyframe="0" outside="0" occluded="0" xtl="393.58" ytl="253.55" xbr="801.93" ybr="611.09" z_order="0">
    </box>
    <box frame="207" keyframe="0" outside="0" occluded="0" xtl="392.61" ytl="253.07" xbr="801.54" ybr="611.31" z_order="0">
    </box>
    <box frame="208" keyframe="0" outside="0" occluded="0" xtl="391.64" ytl="252.58" xbr="801.15" ybr="611.54" z_order="0">
    </box>
    <box frame="209" keyframe="0" outside="0" occluded="0" xtl="390.67" ytl="252.09" xbr="800.76" ybr="611.76" z_order="0">
    </box>
    <box frame="210" keyframe="0" outside="0" occluded="0" xtl="389.70" ytl="251.60" xbr="800.36" ybr="611.98" z_order="0">
    </box>
    <box frame="211" keyframe="0" outside="0" occluded="0" xtl="388.73" ytl="251.11" xbr="799.97" ybr="612.20" z_order="0">
    </box>
    <box frame="212" keyframe="0" outside="0" occluded="0" xtl="387.76" ytl="250.63" xbr="799.58" ybr="612.43" z_order="0">
    </box>
    <box frame="213" keyframe="0" outside="0" occluded="0" xtl="386.79" ytl="250.14" xbr="799.19" ybr="612.65" z_order="0">
    </box>
    <box frame="214" keyframe="0" outside="0" occluded="0" xtl="385.82" ytl="249.65" xbr="798.80" ybr="612.87" z_order="0">
    </box>
    <box frame="215" keyframe="0" outside="0" occluded="0" xtl="384.86" ytl="249.16" xbr="798.41" ybr="613.09" z_order="0">
    </box>
    <box frame="216" keyframe="0" outside="0" occluded="0" xtl="383.89" ytl="248.67" xbr="798.02" ybr="613.32" z_order="0">
    </box>
    <box frame="217" keyframe="0" outside="0" occluded="0" xtl="382.92" ytl="248.19" xbr="797.63" ybr="613.54" z_order="0">
    </box>
    <box frame="218" keyframe="0" outside="0" occluded="0" xtl="381.95" ytl="247.70" xbr="797.24" ybr="613.76" z_order="0">
    </box>
    <box frame="219" keyframe="0" outside="0" occluded="0" xtl="380.98" ytl="247.21" xbr="796.85" ybr="613.99" z_order="0">
    </box>
    <box frame="220" keyframe="0" outside="0" occluded="0" xtl="380.01" ytl="246.72" xbr="796.46" ybr="614.21" z_order="0">
    </box>
    <box frame="221" keyframe="0" outside="0" occluded="0" xtl="379.04" ytl="246.23" xbr="796.07" ybr="614.43" z_order="0">
    </box>
    <box frame="222" keyframe="0" outside="0" occluded="0" xtl="378.07" ytl="245.75" xbr="795.68" ybr="614.65" z_order="0">
    </box>
    <box frame="223" keyframe="0" outside="0" occluded="0" xtl="377.10" ytl="245.26" xbr="795.29" ybr="614.88" z_order="0">
    </box>
    <box frame="224" keyframe="1" outside="0" occluded="0" xtl="376.13" ytl="244.77" xbr="794.90" ybr="615.10" z_order="0">
    </box>
    <box frame="225" keyframe="0" outside="0" occluded="0" xtl="373.96" ytl="245.11" xbr="793.77" ybr="616.36" z_order="0">
    </box>
    <box frame="226" keyframe="0" outside="0" occluded="0" xtl="371.79" ytl="245.46" xbr="792.64" ybr="617.63" z_order="0">
    </box>
    <box frame="227" keyframe="0" outside="0" occluded="0" xtl="369.61" ytl="245.80" xbr="791.52" ybr="618.89" z_order="0">
    </box>
    <box frame="228" keyframe="0" outside="0" occluded="0" xtl="367.44" ytl="246.15" xbr="790.39" ybr="620.16" z_order="0">
    </box>
    <box frame="229" keyframe="0" outside="0" occluded="0" xtl="365.26" ytl="246.49" xbr="789.26" ybr="621.42" z_order="0">
    </box>
    <box frame="230" keyframe="0" outside="0" occluded="0" xtl="363.09" ytl="246.84" xbr="788.13" ybr="622.69" z_order="0">
    </box>
    <box frame="231" keyframe="0" outside="0" occluded="0" xtl="360.92" ytl="247.18" xbr="787.01" ybr="623.95" z_order="0">
    </box>
    <box frame="232" keyframe="0" outside="0" occluded="0" xtl="358.74" ytl="247.53" xbr="785.88" ybr="625.21" z_order="0">
    </box>
    <box frame="233" keyframe="0" outside="0" occluded="0" xtl="356.57" ytl="247.87" xbr="784.75" ybr="626.48" z_order="0">
    </box>
    <box frame="234" keyframe="0" outside="0" occluded="0" xtl="354.39" ytl="248.22" xbr="783.62" ybr="627.74" z_order="0">
    </box>
    <box frame="235" keyframe="0" outside="0" occluded="0" xtl="352.22" ytl="248.56" xbr="782.49" ybr="629.01" z_order="0">
    </box>
    <box frame="236" keyframe="0" outside="0" occluded="0" xtl="350.05" ytl="248.90" xbr="781.37" ybr="630.27" z_order="0">
    </box>
    <box frame="237" keyframe="0" outside="0" occluded="0" xtl="347.87" ytl="249.25" xbr="780.24" ybr="631.54" z_order="0">
    </box>
    <box frame="238" keyframe="1" outside="0" occluded="0" xtl="345.70" ytl="249.59" xbr="779.11" ybr="632.80" z_order="0">
    </box>
    <box frame="239" keyframe="0" outside="0" occluded="0" xtl="348.02" ytl="248.14" xbr="782.48" ybr="632.27" z_order="0">
    </box>
    <box frame="240" keyframe="0" outside="0" occluded="0" xtl="350.34" ytl="246.69" xbr="785.84" ybr="631.73" z_order="0">
    </box>
    <box frame="241" keyframe="0" outside="0" occluded="0" xtl="352.66" ytl="245.23" xbr="789.21" ybr="631.20" z_order="0">
    </box>
    <box frame="242" keyframe="0" outside="0" occluded="0" xtl="354.98" ytl="243.78" xbr="792.58" ybr="630.67" z_order="0">
    </box>
    <box frame="243" keyframe="0" outside="0" occluded="0" xtl="357.30" ytl="242.33" xbr="795.94" ybr="630.13" z_order="0">
    </box>
    <box frame="244" keyframe="0" outside="0" occluded="0" xtl="359.62" ytl="240.88" xbr="799.31" ybr="629.60" z_order="0">
    </box>
    <box frame="245" keyframe="0" outside="0" occluded="0" xtl="361.94" ytl="239.42" xbr="802.67" ybr="629.07" z_order="0">
    </box>
    <box frame="246" keyframe="0" outside="0" occluded="0" xtl="364.26" ytl="237.97" xbr="806.04" ybr="628.53" z_order="0">
    </box>
    <box frame="247" keyframe="0" outside="0" occluded="0" xtl="366.58" ytl="236.52" xbr="809.41" ybr="628.00" z_order="0">
    </box>
    <box frame="248" keyframe="0" outside="0" occluded="0" xtl="368.90" ytl="235.06" xbr="812.77" ybr="627.47" z_order="0">
    </box>
    <box frame="249" keyframe="0" outside="0" occluded="0" xtl="371.22" ytl="233.61" xbr="816.14" ybr="626.93" z_order="0">
    </box>
    <box frame="250" keyframe="0" outside="0" occluded="0" xtl="373.54" ytl="232.16" xbr="819.51" ybr="626.40" z_order="0">
    </box>
    <box frame="251" keyframe="0" outside="0" occluded="0" xtl="375.86" ytl="230.70" xbr="822.87" ybr="625.87" z_order="0">
    </box>
    <box frame="252" keyframe="0" outside="0" occluded="0" xtl="378.18" ytl="229.25" xbr="826.24" ybr="625.33" z_order="0">
    </box>
    <box frame="253" keyframe="0" outside="0" occluded="0" xtl="380.50" ytl="227.80" xbr="829.60" ybr="624.80" z_order="0">
    </box>
    <box frame="254" keyframe="0" outside="0" occluded="0" xtl="382.82" ytl="226.35" xbr="832.97" ybr="624.27" z_order="0">
    </box>
    <box frame="255" keyframe="0" outside="0" occluded="0" xtl="385.14" ytl="224.89" xbr="836.34" ybr="623.73" z_order="0">
    </box>
    <box frame="256" keyframe="0" outside="0" occluded="0" xtl="387.46" ytl="223.44" xbr="839.70" ybr="623.20" z_order="0">
    </box>
    <box frame="257" keyframe="0" outside="0" occluded="0" xtl="389.78" ytl="221.99" xbr="843.07" ybr="622.67" z_order="0">
    </box>
    <box frame="258" keyframe="0" outside="0" occluded="0" xtl="392.10" ytl="220.53" xbr="846.44" ybr="622.13" z_order="0">
    </box>
    <box frame="259" keyframe="0" outside="0" occluded="0" xtl="394.42" ytl="219.08" xbr="849.80" ybr="621.60" z_order="0">
    </box>
    <box frame="260" keyframe="0" outside="0" occluded="0" xtl="396.74" ytl="217.63" xbr="853.17" ybr="621.07" z_order="0">
    </box>
    <box frame="261" keyframe="0" outside="0" occluded="0" xtl="399.06" ytl="216.17" xbr="856.53" ybr="620.53" z_order="0">
    </box>
    <box frame="262" keyframe="1" outside="0" occluded="0" xtl="401.38" ytl="214.72" xbr="859.90" ybr="620.00" z_order="0">
    </box>
    <box frame="263" keyframe="0" outside="0" occluded="0" xtl="402.25" ytl="213.90" xbr="862.59" ybr="621.22" z_order="0">
    </box>
    <box frame="264" keyframe="0" outside="0" occluded="0" xtl="403.13" ytl="213.08" xbr="865.28" ybr="622.43" z_order="0">
    </box>
    <box frame="265" keyframe="0" outside="0" occluded="0" xtl="404.00" ytl="212.26" xbr="867.97" ybr="623.65" z_order="0">
    </box>
    <box frame="266" keyframe="0" outside="0" occluded="0" xtl="404.88" ytl="211.44" xbr="870.66" ybr="624.86" z_order="0">
    </box>
    <box frame="267" keyframe="0" outside="0" occluded="0" xtl="405.76" ytl="210.62" xbr="873.34" ybr="626.08" z_order="0">
    </box>
    <box frame="268" keyframe="0" outside="0" occluded="0" xtl="406.63" ytl="209.80" xbr="876.03" ybr="627.29" z_order="0">
    </box>
    <box frame="269" keyframe="0" outside="0" occluded="0" xtl="407.51" ytl="208.98" xbr="878.72" ybr="628.51" z_order="0">
    </box>
    <box frame="270" keyframe="0" outside="0" occluded="0" xtl="408.39" ytl="208.16" xbr="881.41" ybr="629.73" z_order="0">
    </box>
    <box frame="271" keyframe="0" outside="0" occluded="0" xtl="409.26" ytl="207.34" xbr="884.10" ybr="630.94" z_order="0">
    </box>
    <box frame="272" keyframe="0" outside="0" occluded="0" xtl="410.14" ytl="206.52" xbr="886.79" ybr="632.16" z_order="0">
    </box>
    <box frame="273" keyframe="0" outside="0" occluded="0" xtl="411.02" ytl="205.70" xbr="889.48" ybr="633.37" z_order="0">
    </box>
    <box frame="274" keyframe="0" outside="0" occluded="0" xtl="411.89" ytl="204.88" xbr="892.17" ybr="634.59" z_order="0">
    </box>
    <box frame="275" keyframe="0" outside="0" occluded="0" xtl="412.77" ytl="204.06" xbr="894.86" ybr="635.80" z_order="0">
    </box>
    <box frame="276" keyframe="0" outside="0" occluded="0" xtl="413.65" ytl="203.24" xbr="897.54" ybr="637.02" z_order="0">
    </box>
    <box frame="277" keyframe="0" outside="0" occluded="0" xtl="414.52" ytl="202.41" xbr="900.23" ybr="638.24" z_order="0">
    </box>
    <box frame="278" keyframe="0" outside="0" occluded="0" xtl="415.40" ytl="201.59" xbr="902.92" ybr="639.45" z_order="0">
    </box>
    <box frame="279" keyframe="0" outside="0" occluded="0" xtl="416.28" ytl="200.77" xbr="905.61" ybr="640.67" z_order="0">
    </box>
    <box frame="280" keyframe="0" outside="0" occluded="0" xtl="417.15" ytl="199.95" xbr="908.30" ybr="641.88" z_order="0">
    </box>
    <box frame="281" keyframe="0" outside="0" occluded="0" xtl="418.03" ytl="199.13" xbr="910.99" ybr="643.10" z_order="0">
    </box>
    <box frame="282" keyframe="0" outside="0" occluded="0" xtl="418.90" ytl="198.31" xbr="913.68" ybr="644.31" z_order="0">
    </box>
    <box frame="283" keyframe="1" outside="0" occluded="0" xtl="419.78" ytl="197.49" xbr="916.37" ybr="645.53" z_order="0">
    </box>
    <box frame="284" keyframe="0" outside="0" occluded="0" xtl="419.00" ytl="196.20" xbr="917.40" ybr="646.27" z_order="0">
    </box>
    <box frame="285" keyframe="0" outside="0" occluded="0" xtl="418.22" ytl="194.91" xbr="918.43" ybr="647.01" z_order="0">
    </box>
    <box frame="286" keyframe="0" outside="0" occluded="0" xtl="417.44" ytl="193.61" xbr="919.47" ybr="647.76" z_order="0">
    </box>
    <box frame="287" keyframe="1" outside="0" occluded="0" xtl="416.66" ytl="192.32" xbr="920.50" ybr="648.50" z_order="0">
    </box>
    <box frame="288" keyframe="1" outside="0" occluded="0" xtl="401.56" ytl="202.65" xbr="931.60" ybr="642.92" z_order="0">
    </box>
    <box frame="289" keyframe="0" outside="0" occluded="0" xtl="410.02" ytl="201.25" xbr="942.37" ybr="643.92" z_order="0">
    </box>
    <box frame="290" keyframe="0" outside="0" occluded="0" xtl="418.48" ytl="199.86" xbr="953.14" ybr="644.92" z_order="0">
    </box>
    <box frame="291" keyframe="0" outside="0" occluded="0" xtl="426.93" ytl="198.46" xbr="963.91" ybr="645.92" z_order="0">
    </box>
    <box frame="292" keyframe="0" outside="0" occluded="0" xtl="435.39" ytl="197.06" xbr="974.68" ybr="646.92" z_order="0">
    </box>
    <box frame="293" keyframe="0" outside="0" occluded="0" xtl="443.84" ytl="195.67" xbr="985.45" ybr="647.91" z_order="0">
    </box>
    <box frame="294" keyframe="0" outside="0" occluded="0" xtl="452.30" ytl="194.27" xbr="996.22" ybr="648.91" z_order="0">
    </box>
    <box frame="295" keyframe="1" outside="0" occluded="0" xtl="460.75" ytl="192.87" xbr="1006.99" ybr="649.91" z_order="0">
    </box>
    <box frame="296" keyframe="0" outside="0" occluded="0" xtl="460.27" ytl="191.48" xbr="1008.82" ybr="650.91" z_order="0">
    </box>
    <box frame="297" keyframe="0" outside="0" occluded="0" xtl="459.78" ytl="190.08" xbr="1010.65" ybr="651.91" z_order="0">
    </box>
    <box frame="298" keyframe="0" outside="0" occluded="0" xtl="459.30" ytl="188.68" xbr="1012.48" ybr="652.91" z_order="0">
    </box>
    <box frame="299" keyframe="0" outside="0" occluded="0" xtl="458.81" ytl="187.29" xbr="1014.31" ybr="653.91" z_order="0">
    </box>
    <box frame="300" keyframe="0" outside="0" occluded="0" xtl="458.33" ytl="185.89" xbr="1016.14" ybr="654.91" z_order="0">
    </box>
    <box frame="301" keyframe="0" outside="0" occluded="0" xtl="457.84" ytl="184.49" xbr="1017.97" ybr="655.91" z_order="0">
    </box>
    <box frame="302" keyframe="0" outside="0" occluded="0" xtl="457.36" ytl="183.10" xbr="1019.80" ybr="656.91" z_order="0">
    </box>
    <box frame="303" keyframe="1" outside="0" occluded="0" xtl="456.87" ytl="181.70" xbr="1021.63" ybr="657.90" z_order="0">
    </box>
    <box frame="304" keyframe="0" outside="0" occluded="0" xtl="467.82" ytl="180.30" xbr="1034.89" ybr="658.90" z_order="0">
    </box>
    <box frame="305" keyframe="0" outside="0" occluded="0" xtl="478.76" ytl="178.91" xbr="1048.15" ybr="659.90" z_order="0">
    </box>
    <box frame="306" keyframe="1" outside="0" occluded="0" xtl="489.71" ytl="177.51" xbr="1061.41" ybr="660.90" z_order="0">
    </box>
    <box frame="307" keyframe="0" outside="0" occluded="0" xtl="489.51" ytl="176.12" xbr="1063.53" ybr="661.90" z_order="0">
    </box>
    <box frame="308" keyframe="0" outside="0" occluded="0" xtl="489.32" ytl="174.72" xbr="1065.65" ybr="662.90" z_order="0">
    </box>
    <box frame="309" keyframe="0" outside="0" occluded="0" xtl="489.13" ytl="173.32" xbr="1067.77" ybr="663.90" z_order="0">
    </box>
    <box frame="310" keyframe="0" outside="0" occluded="0" xtl="488.94" ytl="171.93" xbr="1069.90" ybr="664.90" z_order="0">
    </box>
    <box frame="311" keyframe="0" outside="0" occluded="0" xtl="488.75" ytl="170.53" xbr="1072.02" ybr="665.90" z_order="0">
    </box>
    <box frame="312" keyframe="0" outside="0" occluded="0" xtl="488.55" ytl="169.13" xbr="1074.14" ybr="666.90" z_order="0">
    </box>
    <box frame="313" keyframe="0" outside="0" occluded="0" xtl="488.36" ytl="167.74" xbr="1076.26" ybr="667.90" z_order="0">
    </box>
    <box frame="314" keyframe="0" outside="0" occluded="0" xtl="488.17" ytl="166.34" xbr="1078.38" ybr="668.89" z_order="0">
    </box>
    <box frame="315" keyframe="0" outside="0" occluded="0" xtl="487.98" ytl="164.94" xbr="1080.51" ybr="669.89" z_order="0">
    </box>
    <box frame="316" keyframe="0" outside="0" occluded="0" xtl="487.78" ytl="163.55" xbr="1082.63" ybr="670.89" z_order="0">
    </box>
    <box frame="317" keyframe="0" outside="0" occluded="0" xtl="487.59" ytl="162.15" xbr="1084.75" ybr="671.89" z_order="0">
    </box>
    <box frame="318" keyframe="0" outside="0" occluded="0" xtl="487.40" ytl="160.75" xbr="1086.87" ybr="672.89" z_order="0">
    </box>
    <box frame="319" keyframe="0" outside="0" occluded="0" xtl="487.21" ytl="159.36" xbr="1089.00" ybr="673.89" z_order="0">
    </box>
    <box frame="320" keyframe="0" outside="0" occluded="0" xtl="487.01" ytl="157.96" xbr="1091.12" ybr="674.89" z_order="0">
    </box>
    <box frame="321" keyframe="0" outside="0" occluded="0" xtl="486.82" ytl="156.56" xbr="1093.24" ybr="675.89" z_order="0">
    </box>
    <box frame="322" keyframe="0" outside="0" occluded="0" xtl="486.63" ytl="155.17" xbr="1095.36" ybr="676.89" z_order="0">
    </box>
    <box frame="323" keyframe="0" outside="0" occluded="0" xtl="486.44" ytl="153.77" xbr="1097.48" ybr="677.89" z_order="0">
    </box>
    <box frame="324" keyframe="0" outside="0" occluded="0" xtl="486.24" ytl="152.37" xbr="1099.61" ybr="678.88" z_order="0">
    </box>
    <box frame="325" keyframe="0" outside="0" occluded="0" xtl="486.05" ytl="150.98" xbr="1101.73" ybr="679.88" z_order="0">
    </box>
    <box frame="326" keyframe="0" outside="0" occluded="0" xtl="485.86" ytl="149.58" xbr="1103.85" ybr="680.88" z_order="0">
    </box>
    <box frame="327" keyframe="0" outside="0" occluded="0" xtl="485.67" ytl="148.18" xbr="1105.97" ybr="681.88" z_order="0">
    </box>
    <box frame="328" keyframe="1" outside="0" occluded="0" xtl="485.47" ytl="146.79" xbr="1108.10" ybr="682.88" z_order="0">
    </box>
    <box frame="329" keyframe="0" outside="0" occluded="0" xtl="482.99" ytl="145.15" xbr="1107.92" ybr="683.64" z_order="0">
    </box>
    <box frame="330" keyframe="0" outside="0" occluded="0" xtl="480.50" ytl="143.51" xbr="1107.75" ybr="684.40" z_order="0">
    </box>
    <box frame="331" keyframe="0" outside="0" occluded="0" xtl="478.02" ytl="141.87" xbr="1107.58" ybr="685.15" z_order="0">
    </box>
    <box frame="332" keyframe="0" outside="0" occluded="0" xtl="475.53" ytl="140.24" xbr="1107.41" ybr="685.91" z_order="0">
    </box>
    <box frame="333" keyframe="0" outside="0" occluded="0" xtl="473.05" ytl="138.60" xbr="1107.24" ybr="686.67" z_order="0">
    </box>
    <box frame="334" keyframe="0" outside="0" occluded="0" xtl="470.56" ytl="136.96" xbr="1107.07" ybr="687.43" z_order="0">
    </box>
    <box frame="335" keyframe="0" outside="0" occluded="0" xtl="468.07" ytl="135.32" xbr="1106.90" ybr="688.19" z_order="0">
    </box>
    <box frame="336" keyframe="0" outside="0" occluded="0" xtl="465.59" ytl="133.68" xbr="1106.73" ybr="688.94" z_order="0">
    </box>
    <box frame="337" keyframe="0" outside="0" occluded="0" xtl="463.10" ytl="132.05" xbr="1106.55" ybr="689.70" z_order="0">
    </box>
    <box frame="338" keyframe="0" outside="0" occluded="0" xtl="460.62" ytl="130.41" xbr="1106.38" ybr="690.46" z_order="0">
    </box>
    <box frame="339" keyframe="0" outside="0" occluded="0" xtl="458.13" ytl="128.77" xbr="1106.21" ybr="691.22" z_order="0">
    </box>
    <box frame="340" keyframe="0" outside="0" occluded="0" xtl="455.64" ytl="127.13" xbr="1106.04" ybr="691.97" z_order="0">
    </box>
    <box frame="341" keyframe="0" outside="0" occluded="0" xtl="453.16" ytl="125.50" xbr="1105.87" ybr="692.73" z_order="0">
    </box>
    <box frame="342" keyframe="0" outside="0" occluded="0" xtl="450.67" ytl="123.86" xbr="1105.70" ybr="693.49" z_order="0">
    </box>
    <box frame="343" keyframe="0" outside="0" occluded="0" xtl="448.19" ytl="122.22" xbr="1105.53" ybr="694.25" z_order="0">
    </box>
    <box frame="344" keyframe="0" outside="0" occluded="0" xtl="445.70" ytl="120.58" xbr="1105.36" ybr="695.01" z_order="0">
    </box>
    <box frame="345" keyframe="0" outside="0" occluded="0" xtl="443.21" ytl="118.95" xbr="1105.18" ybr="695.76" z_order="0">
    </box>
    <box frame="346" keyframe="0" outside="0" occluded="0" xtl="440.73" ytl="117.31" xbr="1105.01" ybr="696.52" z_order="0">
    </box>
    <box frame="347" keyframe="0" outside="0" occluded="0" xtl="438.24" ytl="115.67" xbr="1104.84" ybr="697.28" z_order="0">
    </box>
    <box frame="348" keyframe="0" outside="0" occluded="0" xtl="435.76" ytl="114.03" xbr="1104.67" ybr="698.04" z_order="0">
    </box>
    <box frame="349" keyframe="0" outside="0" occluded="0" xtl="433.27" ytl="112.39" xbr="1104.50" ybr="698.80" z_order="0">
    </box>
    <box frame="350" keyframe="0" outside="0" occluded="0" xtl="430.78" ytl="110.76" xbr="1104.33" ybr="699.55" z_order="0">
    </box>
    <box frame="351" keyframe="0" outside="0" occluded="0" xtl="428.30" ytl="109.12" xbr="1104.16" ybr="700.31" z_order="0">
    </box>
    <box frame="352" keyframe="0" outside="0" occluded="0" xtl="425.81" ytl="107.48" xbr="1103.99" ybr="701.07" z_order="0">
    </box>
    <box frame="353" keyframe="0" outside="0" occluded="0" xtl="423.33" ytl="105.84" xbr="1103.81" ybr="701.83" z_order="0">
    </box>
    <box frame="354" keyframe="0" outside="0" occluded="0" xtl="420.84" ytl="104.21" xbr="1103.64" ybr="702.58" z_order="0">
    </box>
    <box frame="355" keyframe="0" outside="0" occluded="0" xtl="418.36" ytl="102.57" xbr="1103.47" ybr="703.34" z_order="0">
    </box>
    <box frame="356" keyframe="1" outside="0" occluded="0" xtl="415.87" ytl="100.93" xbr="1103.30" ybr="704.10" z_order="0">
    </box>
    <box frame="357" keyframe="0" outside="0" occluded="0" xtl="418.46" ytl="103.29" xbr="1097.76" ybr="698.29" z_order="0">
    </box>
    <box frame="358" keyframe="0" outside="0" occluded="0" xtl="421.06" ytl="105.65" xbr="1092.22" ybr="692.47" z_order="0">
    </box>
    <box frame="359" keyframe="0" outside="0" occluded="0" xtl="423.65" ytl="108.02" xbr="1086.68" ybr="686.66" z_order="0">
    </box>
    <box frame="360" keyframe="0" outside="0" occluded="0" xtl="426.25" ytl="110.38" xbr="1081.14" ybr="680.85" z_order="0">
    </box>
    <box frame="361" keyframe="0" outside="0" occluded="0" xtl="428.84" ytl="112.74" xbr="1075.60" ybr="675.03" z_order="0">
    </box>
    <box frame="362" keyframe="0" outside="0" occluded="0" xtl="431.44" ytl="115.10" xbr="1070.05" ybr="669.22" z_order="0">
    </box>
    <box frame="363" keyframe="0" outside="0" occluded="0" xtl="434.03" ytl="117.47" xbr="1064.51" ybr="663.40" z_order="0">
    </box>
    <box frame="364" keyframe="0" outside="0" occluded="0" xtl="436.63" ytl="119.83" xbr="1058.97" ybr="657.59" z_order="0">
    </box>
    <box frame="365" keyframe="0" outside="0" occluded="0" xtl="439.22" ytl="122.19" xbr="1053.43" ybr="651.78" z_order="0">
    </box>
    <box frame="366" keyframe="0" outside="0" occluded="0" xtl="441.82" ytl="124.55" xbr="1047.89" ybr="645.96" z_order="0">
    </box>
    <box frame="367" keyframe="0" outside="0" occluded="0" xtl="444.41" ytl="126.92" xbr="1042.35" ybr="640.15" z_order="0">
    </box>
    <box frame="368" keyframe="0" outside="0" occluded="0" xtl="447.00" ytl="129.28" xbr="1036.81" ybr="634.34" z_order="0">
    </box>
    <box frame="369" keyframe="0" outside="0" occluded="0" xtl="449.60" ytl="131.64" xbr="1031.27" ybr="628.52" z_order="0">
    </box>
    <box frame="370" keyframe="0" outside="0" occluded="0" xtl="452.19" ytl="134.00" xbr="1025.73" ybr="622.71" z_order="0">
    </box>
    <box frame="371" keyframe="0" outside="0" occluded="0" xtl="454.79" ytl="136.37" xbr="1020.19" ybr="616.90" z_order="0">
    </box>
    <box frame="372" keyframe="0" outside="0" occluded="0" xtl="457.38" ytl="138.73" xbr="1014.65" ybr="611.08" z_order="0">
    </box>
    <box frame="373" keyframe="0" outside="0" occluded="0" xtl="459.98" ytl="141.09" xbr="1009.10" ybr="605.27" z_order="0">
    </box>
    <box frame="374" keyframe="0" outside="0" occluded="0" xtl="462.57" ytl="143.45" xbr="1003.56" ybr="599.45" z_order="0">
    </box>
    <box frame="375" keyframe="0" outside="0" occluded="0" xtl="465.17" ytl="145.82" xbr="998.02" ybr="593.64" z_order="0">
    </box>
    <box frame="376" keyframe="0" outside="0" occluded="0" xtl="467.76" ytl="148.18" xbr="992.48" ybr="587.83" z_order="0">
    </box>
    <box frame="377" keyframe="0" outside="0" occluded="0" xtl="470.36" ytl="150.54" xbr="986.94" ybr="582.01" z_order="0">
    </box>
    <box frame="378" keyframe="1" outside="0" occluded="0" xtl="472.95" ytl="152.90" xbr="981.40" ybr="576.20" z_order="0">
    </box>
    <box frame="379" keyframe="0" outside="0" occluded="0" xtl="472.04" ytl="153.61" xbr="979.65" ybr="575.15" z_order="0">
    </box>
    <box frame="380" keyframe="0" outside="0" occluded="0" xtl="471.14" ytl="154.32" xbr="977.91" ybr="574.11" z_order="0">
    </box>
    <box frame="381" keyframe="0" outside="0" occluded="0" xtl="470.23" ytl="155.03" xbr="976.16" ybr="573.06" z_order="0">
    </box>
    <box frame="382" keyframe="0" outside="0" occluded="0" xtl="469.32" ytl="155.74" xbr="974.42" ybr="572.02" z_order="0">
    </box>
    <box frame="383" keyframe="0" outside="0" occluded="0" xtl="468.42" ytl="156.45" xbr="972.67" ybr="570.97" z_order="0">
    </box>
    <box frame="384" keyframe="0" outside="0" occluded="0" xtl="467.51" ytl="157.16" xbr="970.92" ybr="569.92" z_order="0">
    </box>
    <box frame="385" keyframe="0" outside="0" occluded="0" xtl="466.61" ytl="157.87" xbr="969.18" ybr="568.88" z_order="0">
    </box>
    <box frame="386" keyframe="0" outside="0" occluded="0" xtl="465.70" ytl="158.58" xbr="967.43" ybr="567.83" z_order="0">
    </box>
    <box frame="387" keyframe="0" outside="0" occluded="0" xtl="464.79" ytl="159.29" xbr="965.68" ybr="566.78" z_order="0">
    </box>
    <box frame="388" keyframe="0" outside="0" occluded="0" xtl="463.89" ytl="160.00" xbr="963.94" ybr="565.74" z_order="0">
    </box>
    <box frame="389" keyframe="0" outside="0" occluded="0" xtl="462.98" ytl="160.70" xbr="962.19" ybr="564.69" z_order="0">
    </box>
    <box frame="390" keyframe="0" outside="0" occluded="0" xtl="462.07" ytl="161.41" xbr="960.45" ybr="563.65" z_order="0">
    </box>
    <box frame="391" keyframe="1" outside="0" occluded="0" xtl="461.17" ytl="162.12" xbr="958.70" ybr="562.60" z_order="0">
    </box>
    <box frame="392" keyframe="0" outside="0" occluded="0" xtl="458.81" ytl="159.58" xbr="962.32" ybr="564.70" z_order="0">
    </box>
    <box frame="393" keyframe="0" outside="0" occluded="0" xtl="456.46" ytl="157.04" xbr="965.95" ybr="566.80" z_order="0">
    </box>
    <box frame="394" keyframe="0" outside="0" occluded="0" xtl="454.11" ytl="154.49" xbr="969.57" ybr="568.90" z_order="0">
    </box>
    <box frame="395" keyframe="0" outside="0" occluded="0" xtl="451.76" ytl="151.95" xbr="973.20" ybr="571.00" z_order="0">
    </box>
    <box frame="396" keyframe="0" outside="0" occluded="0" xtl="449.40" ytl="149.41" xbr="976.82" ybr="573.10" z_order="0">
    </box>
    <box frame="397" keyframe="0" outside="0" occluded="0" xtl="447.05" ytl="146.86" xbr="980.44" ybr="575.20" z_order="0">
    </box>
    <box frame="398" keyframe="0" outside="0" occluded="0" xtl="444.70" ytl="144.32" xbr="984.07" ybr="577.30" z_order="0">
    </box>
    <box frame="399" keyframe="0" outside="0" occluded="0" xtl="442.35" ytl="141.78" xbr="987.69" ybr="579.40" z_order="0">
    </box>
    <box frame="400" keyframe="0" outside="0" occluded="0" xtl="439.99" ytl="139.24" xbr="991.32" ybr="581.50" z_order="0">
    </box>
    <box frame="401" keyframe="0" outside="0" occluded="0" xtl="437.64" ytl="136.69" xbr="994.94" ybr="583.60" z_order="0">
    </box>
    <box frame="402" keyframe="0" outside="0" occluded="0" xtl="435.29" ytl="134.15" xbr="998.56" ybr="585.70" z_order="0">
    </box>
    <box frame="403" keyframe="0" outside="0" occluded="0" xtl="432.94" ytl="131.61" xbr="1002.19" ybr="587.80" z_order="0">
    </box>
    <box frame="404" keyframe="0" outside="0" occluded="0" xtl="430.59" ytl="129.06" xbr="1005.81" ybr="589.90" z_order="0">
    </box>
    <box frame="405" keyframe="0" outside="0" occluded="0" xtl="428.23" ytl="126.52" xbr="1009.44" ybr="592.00" z_order="0">
    </box>
    <box frame="406" keyframe="0" outside="0" occluded="0" xtl="425.88" ytl="123.98" xbr="1013.06" ybr="594.10" z_order="0">
    </box>
    <box frame="407" keyframe="0" outside="0" occluded="0" xtl="423.53" ytl="121.43" xbr="1016.68" ybr="596.20" z_order="0">
    </box>
    <box frame="408" keyframe="0" outside="0" occluded="0" xtl="421.18" ytl="118.89" xbr="1020.31" ybr="598.30" z_order="0">
    </box>
    <box frame="409" keyframe="0" outside="0" occluded="0" xtl="418.82" ytl="116.35" xbr="1023.93" ybr="600.40" z_order="0">
    </box>
    <box frame="410" keyframe="0" outside="0" occluded="0" xtl="416.47" ytl="113.81" xbr="1027.56" ybr="602.50" z_order="0">
    </box>
    <box frame="411" keyframe="0" outside="0" occluded="0" xtl="414.12" ytl="111.26" xbr="1031.18" ybr="604.60" z_order="0">
    </box>
    <box frame="412" keyframe="0" outside="0" occluded="0" xtl="411.77" ytl="108.72" xbr="1034.80" ybr="606.70" z_order="0">
    </box>
    <box frame="413" keyframe="0" outside="0" occluded="0" xtl="409.41" ytl="106.18" xbr="1038.43" ybr="608.80" z_order="0">
    </box>
    <box frame="414" keyframe="0" outside="0" occluded="0" xtl="407.06" ytl="103.63" xbr="1042.05" ybr="610.90" z_order="0">
    </box>
    <box frame="415" keyframe="0" outside="0" occluded="0" xtl="404.71" ytl="101.09" xbr="1045.68" ybr="613.00" z_order="0">
    </box>
    <box frame="416" keyframe="1" outside="0" occluded="0" xtl="402.36" ytl="98.55" xbr="1049.30" ybr="615.10" z_order="0">
    </box>
    <box frame="417" keyframe="0" outside="0" occluded="0" xtl="403.44" ytl="99.81" xbr="1048.15" ybr="612.18" z_order="0">
    </box>
    <box frame="418" keyframe="0" outside="0" occluded="0" xtl="404.52" ytl="101.07" xbr="1047.01" ybr="609.26" z_order="0">
    </box>
    <box frame="419" keyframe="0" outside="0" occluded="0" xtl="405.60" ytl="102.34" xbr="1045.86" ybr="606.35" z_order="0">
    </box>
    <box frame="420" keyframe="0" outside="0" occluded="0" xtl="406.68" ytl="103.60" xbr="1044.72" ybr="603.43" z_order="0">
    </box>
    <box frame="421" keyframe="0" outside="0" occluded="0" xtl="407.76" ytl="104.87" xbr="1043.57" ybr="600.51" z_order="0">
    </box>
    <box frame="422" keyframe="0" outside="0" occluded="0" xtl="408.85" ytl="106.13" xbr="1042.42" ybr="597.59" z_order="0">
    </box>
    <box frame="423" keyframe="0" outside="0" occluded="0" xtl="409.93" ytl="107.39" xbr="1041.28" ybr="594.67" z_order="0">
    </box>
    <box frame="424" keyframe="0" outside="0" occluded="0" xtl="411.01" ytl="108.66" xbr="1040.13" ybr="591.76" z_order="0">
    </box>
    <box frame="425" keyframe="0" outside="0" occluded="0" xtl="412.09" ytl="109.92" xbr="1038.99" ybr="588.84" z_order="0">
    </box>
    <box frame="426" keyframe="0" outside="0" occluded="0" xtl="413.17" ytl="111.18" xbr="1037.84" ybr="585.92" z_order="0">
    </box>
    <box frame="427" keyframe="0" outside="0" occluded="0" xtl="414.25" ytl="112.45" xbr="1036.70" ybr="583.00" z_order="0">
    </box>
    <box frame="428" keyframe="0" outside="0" occluded="0" xtl="415.33" ytl="113.71" xbr="1035.55" ybr="580.08" z_order="0">
    </box>
    <box frame="429" keyframe="0" outside="0" occluded="0" xtl="416.42" ytl="114.98" xbr="1034.40" ybr="577.17" z_order="0">
    </box>
    <box frame="430" keyframe="0" outside="0" occluded="0" xtl="417.50" ytl="116.24" xbr="1033.26" ybr="574.25" z_order="0">
    </box>
    <box frame="431" keyframe="0" outside="0" occluded="0" xtl="418.58" ytl="117.50" xbr="1032.11" ybr="571.33" z_order="0">
    </box>
    <box frame="432" keyframe="0" outside="0" occluded="0" xtl="419.66" ytl="118.77" xbr="1030.97" ybr="568.41" z_order="0">
    </box>
    <box frame="433" keyframe="0" outside="0" occluded="0" xtl="420.74" ytl="120.03" xbr="1029.82" ybr="565.49" z_order="0">
    </box>
    <box frame="434" keyframe="0" outside="0" occluded="0" xtl="421.82" ytl="121.29" xbr="1028.67" ybr="562.58" z_order="0">
    </box>
    <box frame="435" keyframe="0" outside="0" occluded="0" xtl="422.90" ytl="122.56" xbr="1027.53" ybr="559.66" z_order="0">
    </box>
    <box frame="436" keyframe="0" outside="0" occluded="0" xtl="423.98" ytl="123.82" xbr="1026.38" ybr="556.74" z_order="0">
    </box>
    <box frame="437" keyframe="0" outside="0" occluded="0" xtl="425.07" ytl="125.08" xbr="1025.24" ybr="553.82" z_order="0">
    </box>
    <box frame="438" keyframe="0" outside="0" occluded="0" xtl="426.15" ytl="126.35" xbr="1024.09" ybr="550.90" z_order="0">
    </box>
    <box frame="439" keyframe="0" outside="0" occluded="0" xtl="427.23" ytl="127.61" xbr="1022.94" ybr="547.99" z_order="0">
    </box>
    <box frame="440" keyframe="0" outside="0" occluded="0" xtl="428.31" ytl="128.88" xbr="1021.80" ybr="545.07" z_order="0">
    </box>
    <box frame="441" keyframe="0" outside="0" occluded="0" xtl="429.39" ytl="130.14" xbr="1020.65" ybr="542.15" z_order="0">
    </box>
    <box frame="442" keyframe="0" outside="0" occluded="0" xtl="430.47" ytl="131.40" xbr="1019.51" ybr="539.23" z_order="0">
    </box>
    <box frame="443" keyframe="0" outside="0" occluded="0" xtl="431.55" ytl="132.67" xbr="1018.36" ybr="536.31" z_order="0">
    </box>
    <box frame="444" keyframe="0" outside="0" occluded="0" xtl="432.64" ytl="133.93" xbr="1017.21" ybr="533.40" z_order="0">
    </box>
    <box frame="445" keyframe="0" outside="0" occluded="0" xtl="433.72" ytl="135.19" xbr="1016.07" ybr="530.48" z_order="0">
    </box>
    <box frame="446" keyframe="0" outside="0" occluded="0" xtl="434.80" ytl="136.46" xbr="1014.92" ybr="527.56" z_order="0">
    </box>
    <box frame="447" keyframe="0" outside="0" occluded="0" xtl="435.88" ytl="137.72" xbr="1013.78" ybr="524.64" z_order="0">
    </box>
    <box frame="448" keyframe="0" outside="0" occluded="0" xtl="436.96" ytl="138.99" xbr="1012.63" ybr="521.72" z_order="0">
    </box>
    <box frame="449" keyframe="0" outside="0" occluded="0" xtl="438.04" ytl="140.25" xbr="1011.49" ybr="518.80" z_order="0">
    </box>
    <box frame="450" keyframe="0" outside="0" occluded="0" xtl="439.12" ytl="141.51" xbr="1010.34" ybr="515.89" z_order="0">
    </box>
    <box frame="451" keyframe="0" outside="0" occluded="0" xtl="440.20" ytl="142.78" xbr="1009.19" ybr="512.97" z_order="0">
    </box>
    <box frame="452" keyframe="0" outside="0" occluded="0" xtl="441.29" ytl="144.04" xbr="1008.05" ybr="510.05" z_order="0">
    </box>
    <box frame="453" keyframe="0" outside="0" occluded="0" xtl="442.37" ytl="145.30" xbr="1006.90" ybr="507.13" z_order="0">
    </box>
    <box frame="454" keyframe="0" outside="0" occluded="0" xtl="443.45" ytl="146.57" xbr="1005.76" ybr="504.21" z_order="0">
    </box>
    <box frame="455" keyframe="0" outside="0" occluded="0" xtl="444.53" ytl="147.83" xbr="1004.61" ybr="501.30" z_order="0">
    </box>
    <box frame="456" keyframe="0" outside="0" occluded="0" xtl="445.61" ytl="149.10" xbr="1003.46" ybr="498.38" z_order="0">
    </box>
    <box frame="457" keyframe="0" outside="0" occluded="0" xtl="446.69" ytl="150.36" xbr="1002.32" ybr="495.46" z_order="0">
    </box>
    <box frame="458" keyframe="0" outside="0" occluded="0" xtl="447.77" ytl="151.62" xbr="1001.17" ybr="492.54" z_order="0">
    </box>
    <box frame="459" keyframe="0" outside="0" occluded="0" xtl="448.86" ytl="152.89" xbr="1000.03" ybr="489.62" z_order="0">
    </box>
    <box frame="460" keyframe="0" outside="0" occluded="0" xtl="449.94" ytl="154.15" xbr="998.88" ybr="486.71" z_order="0">
    </box>
    <box frame="461" keyframe="0" outside="0" occluded="0" xtl="451.02" ytl="155.41" xbr="997.73" ybr="483.79" z_order="0">
    </box>
    <box frame="462" keyframe="0" outside="0" occluded="0" xtl="452.10" ytl="156.68" xbr="996.59" ybr="480.87" z_order="0">
    </box>
    <box frame="463" keyframe="0" outside="0" occluded="0" xtl="453.18" ytl="157.94" xbr="995.44" ybr="477.95" z_order="0">
    </box>
    <box frame="464" keyframe="0" outside="0" occluded="0" xtl="454.26" ytl="159.20" xbr="994.30" ybr="475.03" z_order="0">
    </box>
    <box frame="465" keyframe="0" outside="0" occluded="0" xtl="455.34" ytl="160.47" xbr="993.15" ybr="472.12" z_order="0">
    </box>
    <box frame="466" keyframe="0" outside="0" occluded="0" xtl="456.43" ytl="161.73" xbr="992.00" ybr="469.20" z_order="0">
    </box>
    <box frame="467" keyframe="0" outside="0" occluded="0" xtl="457.51" ytl="163.00" xbr="990.86" ybr="466.28" z_order="0">
    </box>
    <box frame="468" keyframe="0" outside="0" occluded="0" xtl="458.59" ytl="164.26" xbr="989.71" ybr="463.36" z_order="0">
    </box>
    <box frame="469" keyframe="0" outside="0" occluded="0" xtl="459.67" ytl="165.52" xbr="988.57" ybr="460.44" z_order="0">
    </box>
    <box frame="470" keyframe="0" outside="0" occluded="0" xtl="460.75" ytl="166.79" xbr="987.42" ybr="457.53" z_order="0">
    </box>
    <box frame="471" keyframe="0" outside="0" occluded="0" xtl="461.83" ytl="168.05" xbr="986.28" ybr="454.61" z_order="0">
    </box>
    <box frame="472" keyframe="0" outside="0" occluded="0" xtl="462.91" ytl="169.31" xbr="985.13" ybr="451.69" z_order="0">
    </box>
    <box frame="473" keyframe="0" outside="0" occluded="0" xtl="463.99" ytl="170.58" xbr="983.98" ybr="448.77" z_order="0">
    </box>
    <box frame="474" keyframe="0" outside="0" occluded="0" xtl="465.08" ytl="171.84" xbr="982.84" ybr="445.85" z_order="0">
    </box>
    <box frame="475" keyframe="0" outside="0" occluded="0" xtl="466.16" ytl="173.11" xbr="981.69" ybr="442.94" z_order="0">
    </box>
    <box frame="476" keyframe="0" outside="0" occluded="0" xtl="467.24" ytl="174.37" xbr="980.55" ybr="440.02" z_order="0">
    </box>
    <box frame="477" keyframe="1" outside="0" occluded="0" xtl="468.32" ytl="175.63" xbr="979.40" ybr="437.10" z_order="0">
    </box>
    <box frame="478" keyframe="0" outside="0" occluded="0" xtl="468.78" ytl="174.99" xbr="980.38" ybr="437.63" z_order="0">
    </box>
    <box frame="479" keyframe="0" outside="0" occluded="0" xtl="469.24" ytl="174.35" xbr="981.35" ybr="438.16" z_order="0">
    </box>
    <box frame="480" keyframe="0" outside="0" occluded="0" xtl="469.71" ytl="173.70" xbr="982.33" ybr="438.69" z_order="0">
    </box>
    <box frame="481" keyframe="0" outside="0" occluded="0" xtl="470.17" ytl="173.06" xbr="983.30" ybr="439.23" z_order="0">
    </box>
    <box frame="482" keyframe="0" outside="0" occluded="0" xtl="470.63" ytl="172.42" xbr="984.28" ybr="439.76" z_order="0">
    </box>
    <box frame="483" keyframe="0" outside="0" occluded="0" xtl="471.09" ytl="171.78" xbr="985.25" ybr="440.29" z_order="0">
    </box>
    <box frame="484" keyframe="0" outside="0" occluded="0" xtl="471.55" ytl="171.13" xbr="986.23" ybr="440.82" z_order="0">
    </box>
    <box frame="485" keyframe="0" outside="0" occluded="0" xtl="472.01" ytl="170.49" xbr="987.20" ybr="441.35" z_order="0">
    </box>
    <box frame="486" keyframe="0" outside="0" occluded="0" xtl="472.48" ytl="169.85" xbr="988.18" ybr="441.88" z_order="0">
    </box>
    <box frame="487" keyframe="0" outside="0" occluded="0" xtl="472.94" ytl="169.21" xbr="989.15" ybr="442.41" z_order="0">
    </box>
    <box frame="488" keyframe="0" outside="0" occluded="0" xtl="473.40" ytl="168.56" xbr="990.13" ybr="442.94" z_order="0">
    </box>
    <box frame="489" keyframe="0" outside="0" occluded="0" xtl="473.86" ytl="167.92" xbr="991.10" ybr="443.48" z_order="0">
    </box>
    <box frame="490" keyframe="0" outside="0" occluded="0" xtl="474.32" ytl="167.28" xbr="992.08" ybr="444.01" z_order="0">
    </box>
    <box frame="491" keyframe="0" outside="0" occluded="0" xtl="474.78" ytl="166.64" xbr="993.05" ybr="444.54" z_order="0">
    </box>
    <box frame="492" keyframe="0" outside="0" occluded="0" xtl="475.25" ytl="165.99" xbr="994.03" ybr="445.07" z_order="0">
    </box>
    <box frame="493" keyframe="1" outside="0" occluded="0" xtl="475.71" ytl="165.35" xbr="995.00" ybr="445.60" z_order="0">
    </box>
    <box frame="494" keyframe="1" outside="0" occluded="0" xtl="464.35" ytl="134.31" xbr="1026.39" ybr="468.08" z_order="0">
    </box>
    <box frame="495" keyframe="0" outside="0" occluded="0" xtl="476.27" ytl="130.57" xbr="1041.31" ybr="468.59" z_order="0">
    </box>
    <box frame="496" keyframe="0" outside="0" occluded="0" xtl="488.19" ytl="126.83" xbr="1056.23" ybr="469.10" z_order="0">
    </box>
    <box frame="497" keyframe="0" outside="0" occluded="0" xtl="500.11" ytl="123.09" xbr="1071.14" ybr="469.62" z_order="0">
    </box>
    <box frame="498" keyframe="0" outside="0" occluded="0" xtl="512.03" ytl="119.35" xbr="1086.06" ybr="470.13" z_order="0">
    </box>
    <box frame="499" keyframe="0" outside="0" occluded="0" xtl="523.95" ytl="115.61" xbr="1100.98" ybr="470.64" z_order="0">
    </box>
    <box frame="500" keyframe="0" outside="0" occluded="0" xtl="535.87" ytl="111.87" xbr="1115.90" ybr="471.16" z_order="0">
    </box>
    <box frame="501" keyframe="0" outside="0" occluded="0" xtl="547.79" ytl="108.13" xbr="1130.82" ybr="471.67" z_order="0">
    </box>
    <box frame="502" keyframe="0" outside="0" occluded="0" xtl="559.71" ytl="104.39" xbr="1145.74" ybr="472.18" z_order="0">
    </box>
    <box frame="503" keyframe="0" outside="0" occluded="0" xtl="571.63" ytl="100.65" xbr="1160.65" ybr="472.70" z_order="0">
    </box>
    <box frame="504" keyframe="0" outside="0" occluded="0" xtl="583.55" ytl="96.91" xbr="1175.57" ybr="473.21" z_order="0">
    </box>
    <box frame="505" keyframe="0" outside="0" occluded="0" xtl="595.47" ytl="93.17" xbr="1190.49" ybr="473.72" z_order="0">
    </box>
    <box frame="506" keyframe="0" outside="0" occluded="0" xtl="607.39" ytl="89.43" xbr="1205.41" ybr="474.23" z_order="0">
    </box>
    <box frame="507" keyframe="0" outside="0" occluded="0" xtl="619.31" ytl="85.69" xbr="1220.33" ybr="474.75" z_order="0">
    </box>
    <box frame="508" keyframe="0" outside="0" occluded="0" xtl="631.23" ytl="81.95" xbr="1235.25" ybr="475.26" z_order="0">
    </box>
    <box frame="509" keyframe="0" outside="0" occluded="0" xtl="643.16" ytl="78.21" xbr="1250.16" ybr="475.77" z_order="0">
    </box>
    <box frame="510" keyframe="0" outside="0" occluded="0" xtl="655.08" ytl="74.47" xbr="1265.08" ybr="476.29" z_order="0">
    </box>
    <box frame="511" keyframe="1" outside="0" occluded="0" xtl="667.00" ytl="70.73" xbr="1280.00" ybr="476.80" z_order="0">
    </box>
    <box frame="512" keyframe="0" outside="0" occluded="0" xtl="649.99" ytl="68.87" xbr="1280.00" ybr="478.79" z_order="0">
    </box>
    <box frame="513" keyframe="0" outside="0" occluded="0" xtl="632.99" ytl="67.01" xbr="1280.00" ybr="480.77" z_order="0">
    </box>
    <box frame="514" keyframe="0" outside="0" occluded="0" xtl="615.99" ytl="65.15" xbr="1280.00" ybr="482.76" z_order="0">
    </box>
    <box frame="515" keyframe="0" outside="0" occluded="0" xtl="598.99" ytl="63.29" xbr="1280.00" ybr="484.75" z_order="0">
    </box>
    <box frame="516" keyframe="0" outside="0" occluded="0" xtl="581.98" ytl="61.43" xbr="1280.00" ybr="486.73" z_order="0">
    </box>
    <box frame="517" keyframe="0" outside="0" occluded="0" xtl="564.98" ytl="59.56" xbr="1280.00" ybr="488.72" z_order="0">
    </box>
    <box frame="518" keyframe="0" outside="0" occluded="0" xtl="547.98" ytl="57.70" xbr="1280.00" ybr="490.71" z_order="0">
    </box>
    <box frame="519" keyframe="0" outside="0" occluded="0" xtl="530.98" ytl="55.84" xbr="1280.00" ybr="492.69" z_order="0">
    </box>
    <box frame="520" keyframe="0" outside="0" occluded="0" xtl="513.97" ytl="53.98" xbr="1280.00" ybr="494.68" z_order="0">
    </box>
    <box frame="521" keyframe="0" outside="0" occluded="0" xtl="496.97" ytl="52.12" xbr="1280.00" ybr="496.67" z_order="0">
    </box>
    <box frame="522" keyframe="0" outside="0" occluded="0" xtl="479.97" ytl="50.26" xbr="1280.00" ybr="498.66" z_order="0">
    </box>
    <box frame="523" keyframe="0" outside="0" occluded="0" xtl="462.97" ytl="48.40" xbr="1280.00" ybr="500.64" z_order="0">
    </box>
    <box frame="524" keyframe="0" outside="0" occluded="0" xtl="445.96" ytl="46.53" xbr="1280.00" ybr="502.63" z_order="0">
    </box>
    <box frame="525" keyframe="0" outside="0" occluded="0" xtl="428.96" ytl="44.67" xbr="1280.00" ybr="504.62" z_order="0">
    </box>
    <box frame="526" keyframe="0" outside="0" occluded="0" xtl="411.96" ytl="42.81" xbr="1280.00" ybr="506.60" z_order="0">
    </box>
    <box frame="527" keyframe="0" outside="0" occluded="0" xtl="394.96" ytl="40.95" xbr="1280.00" ybr="508.59" z_order="0">
    </box>
    <box frame="528" keyframe="0" outside="0" occluded="0" xtl="377.95" ytl="39.09" xbr="1280.00" ybr="510.58" z_order="0">
    </box>
    <box frame="529" keyframe="0" outside="0" occluded="0" xtl="360.95" ytl="37.23" xbr="1280.00" ybr="512.56" z_order="0">
    </box>
    <box frame="530" keyframe="0" outside="0" occluded="0" xtl="343.95" ytl="35.37" xbr="1280.00" ybr="514.55" z_order="0">
    </box>
    <box frame="531" keyframe="0" outside="0" occluded="0" xtl="326.95" ytl="33.50" xbr="1280.00" ybr="516.54" z_order="0">
    </box>
    <box frame="532" keyframe="0" outside="0" occluded="0" xtl="309.94" ytl="31.64" xbr="1280.00" ybr="518.52" z_order="0">
    </box>
    <box frame="533" keyframe="0" outside="0" occluded="0" xtl="292.94" ytl="29.78" xbr="1280.00" ybr="520.51" z_order="0">
    </box>
    <box frame="534" keyframe="0" outside="0" occluded="0" xtl="275.94" ytl="27.92" xbr="1280.00" ybr="522.50" z_order="0">
    </box>
    <box frame="535" keyframe="0" outside="0" occluded="0" xtl="258.94" ytl="26.06" xbr="1280.00" ybr="524.48" z_order="0">
    </box>
    <box frame="536" keyframe="0" outside="0" occluded="0" xtl="241.93" ytl="24.20" xbr="1280.00" ybr="526.47" z_order="0">
    </box>
    <box frame="537" keyframe="0" outside="0" occluded="0" xtl="224.93" ytl="22.34" xbr="1280.00" ybr="528.46" z_order="0">
    </box>
    <box frame="538" keyframe="0" outside="0" occluded="0" xtl="207.93" ytl="20.48" xbr="1280.00" ybr="530.44" z_order="0">
    </box>
    <box frame="539" keyframe="0" outside="0" occluded="0" xtl="190.93" ytl="18.61" xbr="1280.00" ybr="532.43" z_order="0">
    </box>
    <box frame="540" keyframe="0" outside="0" occluded="0" xtl="173.92" ytl="16.75" xbr="1280.00" ybr="534.42" z_order="0">
    </box>
    <box frame="541" keyframe="0" outside="0" occluded="0" xtl="156.92" ytl="14.89" xbr="1280.00" ybr="536.41" z_order="0">
    </box>
    <box frame="542" keyframe="0" outside="0" occluded="0" xtl="139.92" ytl="13.03" xbr="1280.00" ybr="538.39" z_order="0">
    </box>
    <box frame="543" keyframe="0" outside="0" occluded="0" xtl="122.92" ytl="11.17" xbr="1280.00" ybr="540.38" z_order="0">
    </box>
    <box frame="544" keyframe="0" outside="0" occluded="0" xtl="105.91" ytl="9.31" xbr="1280.00" ybr="542.37" z_order="0">
    </box>
    <box frame="545" keyframe="0" outside="0" occluded="0" xtl="88.91" ytl="7.45" xbr="1280.00" ybr="544.35" z_order="0">
    </box>
    <box frame="546" keyframe="0" outside="0" occluded="0" xtl="71.91" ytl="5.58" xbr="1280.00" ybr="546.34" z_order="0">
    </box>
    <box frame="547" keyframe="0" outside="0" occluded="0" xtl="54.91" ytl="3.72" xbr="1280.00" ybr="548.33" z_order="0">
    </box>
    <box frame="548" keyframe="0" outside="0" occluded="0" xtl="37.90" ytl="1.86" xbr="1280.00" ybr="550.31" z_order="0">
    </box>
    <box frame="549" keyframe="1" outside="0" occluded="0" xtl="20.90" ytl="0.00" xbr="1280.00" ybr="552.30" z_order="0">
    </box>
    <box frame="550" keyframe="0" outside="0" occluded="0" xtl="20.32" ytl="1.44" xbr="1280.00" ybr="552.14" z_order="0">
    </box>
    <box frame="551" keyframe="0" outside="0" occluded="0" xtl="19.73" ytl="2.88" xbr="1280.00" ybr="551.98" z_order="0">
    </box>
    <box frame="552" keyframe="0" outside="0" occluded="0" xtl="19.14" ytl="4.32" xbr="1280.00" ybr="551.82" z_order="0">
    </box>
    <box frame="553" keyframe="0" outside="0" occluded="0" xtl="18.56" ytl="5.77" xbr="1280.00" ybr="551.66" z_order="0">
    </box>
    <box frame="554" keyframe="0" outside="0" occluded="0" xtl="17.97" ytl="7.21" xbr="1280.00" ybr="551.50" z_order="0">
    </box>
    <box frame="555" keyframe="0" outside="0" occluded="0" xtl="17.38" ytl="8.65" xbr="1280.00" ybr="551.34" z_order="0">
    </box>
    <box frame="556" keyframe="0" outside="0" occluded="0" xtl="16.80" ytl="10.09" xbr="1280.00" ybr="551.17" z_order="0">
    </box>
    <box frame="557" keyframe="0" outside="0" occluded="0" xtl="16.21" ytl="11.53" xbr="1280.00" ybr="551.01" z_order="0">
    </box>
    <box frame="558" keyframe="0" outside="0" occluded="0" xtl="15.62" ytl="12.97" xbr="1280.00" ybr="550.85" z_order="0">
    </box>
    <box frame="559" keyframe="0" outside="0" occluded="0" xtl="15.04" ytl="14.41" xbr="1280.00" ybr="550.69" z_order="0">
    </box>
    <box frame="560" keyframe="0" outside="0" occluded="0" xtl="14.45" ytl="15.85" xbr="1280.00" ybr="550.53" z_order="0">
    </box>
    <box frame="561" keyframe="0" outside="0" occluded="0" xtl="13.86" ytl="17.30" xbr="1280.00" ybr="550.37" z_order="0">
    </box>
    <box frame="562" keyframe="0" outside="0" occluded="0" xtl="13.28" ytl="18.74" xbr="1280.00" ybr="550.21" z_order="0">
    </box>
    <box frame="563" keyframe="0" outside="0" occluded="0" xtl="12.69" ytl="20.18" xbr="1280.00" ybr="550.05" z_order="0">
    </box>
    <box frame="564" keyframe="0" outside="0" occluded="0" xtl="12.10" ytl="21.62" xbr="1280.00" ybr="549.89" z_order="0">
    </box>
    <box frame="565" keyframe="0" outside="0" occluded="0" xtl="11.52" ytl="23.06" xbr="1280.00" ybr="549.73" z_order="0">
    </box>
    <box frame="566" keyframe="0" outside="0" occluded="0" xtl="10.93" ytl="24.50" xbr="1280.00" ybr="549.57" z_order="0">
    </box>
    <box frame="567" keyframe="0" outside="0" occluded="0" xtl="10.34" ytl="25.94" xbr="1280.00" ybr="549.41" z_order="0">
    </box>
    <box frame="568" keyframe="0" outside="0" occluded="0" xtl="9.75" ytl="27.38" xbr="1280.00" ybr="549.25" z_order="0">
    </box>
    <box frame="569" keyframe="0" outside="0" occluded="0" xtl="9.17" ytl="28.83" xbr="1280.00" ybr="549.09" z_order="0">
    </box>
    <box frame="570" keyframe="0" outside="0" occluded="0" xtl="8.58" ytl="30.27" xbr="1280.00" ybr="548.92" z_order="0">
    </box>
    <box frame="571" keyframe="0" outside="0" occluded="0" xtl="7.99" ytl="31.71" xbr="1280.00" ybr="548.76" z_order="0">
    </box>
    <box frame="572" keyframe="0" outside="0" occluded="0" xtl="7.41" ytl="33.15" xbr="1280.00" ybr="548.60" z_order="0">
    </box>
    <box frame="573" keyframe="0" outside="0" occluded="0" xtl="6.82" ytl="34.59" xbr="1280.00" ybr="548.44" z_order="0">
    </box>
    <box frame="574" keyframe="0" outside="0" occluded="0" xtl="6.23" ytl="36.03" xbr="1280.00" ybr="548.28" z_order="0">
    </box>
    <box frame="575" keyframe="0" outside="0" occluded="0" xtl="5.65" ytl="37.47" xbr="1280.00" ybr="548.12" z_order="0">
    </box>
    <box frame="576" keyframe="0" outside="0" occluded="0" xtl="5.06" ytl="38.91" xbr="1280.00" ybr="547.96" z_order="0">
    </box>
    <box frame="577" keyframe="1" outside="0" occluded="0" xtl="4.47" ytl="40.36" xbr="1280.00" ybr="547.80" z_order="0">
    </box>
    <box frame="578" keyframe="0" outside="0" occluded="0" xtl="21.45" ytl="44.88" xbr="1280.00" ybr="546.48" z_order="0">
    </box>
    <box frame="579" keyframe="0" outside="0" occluded="0" xtl="38.43" ytl="49.40" xbr="1280.00" ybr="545.17" z_order="0">
    </box>
    <box frame="580" keyframe="0" outside="0" occluded="0" xtl="55.40" ytl="53.92" xbr="1280.00" ybr="543.85" z_order="0">
    </box>
    <box frame="581" keyframe="0" outside="0" occluded="0" xtl="72.38" ytl="58.45" xbr="1280.00" ybr="542.53" z_order="0">
    </box>
    <box frame="582" keyframe="0" outside="0" occluded="0" xtl="89.36" ytl="62.97" xbr="1280.00" ybr="541.22" z_order="0">
    </box>
    <box frame="583" keyframe="0" outside="0" occluded="0" xtl="106.33" ytl="67.49" xbr="1280.00" ybr="539.90" z_order="0">
    </box>
    <box frame="584" keyframe="0" outside="0" occluded="0" xtl="123.31" ytl="72.01" xbr="1280.00" ybr="538.58" z_order="0">
    </box>
    <box frame="585" keyframe="0" outside="0" occluded="0" xtl="140.29" ytl="76.54" xbr="1280.00" ybr="537.27" z_order="0">
    </box>
    <box frame="586" keyframe="0" outside="0" occluded="0" xtl="157.26" ytl="81.06" xbr="1280.00" ybr="535.95" z_order="0">
    </box>
    <box frame="587" keyframe="1" outside="0" occluded="0" xtl="174.24" ytl="85.58" xbr="1280.00" ybr="534.63" z_order="0">
    </box>
    <box frame="588" keyframe="0" outside="0" occluded="0" xtl="179.09" ytl="90.51" xbr="1269.28" ybr="533.73" z_order="0">
    </box>
    <box frame="589" keyframe="0" outside="0" occluded="0" xtl="183.94" ytl="95.44" xbr="1258.56" ybr="532.82" z_order="0">
    </box>
    <box frame="590" keyframe="0" outside="0" occluded="0" xtl="188.80" ytl="100.37" xbr="1247.84" ybr="531.91" z_order="0">
    </box>
    <box frame="591" keyframe="0" outside="0" occluded="0" xtl="193.65" ytl="105.31" xbr="1237.11" ybr="531.00" z_order="0">
    </box>
    <box frame="592" keyframe="0" outside="0" occluded="0" xtl="198.50" ytl="110.24" xbr="1226.39" ybr="530.10" z_order="0">
    </box>
    <box frame="593" keyframe="0" outside="0" occluded="0" xtl="203.35" ytl="115.17" xbr="1215.67" ybr="529.19" z_order="0">
    </box>
    <box frame="594" keyframe="0" outside="0" occluded="0" xtl="208.20" ytl="120.10" xbr="1204.95" ybr="528.28" z_order="0">
    </box>
    <box frame="595" keyframe="0" outside="0" occluded="0" xtl="213.05" ytl="125.03" xbr="1194.23" ybr="527.37" z_order="0">
    </box>
    <box frame="596" keyframe="0" outside="0" occluded="0" xtl="217.91" ytl="129.96" xbr="1183.51" ybr="526.47" z_order="0">
    </box>
    <box frame="597" keyframe="0" outside="0" occluded="0" xtl="222.76" ytl="134.89" xbr="1172.79" ybr="525.56" z_order="0">
    </box>
    <box frame="598" keyframe="0" outside="0" occluded="0" xtl="227.61" ytl="139.83" xbr="1162.06" ybr="524.65" z_order="0">
    </box>
    <box frame="599" keyframe="0" outside="0" occluded="0" xtl="232.46" ytl="144.76" xbr="1151.34" ybr="523.74" z_order="0">
    </box>
    <box frame="600" keyframe="0" outside="0" occluded="0" xtl="237.31" ytl="149.69" xbr="1140.62" ybr="522.84" z_order="0">
    </box>
    <box frame="601" keyframe="1" outside="0" occluded="0" xtl="242.16" ytl="154.62" xbr="1129.90" ybr="521.93" z_order="0">
    </box>
    <box frame="602" keyframe="0" outside="0" occluded="0" xtl="241.92" ytl="157.89" xbr="1112.71" ybr="519.36" z_order="0">
    </box>
    <box frame="603" keyframe="0" outside="0" occluded="0" xtl="241.68" ytl="161.16" xbr="1095.53" ybr="516.79" z_order="0">
    </box>
    <box frame="604" keyframe="0" outside="0" occluded="0" xtl="241.44" ytl="164.43" xbr="1078.34" ybr="514.22" z_order="0">
    </box>
    <box frame="605" keyframe="0" outside="0" occluded="0" xtl="241.19" ytl="167.70" xbr="1061.16" ybr="511.66" z_order="0">
    </box>
    <box frame="606" keyframe="0" outside="0" occluded="0" xtl="240.95" ytl="170.97" xbr="1043.97" ybr="509.09" z_order="0">
    </box>
    <box frame="607" keyframe="0" outside="0" occluded="0" xtl="240.71" ytl="174.25" xbr="1026.79" ybr="506.52" z_order="0">
    </box>
    <box frame="608" keyframe="0" outside="0" occluded="0" xtl="240.46" ytl="177.52" xbr="1009.60" ybr="503.95" z_order="0">
    </box>
    <box frame="609" keyframe="0" outside="0" occluded="0" xtl="240.22" ytl="180.79" xbr="992.41" ybr="501.38" z_order="0">
    </box>
    <box frame="610" keyframe="0" outside="0" occluded="0" xtl="239.98" ytl="184.06" xbr="975.23" ybr="498.82" z_order="0">
    </box>
    <box frame="611" keyframe="0" outside="0" occluded="0" xtl="239.73" ytl="187.33" xbr="958.04" ybr="496.25" z_order="0">
    </box>
    <box frame="612" keyframe="0" outside="0" occluded="0" xtl="239.49" ytl="190.60" xbr="940.86" ybr="493.68" z_order="0">
    </box>
    <box frame="613" keyframe="0" outside="0" occluded="0" xtl="239.25" ytl="193.87" xbr="923.67" ybr="491.11" z_order="0">
    </box>
    <box frame="614" keyframe="0" outside="0" occluded="0" xtl="239.01" ytl="197.14" xbr="906.49" ybr="488.54" z_order="0">
    </box>
    <box frame="615" keyframe="0" outside="0" occluded="0" xtl="238.76" ytl="200.41" xbr="889.30" ybr="485.98" z_order="0">
    </box>
    <box frame="616" keyframe="0" outside="0" occluded="0" xtl="238.52" ytl="203.68" xbr="872.11" ybr="483.41" z_order="0">
    </box>
    <box frame="617" keyframe="0" outside="0" occluded="0" xtl="238.28" ytl="206.96" xbr="854.93" ybr="480.84" z_order="0">
    </box>
    <box frame="618" keyframe="0" outside="0" occluded="0" xtl="238.03" ytl="210.23" xbr="837.74" ybr="478.27" z_order="0">
    </box>
    <box frame="619" keyframe="0" outside="0" occluded="0" xtl="237.79" ytl="213.50" xbr="820.56" ybr="475.70" z_order="0">
    </box>
    <box frame="620" keyframe="0" outside="0" occluded="0" xtl="237.55" ytl="216.77" xbr="803.37" ybr="473.14" z_order="0">
    </box>
    <box frame="621" keyframe="0" outside="0" occluded="0" xtl="237.31" ytl="220.04" xbr="786.19" ybr="470.57" z_order="0">
    </box>
    <box frame="622" keyframe="1" outside="0" occluded="0" xtl="237.06" ytl="223.31" xbr="769.00" ybr="468.00" z_order="0">
    </box>
    <box frame="623" keyframe="0" outside="0" occluded="0" xtl="230.23" ytl="225.58" xbr="756.76" ybr="467.68" z_order="0">
    </box>
    <box frame="624" keyframe="0" outside="0" occluded="0" xtl="223.41" ytl="227.84" xbr="744.51" ybr="467.36" z_order="0">
    </box>
    <box frame="625" keyframe="0" outside="0" occluded="0" xtl="216.58" ytl="230.11" xbr="732.27" ybr="467.03" z_order="0">
    </box>
    <box frame="626" keyframe="0" outside="0" occluded="0" xtl="209.75" ytl="232.38" xbr="720.02" ybr="466.71" z_order="0">
    </box>
    <box frame="627" keyframe="0" outside="0" occluded="0" xtl="202.92" ytl="234.64" xbr="707.78" ybr="466.39" z_order="0">
    </box>
    <box frame="628" keyframe="0" outside="0" occluded="0" xtl="196.09" ytl="236.91" xbr="695.53" ybr="466.07" z_order="0">
    </box>
    <box frame="629" keyframe="0" outside="0" occluded="0" xtl="189.26" ytl="239.17" xbr="683.29" ybr="465.74" z_order="0">
    </box>
    <box frame="630" keyframe="0" outside="0" occluded="0" xtl="182.43" ytl="241.44" xbr="671.04" ybr="465.42" z_order="0">
    </box>
    <box frame="631" keyframe="0" outside="0" occluded="0" xtl="175.61" ytl="243.71" xbr="658.80" ybr="465.10" z_order="0">
    </box>
    <box frame="632" keyframe="0" outside="0" occluded="0" xtl="168.78" ytl="245.97" xbr="646.56" ybr="464.78" z_order="0">
    </box>
    <box frame="633" keyframe="0" outside="0" occluded="0" xtl="161.95" ytl="248.24" xbr="634.31" ybr="464.46" z_order="0">
    </box>
    <box frame="634" keyframe="0" outside="0" occluded="0" xtl="155.12" ytl="250.51" xbr="622.07" ybr="464.13" z_order="0">
    </box>
    <box frame="635" keyframe="0" outside="0" occluded="0" xtl="148.29" ytl="252.77" xbr="609.82" ybr="463.81" z_order="0">
    </box>
    <box frame="636" keyframe="0" outside="0" occluded="0" xtl="141.46" ytl="255.04" xbr="597.58" ybr="463.49" z_order="0">
    </box>
    <box frame="637" keyframe="0" outside="0" occluded="0" xtl="134.63" ytl="257.31" xbr="585.33" ybr="463.17" z_order="0">
    </box>
    <box frame="638" keyframe="0" outside="0" occluded="0" xtl="127.81" ytl="259.57" xbr="573.09" ybr="462.84" z_order="0">
    </box>
    <box frame="639" keyframe="0" outside="0" occluded="0" xtl="120.98" ytl="261.84" xbr="560.84" ybr="462.52" z_order="0">
    </box>
    <box frame="640" keyframe="0" outside="0" occluded="0" xtl="114.15" ytl="264.10" xbr="548.60" ybr="462.20" z_order="0">
    </box>
    <box frame="641" keyframe="0" outside="0" occluded="0" xtl="107.32" ytl="266.37" xbr="536.36" ybr="461.88" z_order="0">
    </box>
    <box frame="642" keyframe="0" outside="0" occluded="0" xtl="100.49" ytl="268.64" xbr="524.11" ybr="461.56" z_order="0">
    </box>
    <box frame="643" keyframe="0" outside="0" occluded="0" xtl="93.66" ytl="270.90" xbr="511.87" ybr="461.23" z_order="0">
    </box>
    <box frame="644" keyframe="0" outside="0" occluded="0" xtl="86.83" ytl="273.17" xbr="499.62" ybr="460.91" z_order="0">
    </box>
    <box frame="645" keyframe="0" outside="0" occluded="0" xtl="80.01" ytl="275.44" xbr="487.38" ybr="460.59" z_order="0">
    </box>
    <box frame="646" keyframe="0" outside="0" occluded="0" xtl="73.18" ytl="277.70" xbr="475.13" ybr="460.27" z_order="0">
    </box>
    <box frame="647" keyframe="0" outside="0" occluded="0" xtl="66.35" ytl="279.97" xbr="462.89" ybr="459.94" z_order="0">
    </box>
    <box frame="648" keyframe="0" outside="0" occluded="0" xtl="59.52" ytl="282.24" xbr="450.64" ybr="459.62" z_order="0">
    </box>
    <box frame="649" keyframe="1" outside="0" occluded="0" xtl="52.69" ytl="284.50" xbr="438.40" ybr="459.30" z_order="0">
    </box>
  </track>
</annotations>
