<?xml version="1.0" encoding="utf-8"?>
<annotations>
  <version>1.1</version>
  <meta>
    <task>
      <id>18</id>
      <name>014</name>
      <size>454</size>
      <mode>interpolation</mode>
      <overlap>5</overlap>
      <bugtracker></bugtracker>
      <created>2023-05-25 10:26:12.517797+00:00</created>
      <updated>2023-05-25 16:42:48.224318+00:00</updated>
      <subset>default</subset>
      <start_frame>0</start_frame>
      <stop_frame>453</stop_frame>
      <frame_filter></frame_filter>
      <segments>
        <segment>
          <id>17</id>
          <start>0</start>
          <stop>453</stop>
          <url>http://localhost:8080/api/jobs/17</url>
        </segment>
      </segments>
      <owner>
        <username>django</username>
        <email></email>
      </owner>
      <assignee></assignee>
      <labels>
        <label>
          <name>objects</name>
          <color>#db5b78</color>
          <type>any</type>
          <attributes>
          </attributes>
        </label>
      </labels>
      <original_size>
        <width>1280</width>
        <height>720</height>
      </original_size>
      <source>test3.mp4</source>
    </task>
    <dumped>2023-05-25 16:46:37.998105+00:00</dumped>
  </meta>
  <track id="0" label="objects" source="manual">
    <box frame="0" keyframe="1" outside="0" occluded="0" xtl="334.57" ytl="461.97" xbr="429.30" ybr="522.40" z_order="0">
    </box>
    <box frame="1" keyframe="0" outside="0" occluded="0" xtl="335.33" ytl="461.90" xbr="430.47" ybr="522.49" z_order="0">
    </box>
    <box frame="2" keyframe="0" outside="0" occluded="0" xtl="336.09" ytl="461.83" xbr="431.64" ybr="522.58" z_order="0">
    </box>
    <box frame="3" keyframe="0" outside="0" occluded="0" xtl="336.84" ytl="461.77" xbr="432.81" ybr="522.66" z_order="0">
    </box>
    <box frame="4" keyframe="0" outside="0" occluded="0" xtl="337.60" ytl="461.70" xbr="433.98" ybr="522.75" z_order="0">
    </box>
    <box frame="5" keyframe="0" outside="0" occluded="0" xtl="338.36" ytl="461.63" xbr="435.15" ybr="522.84" z_order="0">
    </box>
    <box frame="6" keyframe="0" outside="0" occluded="0" xtl="339.12" ytl="461.56" xbr="436.33" ybr="522.93" z_order="0">
    </box>
    <box frame="7" keyframe="0" outside="0" occluded="0" xtl="339.87" ytl="461.49" xbr="437.50" ybr="523.02" z_order="0">
    </box>
    <box frame="8" keyframe="0" outside="0" occluded="0" xtl="340.63" ytl="461.43" xbr="438.67" ybr="523.10" z_order="0">
    </box>
    <box frame="9" keyframe="0" outside="0" occluded="0" xtl="341.39" ytl="461.36" xbr="439.84" ybr="523.19" z_order="0">
    </box>
    <box frame="10" keyframe="0" outside="0" occluded="0" xtl="342.14" ytl="461.29" xbr="441.01" ybr="523.28" z_order="0">
    </box>
    <box frame="11" keyframe="0" outside="0" occluded="0" xtl="342.90" ytl="461.22" xbr="442.18" ybr="523.37" z_order="0">
    </box>
    <box frame="12" keyframe="0" outside="0" occluded="0" xtl="343.66" ytl="461.16" xbr="443.35" ybr="523.46" z_order="0">
    </box>
    <box frame="13" keyframe="0" outside="0" occluded="0" xtl="344.42" ytl="461.09" xbr="444.52" ybr="523.54" z_order="0">
    </box>
    <box frame="14" keyframe="0" outside="0" occluded="0" xtl="345.17" ytl="461.02" xbr="445.69" ybr="523.63" z_order="0">
    </box>
    <box frame="15" keyframe="0" outside="0" occluded="0" xtl="345.93" ytl="460.95" xbr="446.86" ybr="523.72" z_order="0">
    </box>
    <box frame="16" keyframe="0" outside="0" occluded="0" xtl="346.69" ytl="460.88" xbr="448.03" ybr="523.81" z_order="0">
    </box>
    <box frame="17" keyframe="0" outside="0" occluded="0" xtl="347.45" ytl="460.82" xbr="449.21" ybr="523.90" z_order="0">
    </box>
    <box frame="18" keyframe="0" outside="0" occluded="0" xtl="348.20" ytl="460.75" xbr="450.38" ybr="523.98" z_order="0">
    </box>
    <box frame="19" keyframe="0" outside="0" occluded="0" xtl="348.96" ytl="460.68" xbr="451.55" ybr="524.07" z_order="0">
    </box>
    <box frame="20" keyframe="0" outside="0" occluded="0" xtl="349.72" ytl="460.61" xbr="452.72" ybr="524.16" z_order="0">
    </box>
    <box frame="21" keyframe="0" outside="0" occluded="0" xtl="350.48" ytl="460.55" xbr="453.89" ybr="524.25" z_order="0">
    </box>
    <box frame="22" keyframe="0" outside="0" occluded="0" xtl="351.23" ytl="460.48" xbr="455.06" ybr="524.34" z_order="0">
    </box>
    <box frame="23" keyframe="0" outside="0" occluded="0" xtl="351.99" ytl="460.41" xbr="456.23" ybr="524.42" z_order="0">
    </box>
    <box frame="24" keyframe="0" outside="0" occluded="0" xtl="352.75" ytl="460.34" xbr="457.40" ybr="524.51" z_order="0">
    </box>
    <box frame="25" keyframe="0" outside="0" occluded="0" xtl="353.51" ytl="460.27" xbr="458.57" ybr="524.60" z_order="0">
    </box>
    <box frame="26" keyframe="0" outside="0" occluded="0" xtl="354.26" ytl="460.21" xbr="459.74" ybr="524.69" z_order="0">
    </box>
    <box frame="27" keyframe="0" outside="0" occluded="0" xtl="355.02" ytl="460.14" xbr="460.91" ybr="524.78" z_order="0">
    </box>
    <box frame="28" keyframe="0" outside="0" occluded="0" xtl="355.78" ytl="460.07" xbr="462.09" ybr="524.86" z_order="0">
    </box>
    <box frame="29" keyframe="0" outside="0" occluded="0" xtl="356.53" ytl="460.00" xbr="463.26" ybr="524.95" z_order="0">
    </box>
    <box frame="30" keyframe="0" outside="0" occluded="0" xtl="357.29" ytl="459.93" xbr="464.43" ybr="525.04" z_order="0">
    </box>
    <box frame="31" keyframe="0" outside="0" occluded="0" xtl="358.05" ytl="459.87" xbr="465.60" ybr="525.13" z_order="0">
    </box>
    <box frame="32" keyframe="0" outside="0" occluded="0" xtl="358.81" ytl="459.80" xbr="466.77" ybr="525.22" z_order="0">
    </box>
    <box frame="33" keyframe="0" outside="0" occluded="0" xtl="359.56" ytl="459.73" xbr="467.94" ybr="525.30" z_order="0">
    </box>
    <box frame="34" keyframe="0" outside="0" occluded="0" xtl="360.32" ytl="459.66" xbr="469.11" ybr="525.39" z_order="0">
    </box>
    <box frame="35" keyframe="0" outside="0" occluded="0" xtl="361.08" ytl="459.60" xbr="470.28" ybr="525.48" z_order="0">
    </box>
    <box frame="36" keyframe="0" outside="0" occluded="0" xtl="361.84" ytl="459.53" xbr="471.45" ybr="525.57" z_order="0">
    </box>
    <box frame="37" keyframe="0" outside="0" occluded="0" xtl="362.59" ytl="459.46" xbr="472.62" ybr="525.66" z_order="0">
    </box>
    <box frame="38" keyframe="0" outside="0" occluded="0" xtl="363.35" ytl="459.39" xbr="473.79" ybr="525.74" z_order="0">
    </box>
    <box frame="39" keyframe="0" outside="0" occluded="0" xtl="364.11" ytl="459.32" xbr="474.97" ybr="525.83" z_order="0">
    </box>
    <box frame="40" keyframe="0" outside="0" occluded="0" xtl="364.87" ytl="459.26" xbr="476.14" ybr="525.92" z_order="0">
    </box>
    <box frame="41" keyframe="0" outside="0" occluded="0" xtl="365.62" ytl="459.19" xbr="477.31" ybr="526.01" z_order="0">
    </box>
    <box frame="42" keyframe="0" outside="0" occluded="0" xtl="366.38" ytl="459.12" xbr="478.48" ybr="526.09" z_order="0">
    </box>
    <box frame="43" keyframe="0" outside="0" occluded="0" xtl="367.14" ytl="459.05" xbr="479.65" ybr="526.18" z_order="0">
    </box>
    <box frame="44" keyframe="0" outside="0" occluded="0" xtl="367.90" ytl="458.98" xbr="480.82" ybr="526.27" z_order="0">
    </box>
    <box frame="45" keyframe="0" outside="0" occluded="0" xtl="368.65" ytl="458.92" xbr="481.99" ybr="526.36" z_order="0">
    </box>
    <box frame="46" keyframe="0" outside="0" occluded="0" xtl="369.41" ytl="458.85" xbr="483.16" ybr="526.45" z_order="0">
    </box>
    <box frame="47" keyframe="0" outside="0" occluded="0" xtl="370.17" ytl="458.78" xbr="484.33" ybr="526.53" z_order="0">
    </box>
    <box frame="48" keyframe="0" outside="0" occluded="0" xtl="370.92" ytl="458.71" xbr="485.50" ybr="526.62" z_order="0">
    </box>
    <box frame="49" keyframe="0" outside="0" occluded="0" xtl="371.68" ytl="458.65" xbr="486.67" ybr="526.71" z_order="0">
    </box>
    <box frame="50" keyframe="0" outside="0" occluded="0" xtl="372.44" ytl="458.58" xbr="487.85" ybr="526.80" z_order="0">
    </box>
    <box frame="51" keyframe="0" outside="0" occluded="0" xtl="373.20" ytl="458.51" xbr="489.02" ybr="526.89" z_order="0">
    </box>
    <box frame="52" keyframe="0" outside="0" occluded="0" xtl="373.95" ytl="458.44" xbr="490.19" ybr="526.97" z_order="0">
    </box>
    <box frame="53" keyframe="0" outside="0" occluded="0" xtl="374.71" ytl="458.37" xbr="491.36" ybr="527.06" z_order="0">
    </box>
    <box frame="54" keyframe="0" outside="0" occluded="0" xtl="375.47" ytl="458.31" xbr="492.53" ybr="527.15" z_order="0">
    </box>
    <box frame="55" keyframe="0" outside="0" occluded="0" xtl="376.23" ytl="458.24" xbr="493.70" ybr="527.24" z_order="0">
    </box>
    <box frame="56" keyframe="0" outside="0" occluded="0" xtl="376.98" ytl="458.17" xbr="494.87" ybr="527.33" z_order="0">
    </box>
    <box frame="57" keyframe="0" outside="0" occluded="0" xtl="377.74" ytl="458.10" xbr="496.04" ybr="527.41" z_order="0">
    </box>
    <box frame="58" keyframe="0" outside="0" occluded="0" xtl="378.50" ytl="458.03" xbr="497.21" ybr="527.50" z_order="0">
    </box>
    <box frame="59" keyframe="0" outside="0" occluded="0" xtl="379.26" ytl="457.97" xbr="498.38" ybr="527.59" z_order="0">
    </box>
    <box frame="60" keyframe="0" outside="0" occluded="0" xtl="380.01" ytl="457.90" xbr="499.55" ybr="527.68" z_order="0">
    </box>
    <box frame="61" keyframe="0" outside="0" occluded="0" xtl="380.77" ytl="457.83" xbr="500.73" ybr="527.77" z_order="0">
    </box>
    <box frame="62" keyframe="0" outside="0" occluded="0" xtl="381.53" ytl="457.76" xbr="501.90" ybr="527.85" z_order="0">
    </box>
    <box frame="63" keyframe="0" outside="0" occluded="0" xtl="382.29" ytl="457.70" xbr="503.07" ybr="527.94" z_order="0">
    </box>
    <box frame="64" keyframe="0" outside="0" occluded="0" xtl="383.04" ytl="457.63" xbr="504.24" ybr="528.03" z_order="0">
    </box>
    <box frame="65" keyframe="0" outside="0" occluded="0" xtl="383.80" ytl="457.56" xbr="505.41" ybr="528.12" z_order="0">
    </box>
    <box frame="66" keyframe="0" outside="0" occluded="0" xtl="384.56" ytl="457.49" xbr="506.58" ybr="528.21" z_order="0">
    </box>
    <box frame="67" keyframe="0" outside="0" occluded="0" xtl="385.31" ytl="457.42" xbr="507.75" ybr="528.29" z_order="0">
    </box>
    <box frame="68" keyframe="0" outside="0" occluded="0" xtl="386.07" ytl="457.36" xbr="508.92" ybr="528.38" z_order="0">
    </box>
    <box frame="69" keyframe="0" outside="0" occluded="0" xtl="386.83" ytl="457.29" xbr="510.09" ybr="528.47" z_order="0">
    </box>
    <box frame="70" keyframe="0" outside="0" occluded="0" xtl="387.59" ytl="457.22" xbr="511.26" ybr="528.56" z_order="0">
    </box>
    <box frame="71" keyframe="0" outside="0" occluded="0" xtl="388.34" ytl="457.15" xbr="512.44" ybr="528.65" z_order="0">
    </box>
    <box frame="72" keyframe="0" outside="0" occluded="0" xtl="389.10" ytl="457.09" xbr="513.61" ybr="528.73" z_order="0">
    </box>
    <box frame="73" keyframe="0" outside="0" occluded="0" xtl="389.86" ytl="457.02" xbr="514.78" ybr="528.82" z_order="0">
    </box>
    <box frame="74" keyframe="0" outside="0" occluded="0" xtl="390.62" ytl="456.95" xbr="515.95" ybr="528.91" z_order="0">
    </box>
    <box frame="75" keyframe="0" outside="0" occluded="0" xtl="391.37" ytl="456.88" xbr="517.12" ybr="529.00" z_order="0">
    </box>
    <box frame="76" keyframe="0" outside="0" occluded="0" xtl="392.13" ytl="456.81" xbr="518.29" ybr="529.09" z_order="0">
    </box>
    <box frame="77" keyframe="0" outside="0" occluded="0" xtl="392.89" ytl="456.75" xbr="519.46" ybr="529.17" z_order="0">
    </box>
    <box frame="78" keyframe="0" outside="0" occluded="0" xtl="393.65" ytl="456.68" xbr="520.63" ybr="529.26" z_order="0">
    </box>
    <box frame="79" keyframe="0" outside="0" occluded="0" xtl="394.40" ytl="456.61" xbr="521.80" ybr="529.35" z_order="0">
    </box>
    <box frame="80" keyframe="0" outside="0" occluded="0" xtl="395.16" ytl="456.54" xbr="522.97" ybr="529.44" z_order="0">
    </box>
    <box frame="81" keyframe="0" outside="0" occluded="0" xtl="395.92" ytl="456.47" xbr="524.14" ybr="529.53" z_order="0">
    </box>
    <box frame="82" keyframe="0" outside="0" occluded="0" xtl="396.68" ytl="456.41" xbr="525.32" ybr="529.61" z_order="0">
    </box>
    <box frame="83" keyframe="0" outside="0" occluded="0" xtl="397.43" ytl="456.34" xbr="526.49" ybr="529.70" z_order="0">
    </box>
    <box frame="84" keyframe="0" outside="0" occluded="0" xtl="398.19" ytl="456.27" xbr="527.66" ybr="529.79" z_order="0">
    </box>
    <box frame="85" keyframe="0" outside="0" occluded="0" xtl="398.95" ytl="456.20" xbr="528.83" ybr="529.88" z_order="0">
    </box>
    <box frame="86" keyframe="0" outside="0" occluded="0" xtl="399.70" ytl="456.14" xbr="530.00" ybr="529.97" z_order="0">
    </box>
    <box frame="87" keyframe="0" outside="0" occluded="0" xtl="400.46" ytl="456.07" xbr="531.17" ybr="530.05" z_order="0">
    </box>
    <box frame="88" keyframe="0" outside="0" occluded="0" xtl="401.22" ytl="456.00" xbr="532.34" ybr="530.14" z_order="0">
    </box>
    <box frame="89" keyframe="0" outside="0" occluded="0" xtl="401.98" ytl="455.93" xbr="533.51" ybr="530.23" z_order="0">
    </box>
    <box frame="90" keyframe="0" outside="0" occluded="0" xtl="402.73" ytl="455.86" xbr="534.68" ybr="530.32" z_order="0">
    </box>
    <box frame="91" keyframe="0" outside="0" occluded="0" xtl="403.49" ytl="455.80" xbr="535.85" ybr="530.41" z_order="0">
    </box>
    <box frame="92" keyframe="0" outside="0" occluded="0" xtl="404.25" ytl="455.73" xbr="537.02" ybr="530.49" z_order="0">
    </box>
    <box frame="93" keyframe="0" outside="0" occluded="0" xtl="405.01" ytl="455.66" xbr="538.20" ybr="530.58" z_order="0">
    </box>
    <box frame="94" keyframe="0" outside="0" occluded="0" xtl="405.76" ytl="455.59" xbr="539.37" ybr="530.67" z_order="0">
    </box>
    <box frame="95" keyframe="0" outside="0" occluded="0" xtl="406.52" ytl="455.52" xbr="540.54" ybr="530.76" z_order="0">
    </box>
    <box frame="96" keyframe="0" outside="0" occluded="0" xtl="407.28" ytl="455.46" xbr="541.71" ybr="530.85" z_order="0">
    </box>
    <box frame="97" keyframe="0" outside="0" occluded="0" xtl="408.04" ytl="455.39" xbr="542.88" ybr="530.93" z_order="0">
    </box>
    <box frame="98" keyframe="1" outside="0" occluded="0" xtl="408.79" ytl="455.32" xbr="544.05" ybr="531.02" z_order="0">
    </box>
    <box frame="99" keyframe="0" outside="0" occluded="0" xtl="410.08" ytl="455.25" xbr="545.75" ybr="531.11" z_order="0">
    </box>
    <box frame="100" keyframe="0" outside="0" occluded="0" xtl="411.36" ytl="455.19" xbr="547.44" ybr="531.20" z_order="0">
    </box>
    <box frame="101" keyframe="0" outside="0" occluded="0" xtl="412.64" ytl="455.12" xbr="549.14" ybr="531.29" z_order="0">
    </box>
    <box frame="102" keyframe="0" outside="0" occluded="0" xtl="413.92" ytl="455.05" xbr="550.83" ybr="531.37" z_order="0">
    </box>
    <box frame="103" keyframe="0" outside="0" occluded="0" xtl="415.20" ytl="454.98" xbr="552.53" ybr="531.46" z_order="0">
    </box>
    <box frame="104" keyframe="0" outside="0" occluded="0" xtl="416.49" ytl="454.91" xbr="554.22" ybr="531.55" z_order="0">
    </box>
    <box frame="105" keyframe="0" outside="0" occluded="0" xtl="417.77" ytl="454.85" xbr="555.92" ybr="531.64" z_order="0">
    </box>
    <box frame="106" keyframe="0" outside="0" occluded="0" xtl="419.05" ytl="454.78" xbr="557.62" ybr="531.73" z_order="0">
    </box>
    <box frame="107" keyframe="0" outside="0" occluded="0" xtl="420.33" ytl="454.71" xbr="559.31" ybr="531.81" z_order="0">
    </box>
    <box frame="108" keyframe="0" outside="0" occluded="0" xtl="421.61" ytl="454.64" xbr="561.01" ybr="531.90" z_order="0">
    </box>
    <box frame="109" keyframe="0" outside="0" occluded="0" xtl="422.90" ytl="454.57" xbr="562.70" ybr="531.99" z_order="0">
    </box>
    <box frame="110" keyframe="0" outside="0" occluded="0" xtl="424.18" ytl="454.51" xbr="564.40" ybr="532.08" z_order="0">
    </box>
    <box frame="111" keyframe="0" outside="0" occluded="0" xtl="425.46" ytl="454.44" xbr="566.09" ybr="532.16" z_order="0">
    </box>
    <box frame="112" keyframe="0" outside="0" occluded="0" xtl="426.74" ytl="454.37" xbr="567.79" ybr="532.25" z_order="0">
    </box>
    <box frame="113" keyframe="0" outside="0" occluded="0" xtl="428.03" ytl="454.30" xbr="569.49" ybr="532.34" z_order="0">
    </box>
    <box frame="114" keyframe="0" outside="0" occluded="0" xtl="429.31" ytl="454.24" xbr="571.18" ybr="532.43" z_order="0">
    </box>
    <box frame="115" keyframe="0" outside="0" occluded="0" xtl="430.59" ytl="454.17" xbr="572.88" ybr="532.52" z_order="0">
    </box>
    <box frame="116" keyframe="0" outside="0" occluded="0" xtl="431.87" ytl="454.10" xbr="574.57" ybr="532.60" z_order="0">
    </box>
    <box frame="117" keyframe="0" outside="0" occluded="0" xtl="433.15" ytl="454.03" xbr="576.27" ybr="532.69" z_order="0">
    </box>
    <box frame="118" keyframe="0" outside="0" occluded="0" xtl="434.44" ytl="453.96" xbr="577.96" ybr="532.78" z_order="0">
    </box>
    <box frame="119" keyframe="0" outside="0" occluded="0" xtl="435.72" ytl="453.90" xbr="579.66" ybr="532.87" z_order="0">
    </box>
    <box frame="120" keyframe="0" outside="0" occluded="0" xtl="437.00" ytl="453.83" xbr="581.36" ybr="532.96" z_order="0">
    </box>
    <box frame="121" keyframe="0" outside="0" occluded="0" xtl="438.28" ytl="453.76" xbr="583.05" ybr="533.04" z_order="0">
    </box>
    <box frame="122" keyframe="0" outside="0" occluded="0" xtl="439.57" ytl="453.69" xbr="584.75" ybr="533.13" z_order="0">
    </box>
    <box frame="123" keyframe="0" outside="0" occluded="0" xtl="440.85" ytl="453.62" xbr="586.44" ybr="533.22" z_order="0">
    </box>
    <box frame="124" keyframe="0" outside="0" occluded="0" xtl="442.13" ytl="453.56" xbr="588.14" ybr="533.31" z_order="0">
    </box>
    <box frame="125" keyframe="0" outside="0" occluded="0" xtl="443.41" ytl="453.49" xbr="589.83" ybr="533.40" z_order="0">
    </box>
    <box frame="126" keyframe="0" outside="0" occluded="0" xtl="444.69" ytl="453.42" xbr="591.53" ybr="533.48" z_order="0">
    </box>
    <box frame="127" keyframe="0" outside="0" occluded="0" xtl="445.98" ytl="453.35" xbr="593.23" ybr="533.57" z_order="0">
    </box>
    <box frame="128" keyframe="0" outside="0" occluded="0" xtl="447.26" ytl="453.29" xbr="594.92" ybr="533.66" z_order="0">
    </box>
    <box frame="129" keyframe="0" outside="0" occluded="0" xtl="448.54" ytl="453.22" xbr="596.62" ybr="533.75" z_order="0">
    </box>
    <box frame="130" keyframe="0" outside="0" occluded="0" xtl="449.82" ytl="453.15" xbr="598.31" ybr="533.84" z_order="0">
    </box>
    <box frame="131" keyframe="0" outside="0" occluded="0" xtl="451.10" ytl="453.08" xbr="600.01" ybr="533.92" z_order="0">
    </box>
    <box frame="132" keyframe="0" outside="0" occluded="0" xtl="452.39" ytl="453.01" xbr="601.70" ybr="534.01" z_order="0">
    </box>
    <box frame="133" keyframe="1" outside="0" occluded="0" xtl="453.67" ytl="452.95" xbr="603.40" ybr="534.10" z_order="0">
    </box>
    <box frame="134" keyframe="0" outside="0" occluded="0" xtl="454.69" ytl="452.80" xbr="604.91" ybr="534.20" z_order="0">
    </box>
    <box frame="135" keyframe="0" outside="0" occluded="0" xtl="455.72" ytl="452.65" xbr="606.41" ybr="534.31" z_order="0">
    </box>
    <box frame="136" keyframe="0" outside="0" occluded="0" xtl="456.74" ytl="452.51" xbr="607.92" ybr="534.41" z_order="0">
    </box>
    <box frame="137" keyframe="0" outside="0" occluded="0" xtl="457.76" ytl="452.36" xbr="609.43" ybr="534.52" z_order="0">
    </box>
    <box frame="138" keyframe="0" outside="0" occluded="0" xtl="458.79" ytl="452.21" xbr="610.93" ybr="534.62" z_order="0">
    </box>
    <box frame="139" keyframe="0" outside="0" occluded="0" xtl="459.81" ytl="452.07" xbr="612.44" ybr="534.73" z_order="0">
    </box>
    <box frame="140" keyframe="0" outside="0" occluded="0" xtl="460.84" ytl="451.92" xbr="613.95" ybr="534.83" z_order="0">
    </box>
    <box frame="141" keyframe="0" outside="0" occluded="0" xtl="461.86" ytl="451.77" xbr="615.45" ybr="534.94" z_order="0">
    </box>
    <box frame="142" keyframe="0" outside="0" occluded="0" xtl="462.88" ytl="451.62" xbr="616.96" ybr="535.04" z_order="0">
    </box>
    <box frame="143" keyframe="0" outside="0" occluded="0" xtl="463.91" ytl="451.48" xbr="618.47" ybr="535.15" z_order="0">
    </box>
    <box frame="144" keyframe="0" outside="0" occluded="0" xtl="464.93" ytl="451.33" xbr="619.97" ybr="535.25" z_order="0">
    </box>
    <box frame="145" keyframe="0" outside="0" occluded="0" xtl="465.96" ytl="451.18" xbr="621.48" ybr="535.36" z_order="0">
    </box>
    <box frame="146" keyframe="0" outside="0" occluded="0" xtl="466.98" ytl="451.04" xbr="622.98" ybr="535.46" z_order="0">
    </box>
    <box frame="147" keyframe="0" outside="0" occluded="0" xtl="468.00" ytl="450.89" xbr="624.49" ybr="535.57" z_order="0">
    </box>
    <box frame="148" keyframe="0" outside="0" occluded="0" xtl="469.03" ytl="450.74" xbr="626.00" ybr="535.67" z_order="0">
    </box>
    <box frame="149" keyframe="0" outside="0" occluded="0" xtl="470.05" ytl="450.60" xbr="627.50" ybr="535.77" z_order="0">
    </box>
    <box frame="150" keyframe="0" outside="0" occluded="0" xtl="471.08" ytl="450.45" xbr="629.01" ybr="535.88" z_order="0">
    </box>
    <box frame="151" keyframe="0" outside="0" occluded="0" xtl="472.10" ytl="450.30" xbr="630.52" ybr="535.98" z_order="0">
    </box>
    <box frame="152" keyframe="0" outside="0" occluded="0" xtl="473.12" ytl="450.16" xbr="632.02" ybr="536.09" z_order="0">
    </box>
    <box frame="153" keyframe="0" outside="0" occluded="0" xtl="474.15" ytl="450.01" xbr="633.53" ybr="536.19" z_order="0">
    </box>
    <box frame="154" keyframe="0" outside="0" occluded="0" xtl="475.17" ytl="449.86" xbr="635.04" ybr="536.30" z_order="0">
    </box>
    <box frame="155" keyframe="0" outside="0" occluded="0" xtl="476.20" ytl="449.72" xbr="636.54" ybr="536.40" z_order="0">
    </box>
    <box frame="156" keyframe="0" outside="0" occluded="0" xtl="477.22" ytl="449.57" xbr="638.05" ybr="536.51" z_order="0">
    </box>
    <box frame="157" keyframe="0" outside="0" occluded="0" xtl="478.24" ytl="449.42" xbr="639.56" ybr="536.61" z_order="0">
    </box>
    <box frame="158" keyframe="0" outside="0" occluded="0" xtl="479.27" ytl="449.27" xbr="641.06" ybr="536.72" z_order="0">
    </box>
    <box frame="159" keyframe="0" outside="0" occluded="0" xtl="480.29" ytl="449.13" xbr="642.57" ybr="536.82" z_order="0">
    </box>
    <box frame="160" keyframe="0" outside="0" occluded="0" xtl="481.32" ytl="448.98" xbr="644.08" ybr="536.93" z_order="0">
    </box>
    <box frame="161" keyframe="0" outside="0" occluded="0" xtl="482.34" ytl="448.83" xbr="645.58" ybr="537.03" z_order="0">
    </box>
    <box frame="162" keyframe="0" outside="0" occluded="0" xtl="483.36" ytl="448.69" xbr="647.09" ybr="537.14" z_order="0">
    </box>
    <box frame="163" keyframe="0" outside="0" occluded="0" xtl="484.39" ytl="448.54" xbr="648.60" ybr="537.24" z_order="0">
    </box>
    <box frame="164" keyframe="0" outside="0" occluded="0" xtl="485.41" ytl="448.39" xbr="650.10" ybr="537.34" z_order="0">
    </box>
    <box frame="165" keyframe="0" outside="0" occluded="0" xtl="486.44" ytl="448.25" xbr="651.61" ybr="537.45" z_order="0">
    </box>
    <box frame="166" keyframe="0" outside="0" occluded="0" xtl="487.46" ytl="448.10" xbr="653.12" ybr="537.55" z_order="0">
    </box>
    <box frame="167" keyframe="0" outside="0" occluded="0" xtl="488.48" ytl="447.95" xbr="654.62" ybr="537.66" z_order="0">
    </box>
    <box frame="168" keyframe="1" outside="0" occluded="0" xtl="489.51" ytl="447.81" xbr="656.13" ybr="537.76" z_order="0">
    </box>
    <box frame="169" keyframe="0" outside="0" occluded="0" xtl="491.14" ytl="447.66" xbr="658.24" ybr="537.87" z_order="0">
    </box>
    <box frame="170" keyframe="0" outside="0" occluded="0" xtl="492.77" ytl="447.51" xbr="660.36" ybr="537.97" z_order="0">
    </box>
    <box frame="171" keyframe="0" outside="0" occluded="0" xtl="494.40" ytl="447.37" xbr="662.47" ybr="538.08" z_order="0">
    </box>
    <box frame="172" keyframe="0" outside="0" occluded="0" xtl="496.04" ytl="447.22" xbr="664.59" ybr="538.18" z_order="0">
    </box>
    <box frame="173" keyframe="0" outside="0" occluded="0" xtl="497.67" ytl="447.07" xbr="666.70" ybr="538.29" z_order="0">
    </box>
    <box frame="174" keyframe="0" outside="0" occluded="0" xtl="499.30" ytl="446.92" xbr="668.82" ybr="538.39" z_order="0">
    </box>
    <box frame="175" keyframe="0" outside="0" occluded="0" xtl="500.93" ytl="446.78" xbr="670.93" ybr="538.50" z_order="0">
    </box>
    <box frame="176" keyframe="0" outside="0" occluded="0" xtl="502.57" ytl="446.63" xbr="673.05" ybr="538.60" z_order="0">
    </box>
    <box frame="177" keyframe="0" outside="0" occluded="0" xtl="504.20" ytl="446.48" xbr="675.16" ybr="538.70" z_order="0">
    </box>
    <box frame="178" keyframe="0" outside="0" occluded="0" xtl="505.83" ytl="446.34" xbr="677.28" ybr="538.81" z_order="0">
    </box>
    <box frame="179" keyframe="0" outside="0" occluded="0" xtl="507.46" ytl="446.19" xbr="679.39" ybr="538.91" z_order="0">
    </box>
    <box frame="180" keyframe="0" outside="0" occluded="0" xtl="509.10" ytl="446.04" xbr="681.51" ybr="539.02" z_order="0">
    </box>
    <box frame="181" keyframe="0" outside="0" occluded="0" xtl="510.73" ytl="445.90" xbr="683.63" ybr="539.12" z_order="0">
    </box>
    <box frame="182" keyframe="0" outside="0" occluded="0" xtl="512.36" ytl="445.75" xbr="685.74" ybr="539.23" z_order="0">
    </box>
    <box frame="183" keyframe="0" outside="0" occluded="0" xtl="514.00" ytl="445.60" xbr="687.86" ybr="539.33" z_order="0">
    </box>
    <box frame="184" keyframe="0" outside="0" occluded="0" xtl="515.63" ytl="445.46" xbr="689.97" ybr="539.44" z_order="0">
    </box>
    <box frame="185" keyframe="0" outside="0" occluded="0" xtl="517.26" ytl="445.31" xbr="692.09" ybr="539.54" z_order="0">
    </box>
    <box frame="186" keyframe="0" outside="0" occluded="0" xtl="518.89" ytl="445.16" xbr="694.20" ybr="539.65" z_order="0">
    </box>
    <box frame="187" keyframe="0" outside="0" occluded="0" xtl="520.53" ytl="445.01" xbr="696.32" ybr="539.75" z_order="0">
    </box>
    <box frame="188" keyframe="0" outside="0" occluded="0" xtl="522.16" ytl="444.87" xbr="698.43" ybr="539.86" z_order="0">
    </box>
    <box frame="189" keyframe="0" outside="0" occluded="0" xtl="523.79" ytl="444.72" xbr="700.55" ybr="539.96" z_order="0">
    </box>
    <box frame="190" keyframe="0" outside="0" occluded="0" xtl="525.42" ytl="444.57" xbr="702.66" ybr="540.07" z_order="0">
    </box>
    <box frame="191" keyframe="0" outside="0" occluded="0" xtl="527.06" ytl="444.43" xbr="704.78" ybr="540.17" z_order="0">
    </box>
    <box frame="192" keyframe="0" outside="0" occluded="0" xtl="528.69" ytl="444.28" xbr="706.89" ybr="540.27" z_order="0">
    </box>
    <box frame="193" keyframe="0" outside="0" occluded="0" xtl="530.32" ytl="444.13" xbr="709.01" ybr="540.38" z_order="0">
    </box>
    <box frame="194" keyframe="0" outside="0" occluded="0" xtl="531.95" ytl="443.99" xbr="711.12" ybr="540.48" z_order="0">
    </box>
    <box frame="195" keyframe="0" outside="0" occluded="0" xtl="533.59" ytl="443.84" xbr="713.24" ybr="540.59" z_order="0">
    </box>
    <box frame="196" keyframe="0" outside="0" occluded="0" xtl="535.22" ytl="443.69" xbr="715.35" ybr="540.69" z_order="0">
    </box>
    <box frame="197" keyframe="0" outside="0" occluded="0" xtl="536.85" ytl="443.55" xbr="717.47" ybr="540.80" z_order="0">
    </box>
    <box frame="198" keyframe="0" outside="0" occluded="0" xtl="538.48" ytl="443.40" xbr="719.58" ybr="540.90" z_order="0">
    </box>
    <box frame="199" keyframe="0" outside="0" occluded="0" xtl="540.12" ytl="443.25" xbr="721.70" ybr="541.01" z_order="0">
    </box>
    <box frame="200" keyframe="0" outside="0" occluded="0" xtl="541.75" ytl="443.11" xbr="723.81" ybr="541.11" z_order="0">
    </box>
    <box frame="201" keyframe="0" outside="0" occluded="0" xtl="543.38" ytl="442.96" xbr="725.93" ybr="541.22" z_order="0">
    </box>
    <box frame="202" keyframe="0" outside="0" occluded="0" xtl="545.01" ytl="442.81" xbr="728.04" ybr="541.32" z_order="0">
    </box>
    <box frame="203" keyframe="0" outside="0" occluded="0" xtl="546.65" ytl="442.66" xbr="730.16" ybr="541.43" z_order="0">
    </box>
    <box frame="204" keyframe="0" outside="0" occluded="0" xtl="548.28" ytl="442.52" xbr="732.27" ybr="541.53" z_order="0">
    </box>
    <box frame="205" keyframe="0" outside="0" occluded="0" xtl="549.91" ytl="442.37" xbr="734.39" ybr="541.63" z_order="0">
    </box>
    <box frame="206" keyframe="0" outside="0" occluded="0" xtl="551.54" ytl="442.22" xbr="736.50" ybr="541.74" z_order="0">
    </box>
    <box frame="207" keyframe="0" outside="0" occluded="0" xtl="553.18" ytl="442.08" xbr="738.62" ybr="541.84" z_order="0">
    </box>
    <box frame="208" keyframe="0" outside="0" occluded="0" xtl="554.81" ytl="441.93" xbr="740.73" ybr="541.95" z_order="0">
    </box>
    <box frame="209" keyframe="0" outside="0" occluded="0" xtl="556.44" ytl="441.78" xbr="742.85" ybr="542.05" z_order="0">
    </box>
    <box frame="210" keyframe="0" outside="0" occluded="0" xtl="558.07" ytl="441.64" xbr="744.96" ybr="542.16" z_order="0">
    </box>
    <box frame="211" keyframe="0" outside="0" occluded="0" xtl="559.71" ytl="441.49" xbr="747.08" ybr="542.26" z_order="0">
    </box>
    <box frame="212" keyframe="0" outside="0" occluded="0" xtl="561.34" ytl="441.34" xbr="749.19" ybr="542.37" z_order="0">
    </box>
    <box frame="213" keyframe="0" outside="0" occluded="0" xtl="562.97" ytl="441.20" xbr="751.31" ybr="542.47" z_order="0">
    </box>
    <box frame="214" keyframe="0" outside="0" occluded="0" xtl="564.60" ytl="441.05" xbr="753.42" ybr="542.58" z_order="0">
    </box>
    <box frame="215" keyframe="0" outside="0" occluded="0" xtl="566.24" ytl="440.90" xbr="755.54" ybr="542.68" z_order="0">
    </box>
    <box frame="216" keyframe="0" outside="0" occluded="0" xtl="567.87" ytl="440.76" xbr="757.65" ybr="542.79" z_order="0">
    </box>
    <box frame="217" keyframe="0" outside="0" occluded="0" xtl="569.50" ytl="440.61" xbr="759.77" ybr="542.89" z_order="0">
    </box>
    <box frame="218" keyframe="0" outside="0" occluded="0" xtl="571.13" ytl="440.46" xbr="761.88" ybr="543.00" z_order="0">
    </box>
    <box frame="219" keyframe="1" outside="0" occluded="0" xtl="572.77" ytl="440.31" xbr="764.00" ybr="543.10" z_order="0">
    </box>
    <box frame="220" keyframe="0" outside="0" occluded="0" xtl="573.94" ytl="439.92" xbr="766.79" ybr="543.49" z_order="0">
    </box>
    <box frame="221" keyframe="0" outside="0" occluded="0" xtl="575.12" ytl="439.53" xbr="769.57" ybr="543.88" z_order="0">
    </box>
    <box frame="222" keyframe="0" outside="0" occluded="0" xtl="576.30" ytl="439.14" xbr="772.36" ybr="544.27" z_order="0">
    </box>
    <box frame="223" keyframe="0" outside="0" occluded="0" xtl="577.47" ytl="438.75" xbr="775.15" ybr="544.67" z_order="0">
    </box>
    <box frame="224" keyframe="0" outside="0" occluded="0" xtl="578.65" ytl="438.35" xbr="777.93" ybr="545.06" z_order="0">
    </box>
    <box frame="225" keyframe="0" outside="0" occluded="0" xtl="579.83" ytl="437.96" xbr="780.72" ybr="545.45" z_order="0">
    </box>
    <box frame="226" keyframe="0" outside="0" occluded="0" xtl="581.00" ytl="437.57" xbr="783.51" ybr="545.84" z_order="0">
    </box>
    <box frame="227" keyframe="0" outside="0" occluded="0" xtl="582.18" ytl="437.18" xbr="786.30" ybr="546.23" z_order="0">
    </box>
    <box frame="228" keyframe="0" outside="0" occluded="0" xtl="583.36" ytl="436.78" xbr="789.08" ybr="546.62" z_order="0">
    </box>
    <box frame="229" keyframe="0" outside="0" occluded="0" xtl="584.54" ytl="436.39" xbr="791.87" ybr="547.01" z_order="0">
    </box>
    <box frame="230" keyframe="0" outside="0" occluded="0" xtl="585.71" ytl="436.00" xbr="794.66" ybr="547.40" z_order="0">
    </box>
    <box frame="231" keyframe="0" outside="0" occluded="0" xtl="586.89" ytl="435.61" xbr="797.44" ybr="547.80" z_order="0">
    </box>
    <box frame="232" keyframe="0" outside="0" occluded="0" xtl="588.07" ytl="435.21" xbr="800.23" ybr="548.19" z_order="0">
    </box>
    <box frame="233" keyframe="0" outside="0" occluded="0" xtl="589.24" ytl="434.82" xbr="803.02" ybr="548.58" z_order="0">
    </box>
    <box frame="234" keyframe="0" outside="0" occluded="0" xtl="590.42" ytl="434.43" xbr="805.80" ybr="548.97" z_order="0">
    </box>
    <box frame="235" keyframe="0" outside="0" occluded="0" xtl="591.60" ytl="434.04" xbr="808.59" ybr="549.36" z_order="0">
    </box>
    <box frame="236" keyframe="0" outside="0" occluded="0" xtl="592.77" ytl="433.65" xbr="811.38" ybr="549.75" z_order="0">
    </box>
    <box frame="237" keyframe="0" outside="0" occluded="0" xtl="593.95" ytl="433.25" xbr="814.17" ybr="550.14" z_order="0">
    </box>
    <box frame="238" keyframe="0" outside="0" occluded="0" xtl="595.13" ytl="432.86" xbr="816.95" ybr="550.53" z_order="0">
    </box>
    <box frame="239" keyframe="0" outside="0" occluded="0" xtl="596.30" ytl="432.47" xbr="819.74" ybr="550.93" z_order="0">
    </box>
    <box frame="240" keyframe="0" outside="0" occluded="0" xtl="597.48" ytl="432.08" xbr="822.53" ybr="551.32" z_order="0">
    </box>
    <box frame="241" keyframe="0" outside="0" occluded="0" xtl="598.66" ytl="431.68" xbr="825.31" ybr="551.71" z_order="0">
    </box>
    <box frame="242" keyframe="1" outside="0" occluded="0" xtl="599.83" ytl="431.29" xbr="828.10" ybr="552.10" z_order="0">
    </box>
    <box frame="243" keyframe="0" outside="0" occluded="0" xtl="601.27" ytl="431.31" xbr="829.54" ybr="552.12" z_order="0">
    </box>
    <box frame="244" keyframe="0" outside="0" occluded="0" xtl="602.71" ytl="431.33" xbr="830.98" ybr="552.14" z_order="0">
    </box>
    <box frame="245" keyframe="0" outside="0" occluded="0" xtl="604.15" ytl="431.36" xbr="832.42" ybr="552.16" z_order="0">
    </box>
    <box frame="246" keyframe="0" outside="0" occluded="0" xtl="605.59" ytl="431.38" xbr="833.86" ybr="552.19" z_order="0">
    </box>
    <box frame="247" keyframe="0" outside="0" occluded="0" xtl="607.03" ytl="431.40" xbr="835.30" ybr="552.21" z_order="0">
    </box>
    <box frame="248" keyframe="0" outside="0" occluded="0" xtl="608.47" ytl="431.42" xbr="836.74" ybr="552.23" z_order="0">
    </box>
    <box frame="249" keyframe="0" outside="0" occluded="0" xtl="609.91" ytl="431.44" xbr="838.18" ybr="552.25" z_order="0">
    </box>
    <box frame="250" keyframe="0" outside="0" occluded="0" xtl="611.35" ytl="431.46" xbr="839.61" ybr="552.27" z_order="0">
    </box>
    <box frame="251" keyframe="0" outside="0" occluded="0" xtl="612.79" ytl="431.49" xbr="841.05" ybr="552.29" z_order="0">
    </box>
    <box frame="252" keyframe="0" outside="0" occluded="0" xtl="614.23" ytl="431.51" xbr="842.49" ybr="552.31" z_order="0">
    </box>
    <box frame="253" keyframe="0" outside="0" occluded="0" xtl="615.67" ytl="431.53" xbr="843.93" ybr="552.34" z_order="0">
    </box>
    <box frame="254" keyframe="0" outside="0" occluded="0" xtl="617.11" ytl="431.55" xbr="845.37" ybr="552.36" z_order="0">
    </box>
    <box frame="255" keyframe="0" outside="0" occluded="0" xtl="618.55" ytl="431.57" xbr="846.81" ybr="552.38" z_order="0">
    </box>
    <box frame="256" keyframe="0" outside="0" occluded="0" xtl="619.98" ytl="431.59" xbr="848.25" ybr="552.40" z_order="0">
    </box>
    <box frame="257" keyframe="0" outside="0" occluded="0" xtl="621.42" ytl="431.61" xbr="849.69" ybr="552.42" z_order="0">
    </box>
    <box frame="258" keyframe="0" outside="0" occluded="0" xtl="622.86" ytl="431.64" xbr="851.13" ybr="552.44" z_order="0">
    </box>
    <box frame="259" keyframe="0" outside="0" occluded="0" xtl="624.30" ytl="431.66" xbr="852.57" ybr="552.47" z_order="0">
    </box>
    <box frame="260" keyframe="0" outside="0" occluded="0" xtl="625.74" ytl="431.68" xbr="854.01" ybr="552.49" z_order="0">
    </box>
    <box frame="261" keyframe="0" outside="0" occluded="0" xtl="627.18" ytl="431.70" xbr="855.45" ybr="552.51" z_order="0">
    </box>
    <box frame="262" keyframe="0" outside="0" occluded="0" xtl="628.62" ytl="431.72" xbr="856.89" ybr="552.53" z_order="0">
    </box>
    <box frame="263" keyframe="0" outside="0" occluded="0" xtl="630.06" ytl="431.74" xbr="858.33" ybr="552.55" z_order="0">
    </box>
    <box frame="264" keyframe="0" outside="0" occluded="0" xtl="631.50" ytl="431.76" xbr="859.76" ybr="552.57" z_order="0">
    </box>
    <box frame="265" keyframe="0" outside="0" occluded="0" xtl="632.94" ytl="431.79" xbr="861.20" ybr="552.59" z_order="0">
    </box>
    <box frame="266" keyframe="0" outside="0" occluded="0" xtl="634.38" ytl="431.81" xbr="862.64" ybr="552.62" z_order="0">
    </box>
    <box frame="267" keyframe="0" outside="0" occluded="0" xtl="635.82" ytl="431.83" xbr="864.08" ybr="552.64" z_order="0">
    </box>
    <box frame="268" keyframe="0" outside="0" occluded="0" xtl="637.26" ytl="431.85" xbr="865.52" ybr="552.66" z_order="0">
    </box>
    <box frame="269" keyframe="0" outside="0" occluded="0" xtl="638.70" ytl="431.87" xbr="866.96" ybr="552.68" z_order="0">
    </box>
    <box frame="270" keyframe="0" outside="0" occluded="0" xtl="640.13" ytl="431.89" xbr="868.40" ybr="552.70" z_order="0">
    </box>
    <box frame="271" keyframe="0" outside="0" occluded="0" xtl="641.57" ytl="431.92" xbr="869.84" ybr="552.72" z_order="0">
    </box>
    <box frame="272" keyframe="0" outside="0" occluded="0" xtl="643.01" ytl="431.94" xbr="871.28" ybr="552.74" z_order="0">
    </box>
    <box frame="273" keyframe="0" outside="0" occluded="0" xtl="644.45" ytl="431.96" xbr="872.72" ybr="552.77" z_order="0">
    </box>
    <box frame="274" keyframe="0" outside="0" occluded="0" xtl="645.89" ytl="431.98" xbr="874.16" ybr="552.79" z_order="0">
    </box>
    <box frame="275" keyframe="0" outside="0" occluded="0" xtl="647.33" ytl="432.00" xbr="875.60" ybr="552.81" z_order="0">
    </box>
    <box frame="276" keyframe="0" outside="0" occluded="0" xtl="648.77" ytl="432.02" xbr="877.04" ybr="552.83" z_order="0">
    </box>
    <box frame="277" keyframe="0" outside="0" occluded="0" xtl="650.21" ytl="432.04" xbr="878.48" ybr="552.85" z_order="0">
    </box>
    <box frame="278" keyframe="0" outside="0" occluded="0" xtl="651.65" ytl="432.07" xbr="879.92" ybr="552.87" z_order="0">
    </box>
    <box frame="279" keyframe="0" outside="0" occluded="0" xtl="653.09" ytl="432.09" xbr="881.35" ybr="552.89" z_order="0">
    </box>
    <box frame="280" keyframe="0" outside="0" occluded="0" xtl="654.53" ytl="432.11" xbr="882.79" ybr="552.92" z_order="0">
    </box>
    <box frame="281" keyframe="0" outside="0" occluded="0" xtl="655.97" ytl="432.13" xbr="884.23" ybr="552.94" z_order="0">
    </box>
    <box frame="282" keyframe="0" outside="0" occluded="0" xtl="657.41" ytl="432.15" xbr="885.67" ybr="552.96" z_order="0">
    </box>
    <box frame="283" keyframe="0" outside="0" occluded="0" xtl="658.85" ytl="432.17" xbr="887.11" ybr="552.98" z_order="0">
    </box>
    <box frame="284" keyframe="1" outside="0" occluded="0" xtl="660.29" ytl="432.19" xbr="888.55" ybr="553.00" z_order="0">
    </box>
    <box frame="285" keyframe="0" outside="0" occluded="0" xtl="660.75" ytl="431.73" xbr="890.46" ybr="553.07" z_order="0">
    </box>
    <box frame="286" keyframe="0" outside="0" occluded="0" xtl="661.22" ytl="431.26" xbr="892.36" ybr="553.14" z_order="0">
    </box>
    <box frame="287" keyframe="0" outside="0" occluded="0" xtl="661.69" ytl="430.79" xbr="894.27" ybr="553.20" z_order="0">
    </box>
    <box frame="288" keyframe="0" outside="0" occluded="0" xtl="662.16" ytl="430.32" xbr="896.17" ybr="553.27" z_order="0">
    </box>
    <box frame="289" keyframe="0" outside="0" occluded="0" xtl="662.62" ytl="429.86" xbr="898.08" ybr="553.34" z_order="0">
    </box>
    <box frame="290" keyframe="0" outside="0" occluded="0" xtl="663.09" ytl="429.39" xbr="899.98" ybr="553.40" z_order="0">
    </box>
    <box frame="291" keyframe="0" outside="0" occluded="0" xtl="663.56" ytl="428.92" xbr="901.89" ybr="553.47" z_order="0">
    </box>
    <box frame="292" keyframe="0" outside="0" occluded="0" xtl="664.03" ytl="428.45" xbr="903.80" ybr="553.53" z_order="0">
    </box>
    <box frame="293" keyframe="0" outside="0" occluded="0" xtl="664.50" ytl="427.98" xbr="905.70" ybr="553.60" z_order="0">
    </box>
    <box frame="294" keyframe="0" outside="0" occluded="0" xtl="664.96" ytl="427.52" xbr="907.61" ybr="553.67" z_order="0">
    </box>
    <box frame="295" keyframe="0" outside="0" occluded="0" xtl="665.43" ytl="427.05" xbr="909.51" ybr="553.73" z_order="0">
    </box>
    <box frame="296" keyframe="0" outside="0" occluded="0" xtl="665.90" ytl="426.58" xbr="911.42" ybr="553.80" z_order="0">
    </box>
    <box frame="297" keyframe="0" outside="0" occluded="0" xtl="666.37" ytl="426.11" xbr="913.32" ybr="553.87" z_order="0">
    </box>
    <box frame="298" keyframe="0" outside="0" occluded="0" xtl="666.83" ytl="425.65" xbr="915.23" ybr="553.93" z_order="0">
    </box>
    <box frame="299" keyframe="0" outside="0" occluded="0" xtl="667.30" ytl="425.18" xbr="917.13" ybr="554.00" z_order="0">
    </box>
    <box frame="300" keyframe="0" outside="0" occluded="0" xtl="667.77" ytl="424.71" xbr="919.04" ybr="554.07" z_order="0">
    </box>
    <box frame="301" keyframe="0" outside="0" occluded="0" xtl="668.24" ytl="424.24" xbr="920.94" ybr="554.13" z_order="0">
    </box>
    <box frame="302" keyframe="0" outside="0" occluded="0" xtl="668.71" ytl="423.77" xbr="922.85" ybr="554.20" z_order="0">
    </box>
    <box frame="303" keyframe="0" outside="0" occluded="0" xtl="669.17" ytl="423.31" xbr="924.76" ybr="554.27" z_order="0">
    </box>
    <box frame="304" keyframe="0" outside="0" occluded="0" xtl="669.64" ytl="422.84" xbr="926.66" ybr="554.33" z_order="0">
    </box>
    <box frame="305" keyframe="0" outside="0" occluded="0" xtl="670.11" ytl="422.37" xbr="928.57" ybr="554.40" z_order="0">
    </box>
    <box frame="306" keyframe="0" outside="0" occluded="0" xtl="670.58" ytl="421.90" xbr="930.47" ybr="554.47" z_order="0">
    </box>
    <box frame="307" keyframe="0" outside="0" occluded="0" xtl="671.04" ytl="421.43" xbr="932.38" ybr="554.53" z_order="0">
    </box>
    <box frame="308" keyframe="0" outside="0" occluded="0" xtl="671.51" ytl="420.97" xbr="934.28" ybr="554.60" z_order="0">
    </box>
    <box frame="309" keyframe="0" outside="0" occluded="0" xtl="671.98" ytl="420.50" xbr="936.19" ybr="554.67" z_order="0">
    </box>
    <box frame="310" keyframe="0" outside="0" occluded="0" xtl="672.45" ytl="420.03" xbr="938.09" ybr="554.73" z_order="0">
    </box>
    <box frame="311" keyframe="1" outside="0" occluded="0" xtl="672.92" ytl="419.56" xbr="940.00" ybr="554.80" z_order="0">
    </box>
    <box frame="312" keyframe="0" outside="0" occluded="0" xtl="673.95" ytl="419.18" xbr="942.57" ybr="554.67" z_order="0">
    </box>
    <box frame="313" keyframe="0" outside="0" occluded="0" xtl="674.98" ytl="418.79" xbr="945.14" ybr="554.54" z_order="0">
    </box>
    <box frame="314" keyframe="0" outside="0" occluded="0" xtl="676.01" ytl="418.40" xbr="947.71" ybr="554.41" z_order="0">
    </box>
    <box frame="315" keyframe="0" outside="0" occluded="0" xtl="677.04" ytl="418.02" xbr="950.29" ybr="554.29" z_order="0">
    </box>
    <box frame="316" keyframe="0" outside="0" occluded="0" xtl="678.07" ytl="417.63" xbr="952.86" ybr="554.16" z_order="0">
    </box>
    <box frame="317" keyframe="0" outside="0" occluded="0" xtl="679.10" ytl="417.24" xbr="955.43" ybr="554.03" z_order="0">
    </box>
    <box frame="318" keyframe="1" outside="0" occluded="0" xtl="680.13" ytl="416.86" xbr="958.00" ybr="553.90" z_order="0">
    </box>
    <box frame="319" keyframe="0" outside="0" occluded="0" xtl="681.76" ytl="417.08" xbr="959.58" ybr="554.17" z_order="0">
    </box>
    <box frame="320" keyframe="0" outside="0" occluded="0" xtl="683.38" ytl="417.31" xbr="961.16" ybr="554.44" z_order="0">
    </box>
    <box frame="321" keyframe="0" outside="0" occluded="0" xtl="685.01" ytl="417.53" xbr="962.74" ybr="554.71" z_order="0">
    </box>
    <box frame="322" keyframe="0" outside="0" occluded="0" xtl="686.63" ytl="417.76" xbr="964.32" ybr="554.98" z_order="0">
    </box>
    <box frame="323" keyframe="0" outside="0" occluded="0" xtl="688.25" ytl="417.98" xbr="965.90" ybr="555.25" z_order="0">
    </box>
    <box frame="324" keyframe="0" outside="0" occluded="0" xtl="689.88" ytl="418.21" xbr="967.48" ybr="555.52" z_order="0">
    </box>
    <box frame="325" keyframe="0" outside="0" occluded="0" xtl="691.50" ytl="418.44" xbr="969.06" ybr="555.79" z_order="0">
    </box>
    <box frame="326" keyframe="0" outside="0" occluded="0" xtl="693.13" ytl="418.66" xbr="970.64" ybr="556.06" z_order="0">
    </box>
    <box frame="327" keyframe="0" outside="0" occluded="0" xtl="694.75" ytl="418.89" xbr="972.22" ybr="556.33" z_order="0">
    </box>
    <box frame="328" keyframe="0" outside="0" occluded="0" xtl="696.37" ytl="419.11" xbr="973.80" ybr="556.60" z_order="0">
    </box>
    <box frame="329" keyframe="0" outside="0" occluded="0" xtl="698.00" ytl="419.34" xbr="975.38" ybr="556.87" z_order="0">
    </box>
    <box frame="330" keyframe="0" outside="0" occluded="0" xtl="699.62" ytl="419.56" xbr="976.96" ybr="557.14" z_order="0">
    </box>
    <box frame="331" keyframe="0" outside="0" occluded="0" xtl="701.25" ytl="419.79" xbr="978.54" ybr="557.41" z_order="0">
    </box>
    <box frame="332" keyframe="0" outside="0" occluded="0" xtl="702.87" ytl="420.01" xbr="980.12" ybr="557.68" z_order="0">
    </box>
    <box frame="333" keyframe="0" outside="0" occluded="0" xtl="704.49" ytl="420.24" xbr="981.70" ybr="557.95" z_order="0">
    </box>
    <box frame="334" keyframe="0" outside="0" occluded="0" xtl="706.12" ytl="420.47" xbr="983.28" ybr="558.22" z_order="0">
    </box>
    <box frame="335" keyframe="0" outside="0" occluded="0" xtl="707.74" ytl="420.69" xbr="984.86" ybr="558.49" z_order="0">
    </box>
    <box frame="336" keyframe="0" outside="0" occluded="0" xtl="709.37" ytl="420.92" xbr="986.44" ybr="558.76" z_order="0">
    </box>
    <box frame="337" keyframe="0" outside="0" occluded="0" xtl="710.99" ytl="421.14" xbr="988.02" ybr="559.03" z_order="0">
    </box>
    <box frame="338" keyframe="1" outside="0" occluded="0" xtl="712.62" ytl="421.37" xbr="989.60" ybr="559.30" z_order="0">
    </box>
    <box frame="339" keyframe="0" outside="0" occluded="0" xtl="714.04" ytl="421.15" xbr="992.34" ybr="559.42" z_order="0">
    </box>
    <box frame="340" keyframe="0" outside="0" occluded="0" xtl="715.46" ytl="420.92" xbr="995.09" ybr="559.55" z_order="0">
    </box>
    <box frame="341" keyframe="0" outside="0" occluded="0" xtl="716.88" ytl="420.70" xbr="997.83" ybr="559.67" z_order="0">
    </box>
    <box frame="342" keyframe="0" outside="0" occluded="0" xtl="718.30" ytl="420.48" xbr="1000.58" ybr="559.79" z_order="0">
    </box>
    <box frame="343" keyframe="0" outside="0" occluded="0" xtl="719.72" ytl="420.26" xbr="1003.32" ybr="559.92" z_order="0">
    </box>
    <box frame="344" keyframe="0" outside="0" occluded="0" xtl="721.14" ytl="420.04" xbr="1006.07" ybr="560.04" z_order="0">
    </box>
    <box frame="345" keyframe="0" outside="0" occluded="0" xtl="722.57" ytl="419.81" xbr="1008.81" ybr="560.16" z_order="0">
    </box>
    <box frame="346" keyframe="0" outside="0" occluded="0" xtl="723.99" ytl="419.59" xbr="1011.56" ybr="560.29" z_order="0">
    </box>
    <box frame="347" keyframe="0" outside="0" occluded="0" xtl="725.41" ytl="419.37" xbr="1014.30" ybr="560.41" z_order="0">
    </box>
    <box frame="348" keyframe="0" outside="0" occluded="0" xtl="726.83" ytl="419.15" xbr="1017.05" ybr="560.53" z_order="0">
    </box>
    <box frame="349" keyframe="0" outside="0" occluded="0" xtl="728.25" ytl="418.93" xbr="1019.79" ybr="560.65" z_order="0">
    </box>
    <box frame="350" keyframe="0" outside="0" occluded="0" xtl="729.67" ytl="418.70" xbr="1022.54" ybr="560.78" z_order="0">
    </box>
    <box frame="351" keyframe="0" outside="0" occluded="0" xtl="731.10" ytl="418.48" xbr="1025.28" ybr="560.90" z_order="0">
    </box>
    <box frame="352" keyframe="0" outside="0" occluded="0" xtl="732.52" ytl="418.26" xbr="1028.03" ybr="561.02" z_order="0">
    </box>
    <box frame="353" keyframe="0" outside="0" occluded="0" xtl="733.94" ytl="418.04" xbr="1030.77" ybr="561.15" z_order="0">
    </box>
    <box frame="354" keyframe="0" outside="0" occluded="0" xtl="735.36" ytl="417.82" xbr="1033.52" ybr="561.27" z_order="0">
    </box>
    <box frame="355" keyframe="0" outside="0" occluded="0" xtl="736.78" ytl="417.59" xbr="1036.26" ybr="561.39" z_order="0">
    </box>
    <box frame="356" keyframe="0" outside="0" occluded="0" xtl="738.20" ytl="417.37" xbr="1039.01" ybr="561.52" z_order="0">
    </box>
    <box frame="357" keyframe="0" outside="0" occluded="0" xtl="739.63" ytl="417.15" xbr="1041.75" ybr="561.64" z_order="0">
    </box>
    <box frame="358" keyframe="0" outside="0" occluded="0" xtl="741.05" ytl="416.93" xbr="1044.50" ybr="561.76" z_order="0">
    </box>
    <box frame="359" keyframe="0" outside="0" occluded="0" xtl="742.47" ytl="416.71" xbr="1047.24" ybr="561.89" z_order="0">
    </box>
    <box frame="360" keyframe="0" outside="0" occluded="0" xtl="743.89" ytl="416.48" xbr="1049.99" ybr="562.01" z_order="0">
    </box>
    <box frame="361" keyframe="0" outside="0" occluded="0" xtl="745.31" ytl="416.26" xbr="1052.73" ybr="562.13" z_order="0">
    </box>
    <box frame="362" keyframe="0" outside="0" occluded="0" xtl="746.73" ytl="416.04" xbr="1055.48" ybr="562.26" z_order="0">
    </box>
    <box frame="363" keyframe="0" outside="0" occluded="0" xtl="748.16" ytl="415.82" xbr="1058.22" ybr="562.38" z_order="0">
    </box>
    <box frame="364" keyframe="0" outside="0" occluded="0" xtl="749.58" ytl="415.60" xbr="1060.97" ybr="562.50" z_order="0">
    </box>
    <box frame="365" keyframe="0" outside="0" occluded="0" xtl="751.00" ytl="415.38" xbr="1063.71" ybr="562.62" z_order="0">
    </box>
    <box frame="366" keyframe="0" outside="0" occluded="0" xtl="752.42" ytl="415.15" xbr="1066.46" ybr="562.75" z_order="0">
    </box>
    <box frame="367" keyframe="0" outside="0" occluded="0" xtl="753.84" ytl="414.93" xbr="1069.20" ybr="562.87" z_order="0">
    </box>
    <box frame="368" keyframe="0" outside="0" occluded="0" xtl="755.26" ytl="414.71" xbr="1071.95" ybr="562.99" z_order="0">
    </box>
    <box frame="369" keyframe="0" outside="0" occluded="0" xtl="756.69" ytl="414.49" xbr="1074.69" ybr="563.12" z_order="0">
    </box>
    <box frame="370" keyframe="0" outside="0" occluded="0" xtl="758.11" ytl="414.27" xbr="1077.44" ybr="563.24" z_order="0">
    </box>
    <box frame="371" keyframe="0" outside="0" occluded="0" xtl="759.53" ytl="414.04" xbr="1080.18" ybr="563.36" z_order="0">
    </box>
    <box frame="372" keyframe="0" outside="0" occluded="0" xtl="760.95" ytl="413.82" xbr="1082.93" ybr="563.49" z_order="0">
    </box>
    <box frame="373" keyframe="0" outside="0" occluded="0" xtl="762.37" ytl="413.60" xbr="1085.67" ybr="563.61" z_order="0">
    </box>
    <box frame="374" keyframe="0" outside="0" occluded="0" xtl="763.79" ytl="413.38" xbr="1088.42" ybr="563.73" z_order="0">
    </box>
    <box frame="375" keyframe="0" outside="0" occluded="0" xtl="765.22" ytl="413.16" xbr="1091.16" ybr="563.86" z_order="0">
    </box>
    <box frame="376" keyframe="0" outside="0" occluded="0" xtl="766.64" ytl="412.93" xbr="1093.90" ybr="563.98" z_order="0">
    </box>
    <box frame="377" keyframe="0" outside="0" occluded="0" xtl="768.06" ytl="412.71" xbr="1096.65" ybr="564.10" z_order="0">
    </box>
    <box frame="378" keyframe="0" outside="0" occluded="0" xtl="769.48" ytl="412.49" xbr="1099.39" ybr="564.23" z_order="0">
    </box>
    <box frame="379" keyframe="0" outside="0" occluded="0" xtl="770.90" ytl="412.27" xbr="1102.14" ybr="564.35" z_order="0">
    </box>
    <box frame="380" keyframe="0" outside="0" occluded="0" xtl="772.32" ytl="412.05" xbr="1104.88" ybr="564.47" z_order="0">
    </box>
    <box frame="381" keyframe="0" outside="0" occluded="0" xtl="773.75" ytl="411.82" xbr="1107.63" ybr="564.60" z_order="0">
    </box>
    <box frame="382" keyframe="0" outside="0" occluded="0" xtl="775.17" ytl="411.60" xbr="1110.37" ybr="564.72" z_order="0">
    </box>
    <box frame="383" keyframe="0" outside="0" occluded="0" xtl="776.59" ytl="411.38" xbr="1113.12" ybr="564.84" z_order="0">
    </box>
    <box frame="384" keyframe="0" outside="0" occluded="0" xtl="778.01" ytl="411.16" xbr="1115.86" ybr="564.96" z_order="0">
    </box>
    <box frame="385" keyframe="0" outside="0" occluded="0" xtl="779.43" ytl="410.94" xbr="1118.61" ybr="565.09" z_order="0">
    </box>
    <box frame="386" keyframe="0" outside="0" occluded="0" xtl="780.85" ytl="410.71" xbr="1121.35" ybr="565.21" z_order="0">
    </box>
    <box frame="387" keyframe="0" outside="0" occluded="0" xtl="782.27" ytl="410.49" xbr="1124.10" ybr="565.33" z_order="0">
    </box>
    <box frame="388" keyframe="0" outside="0" occluded="0" xtl="783.70" ytl="410.27" xbr="1126.84" ybr="565.46" z_order="0">
    </box>
    <box frame="389" keyframe="0" outside="0" occluded="0" xtl="785.12" ytl="410.05" xbr="1129.59" ybr="565.58" z_order="0">
    </box>
    <box frame="390" keyframe="0" outside="0" occluded="0" xtl="786.54" ytl="409.83" xbr="1132.33" ybr="565.70" z_order="0">
    </box>
    <box frame="391" keyframe="0" outside="0" occluded="0" xtl="787.96" ytl="409.60" xbr="1135.08" ybr="565.83" z_order="0">
    </box>
    <box frame="392" keyframe="0" outside="0" occluded="0" xtl="789.38" ytl="409.38" xbr="1137.82" ybr="565.95" z_order="0">
    </box>
    <box frame="393" keyframe="1" outside="0" occluded="0" xtl="790.80" ytl="409.16" xbr="1140.57" ybr="566.07" z_order="0">
    </box>
    <box frame="394" keyframe="0" outside="0" occluded="0" xtl="793.06" ytl="409.06" xbr="1144.14" ybr="566.31" z_order="0">
    </box>
    <box frame="395" keyframe="0" outside="0" occluded="0" xtl="795.31" ytl="408.95" xbr="1147.72" ybr="566.56" z_order="0">
    </box>
    <box frame="396" keyframe="0" outside="0" occluded="0" xtl="797.56" ytl="408.85" xbr="1151.29" ybr="566.80" z_order="0">
    </box>
    <box frame="397" keyframe="0" outside="0" occluded="0" xtl="799.81" ytl="408.75" xbr="1154.87" ybr="567.04" z_order="0">
    </box>
    <box frame="398" keyframe="0" outside="0" occluded="0" xtl="802.06" ytl="408.64" xbr="1158.44" ybr="567.28" z_order="0">
    </box>
    <box frame="399" keyframe="0" outside="0" occluded="0" xtl="804.32" ytl="408.54" xbr="1162.02" ybr="567.52" z_order="0">
    </box>
    <box frame="400" keyframe="0" outside="0" occluded="0" xtl="806.57" ytl="408.44" xbr="1165.59" ybr="567.77" z_order="0">
    </box>
    <box frame="401" keyframe="0" outside="0" occluded="0" xtl="808.82" ytl="408.33" xbr="1169.17" ybr="568.01" z_order="0">
    </box>
    <box frame="402" keyframe="0" outside="0" occluded="0" xtl="811.07" ytl="408.23" xbr="1172.74" ybr="568.25" z_order="0">
    </box>
    <box frame="403" keyframe="0" outside="0" occluded="0" xtl="813.32" ytl="408.13" xbr="1176.32" ybr="568.49" z_order="0">
    </box>
    <box frame="404" keyframe="0" outside="0" occluded="0" xtl="815.58" ytl="408.02" xbr="1179.89" ybr="568.73" z_order="0">
    </box>
    <box frame="405" keyframe="0" outside="0" occluded="0" xtl="817.83" ytl="407.92" xbr="1183.47" ybr="568.97" z_order="0">
    </box>
    <box frame="406" keyframe="0" outside="0" occluded="0" xtl="820.08" ytl="407.82" xbr="1187.05" ybr="569.22" z_order="0">
    </box>
    <box frame="407" keyframe="0" outside="0" occluded="0" xtl="822.33" ytl="407.71" xbr="1190.62" ybr="569.46" z_order="0">
    </box>
    <box frame="408" keyframe="0" outside="0" occluded="0" xtl="824.58" ytl="407.61" xbr="1194.20" ybr="569.70" z_order="0">
    </box>
    <box frame="409" keyframe="0" outside="0" occluded="0" xtl="826.84" ytl="407.51" xbr="1197.77" ybr="569.94" z_order="0">
    </box>
    <box frame="410" keyframe="0" outside="0" occluded="0" xtl="829.09" ytl="407.40" xbr="1201.35" ybr="570.18" z_order="0">
    </box>
    <box frame="411" keyframe="0" outside="0" occluded="0" xtl="831.34" ytl="407.30" xbr="1204.92" ybr="570.42" z_order="0">
    </box>
    <box frame="412" keyframe="0" outside="0" occluded="0" xtl="833.59" ytl="407.20" xbr="1208.50" ybr="570.67" z_order="0">
    </box>
    <box frame="413" keyframe="0" outside="0" occluded="0" xtl="835.84" ytl="407.09" xbr="1212.07" ybr="570.91" z_order="0">
    </box>
    <box frame="414" keyframe="0" outside="0" occluded="0" xtl="838.10" ytl="406.99" xbr="1215.65" ybr="571.15" z_order="0">
    </box>
    <box frame="415" keyframe="0" outside="0" occluded="0" xtl="840.35" ytl="406.89" xbr="1219.22" ybr="571.39" z_order="0">
    </box>
    <box frame="416" keyframe="0" outside="0" occluded="0" xtl="842.60" ytl="406.78" xbr="1222.80" ybr="571.63" z_order="0">
    </box>
    <box frame="417" keyframe="0" outside="0" occluded="0" xtl="844.85" ytl="406.68" xbr="1226.37" ybr="571.87" z_order="0">
    </box>
    <box frame="418" keyframe="0" outside="0" occluded="0" xtl="847.10" ytl="406.58" xbr="1229.95" ybr="572.12" z_order="0">
    </box>
    <box frame="419" keyframe="0" outside="0" occluded="0" xtl="849.36" ytl="406.47" xbr="1233.52" ybr="572.36" z_order="0">
    </box>
    <box frame="420" keyframe="0" outside="0" occluded="0" xtl="851.61" ytl="406.37" xbr="1237.10" ybr="572.60" z_order="0">
    </box>
    <box frame="421" keyframe="0" outside="0" occluded="0" xtl="853.86" ytl="406.27" xbr="1240.67" ybr="572.84" z_order="0">
    </box>
    <box frame="422" keyframe="0" outside="0" occluded="0" xtl="856.11" ytl="406.16" xbr="1244.25" ybr="573.08" z_order="0">
    </box>
    <box frame="423" keyframe="0" outside="0" occluded="0" xtl="858.36" ytl="406.06" xbr="1247.82" ybr="573.32" z_order="0">
    </box>
    <box frame="424" keyframe="0" outside="0" occluded="0" xtl="860.62" ytl="405.96" xbr="1251.40" ybr="573.57" z_order="0">
    </box>
    <box frame="425" keyframe="0" outside="0" occluded="0" xtl="862.87" ytl="405.85" xbr="1254.97" ybr="573.81" z_order="0">
    </box>
    <box frame="426" keyframe="0" outside="0" occluded="0" xtl="865.12" ytl="405.75" xbr="1258.55" ybr="574.05" z_order="0">
    </box>
    <box frame="427" keyframe="0" outside="0" occluded="0" xtl="867.37" ytl="405.64" xbr="1262.12" ybr="574.29" z_order="0">
    </box>
    <box frame="428" keyframe="0" outside="0" occluded="0" xtl="869.62" ytl="405.54" xbr="1265.70" ybr="574.53" z_order="0">
    </box>
    <box frame="429" keyframe="0" outside="0" occluded="0" xtl="871.88" ytl="405.44" xbr="1269.27" ybr="574.77" z_order="0">
    </box>
    <box frame="430" keyframe="0" outside="0" occluded="0" xtl="874.13" ytl="405.33" xbr="1272.85" ybr="575.02" z_order="0">
    </box>
    <box frame="431" keyframe="0" outside="0" occluded="0" xtl="876.38" ytl="405.23" xbr="1276.42" ybr="575.26" z_order="0">
    </box>
    <box frame="432" keyframe="1" outside="0" occluded="0" xtl="878.63" ytl="405.13" xbr="1280.00" ybr="575.50" z_order="0">
    </box>
    <box frame="433" keyframe="0" outside="0" occluded="0" xtl="881.98" ytl="405.00" xbr="1279.83" ybr="575.37" z_order="0">
    </box>
    <box frame="434" keyframe="0" outside="0" occluded="0" xtl="885.33" ytl="404.87" xbr="1279.66" ybr="575.24" z_order="0">
    </box>
    <box frame="435" keyframe="0" outside="0" occluded="0" xtl="888.68" ytl="404.74" xbr="1279.48" ybr="575.11" z_order="0">
    </box>
    <box frame="436" keyframe="0" outside="0" occluded="0" xtl="892.04" ytl="404.61" xbr="1279.31" ybr="574.98" z_order="0">
    </box>
    <box frame="437" keyframe="0" outside="0" occluded="0" xtl="895.39" ytl="404.48" xbr="1279.14" ybr="574.86" z_order="0">
    </box>
    <box frame="438" keyframe="0" outside="0" occluded="0" xtl="898.74" ytl="404.35" xbr="1278.97" ybr="574.73" z_order="0">
    </box>
    <box frame="439" keyframe="0" outside="0" occluded="0" xtl="902.09" ytl="404.23" xbr="1278.80" ybr="574.60" z_order="0">
    </box>
    <box frame="440" keyframe="0" outside="0" occluded="0" xtl="905.44" ytl="404.10" xbr="1278.63" ybr="574.47" z_order="0">
    </box>
    <box frame="441" keyframe="0" outside="0" occluded="0" xtl="908.79" ytl="403.97" xbr="1278.45" ybr="574.34" z_order="0">
    </box>
    <box frame="442" keyframe="0" outside="0" occluded="0" xtl="912.14" ytl="403.84" xbr="1278.28" ybr="574.21" z_order="0">
    </box>
    <box frame="443" keyframe="0" outside="0" occluded="0" xtl="915.49" ytl="403.71" xbr="1278.11" ybr="574.08" z_order="0">
    </box>
    <box frame="444" keyframe="0" outside="0" occluded="0" xtl="918.85" ytl="403.58" xbr="1277.94" ybr="573.95" z_order="0">
    </box>
    <box frame="445" keyframe="0" outside="0" occluded="0" xtl="922.20" ytl="403.45" xbr="1277.77" ybr="573.82" z_order="0">
    </box>
    <box frame="446" keyframe="0" outside="0" occluded="0" xtl="925.55" ytl="403.32" xbr="1277.59" ybr="573.70" z_order="0">
    </box>
    <box frame="447" keyframe="0" outside="0" occluded="0" xtl="928.90" ytl="403.19" xbr="1277.42" ybr="573.57" z_order="0">
    </box>
    <box frame="448" keyframe="0" outside="0" occluded="0" xtl="932.25" ytl="403.07" xbr="1277.25" ybr="573.44" z_order="0">
    </box>
    <box frame="449" keyframe="0" outside="0" occluded="0" xtl="935.60" ytl="402.94" xbr="1277.08" ybr="573.31" z_order="0">
    </box>
    <box frame="450" keyframe="0" outside="0" occluded="0" xtl="938.95" ytl="402.81" xbr="1276.91" ybr="573.18" z_order="0">
    </box>
    <box frame="451" keyframe="0" outside="0" occluded="0" xtl="942.30" ytl="402.68" xbr="1276.74" ybr="573.05" z_order="0">
    </box>
    <box frame="452" keyframe="0" outside="0" occluded="0" xtl="945.66" ytl="402.55" xbr="1276.56" ybr="572.92" z_order="0">
    </box>
    <box frame="453" keyframe="1" outside="0" occluded="0" xtl="949.01" ytl="402.42" xbr="1276.39" ybr="572.79" z_order="0">
    </box>
  </track>
</annotations>
