<?xml version="1.0" encoding="utf-8"?>
<annotations>
  <version>1.1</version>
  <meta>
    <task>
      <id>14</id>
      <name>007</name>
      <size>153</size>
      <mode>interpolation</mode>
      <overlap>5</overlap>
      <bugtracker></bugtracker>
      <created>2023-05-25 10:26:00.675018+00:00</created>
      <updated>2023-05-25 16:40:07.479887+00:00</updated>
      <subset>default</subset>
      <start_frame>0</start_frame>
      <stop_frame>152</stop_frame>
      <frame_filter></frame_filter>
      <segments>
        <segment>
          <id>13</id>
          <start>0</start>
          <stop>152</stop>
          <url>http://localhost:8080/api/jobs/13</url>
        </segment>
      </segments>
      <owner>
        <username>django</username>
        <email></email>
      </owner>
      <assignee></assignee>
      <labels>
        <label>
          <name>objects</name>
          <color>#db5b78</color>
          <type>any</type>
          <attributes>
          </attributes>
        </label>
      </labels>
      <original_size>
        <width>1280</width>
        <height>720</height>
      </original_size>
      <source>test10.mp4</source>
    </task>
    <dumped>2023-05-25 16:51:14.593989+00:00</dumped>
  </meta>
  <track id="0" label="objects" source="manual">
    <box frame="0" keyframe="1" outside="0" occluded="0" xtl="550.21" ytl="181.37" xbr="628.71" ybr="254.45" z_order="0">
    </box>
    <box frame="1" keyframe="0" outside="0" occluded="0" xtl="549.67" ytl="181.63" xbr="628.38" ybr="254.98" z_order="0">
    </box>
    <box frame="2" keyframe="0" outside="0" occluded="0" xtl="549.13" ytl="181.88" xbr="628.06" ybr="255.51" z_order="0">
    </box>
    <box frame="3" keyframe="0" outside="0" occluded="0" xtl="548.59" ytl="182.14" xbr="627.74" ybr="256.03" z_order="0">
    </box>
    <box frame="4" keyframe="0" outside="0" occluded="0" xtl="548.04" ytl="182.40" xbr="627.41" ybr="256.56" z_order="0">
    </box>
    <box frame="5" keyframe="0" outside="0" occluded="0" xtl="547.50" ytl="182.66" xbr="627.09" ybr="257.09" z_order="0">
    </box>
    <box frame="6" keyframe="0" outside="0" occluded="0" xtl="546.96" ytl="182.91" xbr="626.77" ybr="257.62" z_order="0">
    </box>
    <box frame="7" keyframe="0" outside="0" occluded="0" xtl="546.42" ytl="183.17" xbr="626.45" ybr="258.15" z_order="0">
    </box>
    <box frame="8" keyframe="0" outside="0" occluded="0" xtl="545.88" ytl="183.43" xbr="626.12" ybr="258.67" z_order="0">
    </box>
    <box frame="9" keyframe="0" outside="0" occluded="0" xtl="545.34" ytl="183.69" xbr="625.80" ybr="259.20" z_order="0">
    </box>
    <box frame="10" keyframe="0" outside="0" occluded="0" xtl="544.80" ytl="183.95" xbr="625.48" ybr="259.73" z_order="0">
    </box>
    <box frame="11" keyframe="0" outside="0" occluded="0" xtl="544.26" ytl="184.20" xbr="625.15" ybr="260.26" z_order="0">
    </box>
    <box frame="12" keyframe="0" outside="0" occluded="0" xtl="543.71" ytl="184.46" xbr="624.83" ybr="260.79" z_order="0">
    </box>
    <box frame="13" keyframe="0" outside="0" occluded="0" xtl="543.17" ytl="184.72" xbr="624.51" ybr="261.31" z_order="0">
    </box>
    <box frame="14" keyframe="0" outside="0" occluded="0" xtl="542.63" ytl="184.98" xbr="624.19" ybr="261.84" z_order="0">
    </box>
    <box frame="15" keyframe="0" outside="0" occluded="0" xtl="542.09" ytl="185.24" xbr="623.86" ybr="262.37" z_order="0">
    </box>
    <box frame="16" keyframe="0" outside="0" occluded="0" xtl="541.55" ytl="185.49" xbr="623.54" ybr="262.90" z_order="0">
    </box>
    <box frame="17" keyframe="0" outside="0" occluded="0" xtl="541.01" ytl="185.75" xbr="623.22" ybr="263.42" z_order="0">
    </box>
    <box frame="18" keyframe="0" outside="0" occluded="0" xtl="540.47" ytl="186.01" xbr="622.89" ybr="263.95" z_order="0">
    </box>
    <box frame="19" keyframe="0" outside="0" occluded="0" xtl="539.92" ytl="186.27" xbr="622.57" ybr="264.48" z_order="0">
    </box>
    <box frame="20" keyframe="0" outside="0" occluded="0" xtl="539.38" ytl="186.52" xbr="622.25" ybr="265.01" z_order="0">
    </box>
    <box frame="21" keyframe="0" outside="0" occluded="0" xtl="538.84" ytl="186.78" xbr="621.92" ybr="265.54" z_order="0">
    </box>
    <box frame="22" keyframe="0" outside="0" occluded="0" xtl="538.30" ytl="187.04" xbr="621.60" ybr="266.06" z_order="0">
    </box>
    <box frame="23" keyframe="0" outside="0" occluded="0" xtl="537.76" ytl="187.30" xbr="621.28" ybr="266.59" z_order="0">
    </box>
    <box frame="24" keyframe="0" outside="0" occluded="0" xtl="537.22" ytl="187.56" xbr="620.96" ybr="267.12" z_order="0">
    </box>
    <box frame="25" keyframe="0" outside="0" occluded="0" xtl="536.68" ytl="187.81" xbr="620.63" ybr="267.65" z_order="0">
    </box>
    <box frame="26" keyframe="0" outside="0" occluded="0" xtl="536.14" ytl="188.07" xbr="620.31" ybr="268.17" z_order="0">
    </box>
    <box frame="27" keyframe="0" outside="0" occluded="0" xtl="535.59" ytl="188.33" xbr="619.99" ybr="268.70" z_order="0">
    </box>
    <box frame="28" keyframe="0" outside="0" occluded="0" xtl="535.05" ytl="188.59" xbr="619.66" ybr="269.23" z_order="0">
    </box>
    <box frame="29" keyframe="0" outside="0" occluded="0" xtl="534.51" ytl="188.84" xbr="619.34" ybr="269.76" z_order="0">
    </box>
    <box frame="30" keyframe="0" outside="0" occluded="0" xtl="533.97" ytl="189.10" xbr="619.02" ybr="270.29" z_order="0">
    </box>
    <box frame="31" keyframe="0" outside="0" occluded="0" xtl="533.43" ytl="189.36" xbr="618.70" ybr="270.81" z_order="0">
    </box>
    <box frame="32" keyframe="0" outside="0" occluded="0" xtl="532.89" ytl="189.62" xbr="618.37" ybr="271.34" z_order="0">
    </box>
    <box frame="33" keyframe="0" outside="0" occluded="0" xtl="532.35" ytl="189.88" xbr="618.05" ybr="271.87" z_order="0">
    </box>
    <box frame="34" keyframe="0" outside="0" occluded="0" xtl="531.80" ytl="190.13" xbr="617.73" ybr="272.40" z_order="0">
    </box>
    <box frame="35" keyframe="0" outside="0" occluded="0" xtl="531.26" ytl="190.39" xbr="617.40" ybr="272.93" z_order="0">
    </box>
    <box frame="36" keyframe="0" outside="0" occluded="0" xtl="530.72" ytl="190.65" xbr="617.08" ybr="273.45" z_order="0">
    </box>
    <box frame="37" keyframe="0" outside="0" occluded="0" xtl="530.18" ytl="190.91" xbr="616.76" ybr="273.98" z_order="0">
    </box>
    <box frame="38" keyframe="0" outside="0" occluded="0" xtl="529.64" ytl="191.16" xbr="616.43" ybr="274.51" z_order="0">
    </box>
    <box frame="39" keyframe="0" outside="0" occluded="0" xtl="529.10" ytl="191.42" xbr="616.11" ybr="275.04" z_order="0">
    </box>
    <box frame="40" keyframe="0" outside="0" occluded="0" xtl="528.56" ytl="191.68" xbr="615.79" ybr="275.56" z_order="0">
    </box>
    <box frame="41" keyframe="0" outside="0" occluded="0" xtl="528.01" ytl="191.94" xbr="615.47" ybr="276.09" z_order="0">
    </box>
    <box frame="42" keyframe="0" outside="0" occluded="0" xtl="527.47" ytl="192.20" xbr="615.14" ybr="276.62" z_order="0">
    </box>
    <box frame="43" keyframe="0" outside="0" occluded="0" xtl="526.93" ytl="192.45" xbr="614.82" ybr="277.15" z_order="0">
    </box>
    <box frame="44" keyframe="0" outside="0" occluded="0" xtl="526.39" ytl="192.71" xbr="614.50" ybr="277.68" z_order="0">
    </box>
    <box frame="45" keyframe="0" outside="0" occluded="0" xtl="525.85" ytl="192.97" xbr="614.17" ybr="278.20" z_order="0">
    </box>
    <box frame="46" keyframe="0" outside="0" occluded="0" xtl="525.31" ytl="193.23" xbr="613.85" ybr="278.73" z_order="0">
    </box>
    <box frame="47" keyframe="0" outside="0" occluded="0" xtl="524.77" ytl="193.48" xbr="613.53" ybr="279.26" z_order="0">
    </box>
    <box frame="48" keyframe="0" outside="0" occluded="0" xtl="524.23" ytl="193.74" xbr="613.20" ybr="279.79" z_order="0">
    </box>
    <box frame="49" keyframe="0" outside="0" occluded="0" xtl="523.68" ytl="194.00" xbr="612.88" ybr="280.32" z_order="0">
    </box>
    <box frame="50" keyframe="0" outside="0" occluded="0" xtl="523.14" ytl="194.26" xbr="612.56" ybr="280.84" z_order="0">
    </box>
    <box frame="51" keyframe="0" outside="0" occluded="0" xtl="522.60" ytl="194.52" xbr="612.24" ybr="281.37" z_order="0">
    </box>
    <box frame="52" keyframe="0" outside="0" occluded="0" xtl="522.06" ytl="194.77" xbr="611.91" ybr="281.90" z_order="0">
    </box>
    <box frame="53" keyframe="0" outside="0" occluded="0" xtl="521.52" ytl="195.03" xbr="611.59" ybr="282.43" z_order="0">
    </box>
    <box frame="54" keyframe="0" outside="0" occluded="0" xtl="520.98" ytl="195.29" xbr="611.27" ybr="282.95" z_order="0">
    </box>
    <box frame="55" keyframe="0" outside="0" occluded="0" xtl="520.44" ytl="195.55" xbr="610.94" ybr="283.48" z_order="0">
    </box>
    <box frame="56" keyframe="0" outside="0" occluded="0" xtl="519.89" ytl="195.80" xbr="610.62" ybr="284.01" z_order="0">
    </box>
    <box frame="57" keyframe="0" outside="0" occluded="0" xtl="519.35" ytl="196.06" xbr="610.30" ybr="284.54" z_order="0">
    </box>
    <box frame="58" keyframe="0" outside="0" occluded="0" xtl="518.81" ytl="196.32" xbr="609.98" ybr="285.07" z_order="0">
    </box>
    <box frame="59" keyframe="0" outside="0" occluded="0" xtl="518.27" ytl="196.58" xbr="609.65" ybr="285.59" z_order="0">
    </box>
    <box frame="60" keyframe="0" outside="0" occluded="0" xtl="517.73" ytl="196.84" xbr="609.33" ybr="286.12" z_order="0">
    </box>
    <box frame="61" keyframe="0" outside="0" occluded="0" xtl="517.19" ytl="197.09" xbr="609.01" ybr="286.65" z_order="0">
    </box>
    <box frame="62" keyframe="0" outside="0" occluded="0" xtl="516.65" ytl="197.35" xbr="608.68" ybr="287.18" z_order="0">
    </box>
    <box frame="63" keyframe="0" outside="0" occluded="0" xtl="516.10" ytl="197.61" xbr="608.36" ybr="287.71" z_order="0">
    </box>
    <box frame="64" keyframe="0" outside="0" occluded="0" xtl="515.56" ytl="197.87" xbr="608.04" ybr="288.23" z_order="0">
    </box>
    <box frame="65" keyframe="0" outside="0" occluded="0" xtl="515.02" ytl="198.13" xbr="607.71" ybr="288.76" z_order="0">
    </box>
    <box frame="66" keyframe="0" outside="0" occluded="0" xtl="514.48" ytl="198.38" xbr="607.39" ybr="289.29" z_order="0">
    </box>
    <box frame="67" keyframe="0" outside="0" occluded="0" xtl="513.94" ytl="198.64" xbr="607.07" ybr="289.82" z_order="0">
    </box>
    <box frame="68" keyframe="0" outside="0" occluded="0" xtl="513.40" ytl="198.90" xbr="606.75" ybr="290.34" z_order="0">
    </box>
    <box frame="69" keyframe="0" outside="0" occluded="0" xtl="512.86" ytl="199.16" xbr="606.42" ybr="290.87" z_order="0">
    </box>
    <box frame="70" keyframe="1" outside="0" occluded="0" xtl="512.32" ytl="199.41" xbr="606.10" ybr="291.40" z_order="0">
    </box>
    <box frame="71" keyframe="0" outside="0" occluded="0" xtl="511.63" ytl="200.00" xbr="605.69" ybr="292.48" z_order="0">
    </box>
    <box frame="72" keyframe="0" outside="0" occluded="0" xtl="510.94" ytl="200.59" xbr="605.28" ybr="293.56" z_order="0">
    </box>
    <box frame="73" keyframe="0" outside="0" occluded="0" xtl="510.26" ytl="201.18" xbr="604.87" ybr="294.63" z_order="0">
    </box>
    <box frame="74" keyframe="0" outside="0" occluded="0" xtl="509.57" ytl="201.77" xbr="604.46" ybr="295.71" z_order="0">
    </box>
    <box frame="75" keyframe="0" outside="0" occluded="0" xtl="508.88" ytl="202.36" xbr="604.05" ybr="296.79" z_order="0">
    </box>
    <box frame="76" keyframe="0" outside="0" occluded="0" xtl="508.20" ytl="202.94" xbr="603.63" ybr="297.87" z_order="0">
    </box>
    <box frame="77" keyframe="0" outside="0" occluded="0" xtl="507.51" ytl="203.53" xbr="603.22" ybr="298.95" z_order="0">
    </box>
    <box frame="78" keyframe="0" outside="0" occluded="0" xtl="506.82" ytl="204.12" xbr="602.81" ybr="300.03" z_order="0">
    </box>
    <box frame="79" keyframe="0" outside="0" occluded="0" xtl="506.14" ytl="204.71" xbr="602.40" ybr="301.10" z_order="0">
    </box>
    <box frame="80" keyframe="0" outside="0" occluded="0" xtl="505.45" ytl="205.30" xbr="601.99" ybr="302.18" z_order="0">
    </box>
    <box frame="81" keyframe="0" outside="0" occluded="0" xtl="504.76" ytl="205.89" xbr="601.58" ybr="303.26" z_order="0">
    </box>
    <box frame="82" keyframe="0" outside="0" occluded="0" xtl="504.08" ytl="206.48" xbr="601.17" ybr="304.34" z_order="0">
    </box>
    <box frame="83" keyframe="0" outside="0" occluded="0" xtl="503.39" ytl="207.06" xbr="600.76" ybr="305.42" z_order="0">
    </box>
    <box frame="84" keyframe="0" outside="0" occluded="0" xtl="502.70" ytl="207.65" xbr="600.35" ybr="306.50" z_order="0">
    </box>
    <box frame="85" keyframe="0" outside="0" occluded="0" xtl="502.02" ytl="208.24" xbr="599.94" ybr="307.57" z_order="0">
    </box>
    <box frame="86" keyframe="0" outside="0" occluded="0" xtl="501.33" ytl="208.83" xbr="599.53" ybr="308.65" z_order="0">
    </box>
    <box frame="87" keyframe="0" outside="0" occluded="0" xtl="500.64" ytl="209.42" xbr="599.12" ybr="309.73" z_order="0">
    </box>
    <box frame="88" keyframe="0" outside="0" occluded="0" xtl="499.96" ytl="210.01" xbr="598.70" ybr="310.81" z_order="0">
    </box>
    <box frame="89" keyframe="0" outside="0" occluded="0" xtl="499.27" ytl="210.59" xbr="598.29" ybr="311.89" z_order="0">
    </box>
    <box frame="90" keyframe="0" outside="0" occluded="0" xtl="498.59" ytl="211.18" xbr="597.88" ybr="312.97" z_order="0">
    </box>
    <box frame="91" keyframe="0" outside="0" occluded="0" xtl="497.90" ytl="211.77" xbr="597.47" ybr="314.04" z_order="0">
    </box>
    <box frame="92" keyframe="0" outside="0" occluded="0" xtl="497.21" ytl="212.36" xbr="597.06" ybr="315.12" z_order="0">
    </box>
    <box frame="93" keyframe="0" outside="0" occluded="0" xtl="496.53" ytl="212.95" xbr="596.65" ybr="316.20" z_order="0">
    </box>
    <box frame="94" keyframe="0" outside="0" occluded="0" xtl="495.84" ytl="213.54" xbr="596.24" ybr="317.28" z_order="0">
    </box>
    <box frame="95" keyframe="0" outside="0" occluded="0" xtl="495.15" ytl="214.12" xbr="595.83" ybr="318.36" z_order="0">
    </box>
    <box frame="96" keyframe="0" outside="0" occluded="0" xtl="494.47" ytl="214.71" xbr="595.42" ybr="319.43" z_order="0">
    </box>
    <box frame="97" keyframe="0" outside="0" occluded="0" xtl="493.78" ytl="215.30" xbr="595.01" ybr="320.51" z_order="0">
    </box>
    <box frame="98" keyframe="0" outside="0" occluded="0" xtl="493.09" ytl="215.89" xbr="594.60" ybr="321.59" z_order="0">
    </box>
    <box frame="99" keyframe="0" outside="0" occluded="0" xtl="492.41" ytl="216.48" xbr="594.18" ybr="322.67" z_order="0">
    </box>
    <box frame="100" keyframe="0" outside="0" occluded="0" xtl="491.72" ytl="217.07" xbr="593.77" ybr="323.75" z_order="0">
    </box>
    <box frame="101" keyframe="0" outside="0" occluded="0" xtl="491.03" ytl="217.66" xbr="593.36" ybr="324.83" z_order="0">
    </box>
    <box frame="102" keyframe="0" outside="0" occluded="0" xtl="490.35" ytl="218.24" xbr="592.95" ybr="325.90" z_order="0">
    </box>
    <box frame="103" keyframe="0" outside="0" occluded="0" xtl="489.66" ytl="218.83" xbr="592.54" ybr="326.98" z_order="0">
    </box>
    <box frame="104" keyframe="0" outside="0" occluded="0" xtl="488.97" ytl="219.42" xbr="592.13" ybr="328.06" z_order="0">
    </box>
    <box frame="105" keyframe="0" outside="0" occluded="0" xtl="488.29" ytl="220.01" xbr="591.72" ybr="329.14" z_order="0">
    </box>
    <box frame="106" keyframe="0" outside="0" occluded="0" xtl="487.60" ytl="220.60" xbr="591.31" ybr="330.22" z_order="0">
    </box>
    <box frame="107" keyframe="0" outside="0" occluded="0" xtl="486.91" ytl="221.19" xbr="590.90" ybr="331.30" z_order="0">
    </box>
    <box frame="108" keyframe="0" outside="0" occluded="0" xtl="486.23" ytl="221.77" xbr="590.49" ybr="332.37" z_order="0">
    </box>
    <box frame="109" keyframe="0" outside="0" occluded="0" xtl="485.54" ytl="222.36" xbr="590.08" ybr="333.45" z_order="0">
    </box>
    <box frame="110" keyframe="0" outside="0" occluded="0" xtl="484.86" ytl="222.95" xbr="589.67" ybr="334.53" z_order="0">
    </box>
    <box frame="111" keyframe="0" outside="0" occluded="0" xtl="484.17" ytl="223.54" xbr="589.25" ybr="335.61" z_order="0">
    </box>
    <box frame="112" keyframe="0" outside="0" occluded="0" xtl="483.48" ytl="224.13" xbr="588.84" ybr="336.69" z_order="0">
    </box>
    <box frame="113" keyframe="0" outside="0" occluded="0" xtl="482.80" ytl="224.72" xbr="588.43" ybr="337.77" z_order="0">
    </box>
    <box frame="114" keyframe="0" outside="0" occluded="0" xtl="482.11" ytl="225.30" xbr="588.02" ybr="338.84" z_order="0">
    </box>
    <box frame="115" keyframe="0" outside="0" occluded="0" xtl="481.42" ytl="225.89" xbr="587.61" ybr="339.92" z_order="0">
    </box>
    <box frame="116" keyframe="1" outside="0" occluded="0" xtl="480.74" ytl="226.48" xbr="587.20" ybr="341.00" z_order="0">
    </box>
    <box frame="117" keyframe="0" outside="0" occluded="0" xtl="480.00" ytl="227.54" xbr="587.30" ybr="342.68" z_order="0">
    </box>
    <box frame="118" keyframe="0" outside="0" occluded="0" xtl="479.25" ytl="228.61" xbr="587.39" ybr="344.35" z_order="0">
    </box>
    <box frame="119" keyframe="0" outside="0" occluded="0" xtl="478.51" ytl="229.67" xbr="587.49" ybr="346.03" z_order="0">
    </box>
    <box frame="120" keyframe="0" outside="0" occluded="0" xtl="477.77" ytl="230.73" xbr="587.59" ybr="347.70" z_order="0">
    </box>
    <box frame="121" keyframe="0" outside="0" occluded="0" xtl="477.03" ytl="231.80" xbr="587.68" ybr="349.38" z_order="0">
    </box>
    <box frame="122" keyframe="0" outside="0" occluded="0" xtl="476.29" ytl="232.86" xbr="587.78" ybr="351.05" z_order="0">
    </box>
    <box frame="123" keyframe="0" outside="0" occluded="0" xtl="475.55" ytl="233.93" xbr="587.88" ybr="352.73" z_order="0">
    </box>
    <box frame="124" keyframe="0" outside="0" occluded="0" xtl="474.81" ytl="234.99" xbr="587.97" ybr="354.40" z_order="0">
    </box>
    <box frame="125" keyframe="0" outside="0" occluded="0" xtl="474.07" ytl="236.05" xbr="588.07" ybr="356.08" z_order="0">
    </box>
    <box frame="126" keyframe="0" outside="0" occluded="0" xtl="473.32" ytl="237.12" xbr="588.16" ybr="357.75" z_order="0">
    </box>
    <box frame="127" keyframe="0" outside="0" occluded="0" xtl="472.58" ytl="238.18" xbr="588.26" ybr="359.43" z_order="0">
    </box>
    <box frame="128" keyframe="0" outside="0" occluded="0" xtl="471.84" ytl="239.24" xbr="588.36" ybr="361.10" z_order="0">
    </box>
    <box frame="129" keyframe="0" outside="0" occluded="0" xtl="471.10" ytl="240.31" xbr="588.45" ybr="362.78" z_order="0">
    </box>
    <box frame="130" keyframe="0" outside="0" occluded="0" xtl="470.36" ytl="241.37" xbr="588.55" ybr="364.45" z_order="0">
    </box>
    <box frame="131" keyframe="0" outside="0" occluded="0" xtl="469.62" ytl="242.43" xbr="588.65" ybr="366.13" z_order="0">
    </box>
    <box frame="132" keyframe="0" outside="0" occluded="0" xtl="468.88" ytl="243.50" xbr="588.74" ybr="367.80" z_order="0">
    </box>
    <box frame="133" keyframe="0" outside="0" occluded="0" xtl="468.14" ytl="244.56" xbr="588.84" ybr="369.48" z_order="0">
    </box>
    <box frame="134" keyframe="0" outside="0" occluded="0" xtl="467.40" ytl="245.62" xbr="588.94" ybr="371.15" z_order="0">
    </box>
    <box frame="135" keyframe="0" outside="0" occluded="0" xtl="466.65" ytl="246.69" xbr="589.03" ybr="372.83" z_order="0">
    </box>
    <box frame="136" keyframe="0" outside="0" occluded="0" xtl="465.91" ytl="247.75" xbr="589.13" ybr="374.50" z_order="0">
    </box>
    <box frame="137" keyframe="0" outside="0" occluded="0" xtl="465.17" ytl="248.81" xbr="589.23" ybr="376.18" z_order="0">
    </box>
    <box frame="138" keyframe="0" outside="0" occluded="0" xtl="464.43" ytl="249.88" xbr="589.32" ybr="377.85" z_order="0">
    </box>
    <box frame="139" keyframe="0" outside="0" occluded="0" xtl="463.69" ytl="250.94" xbr="589.42" ybr="379.53" z_order="0">
    </box>
    <box frame="140" keyframe="0" outside="0" occluded="0" xtl="462.95" ytl="252.00" xbr="589.51" ybr="381.20" z_order="0">
    </box>
    <box frame="141" keyframe="0" outside="0" occluded="0" xtl="462.21" ytl="253.07" xbr="589.61" ybr="382.88" z_order="0">
    </box>
    <box frame="142" keyframe="0" outside="0" occluded="0" xtl="461.47" ytl="254.13" xbr="589.71" ybr="384.55" z_order="0">
    </box>
    <box frame="143" keyframe="0" outside="0" occluded="0" xtl="460.73" ytl="255.19" xbr="589.80" ybr="386.23" z_order="0">
    </box>
    <box frame="144" keyframe="1" outside="0" occluded="0" xtl="459.98" ytl="256.26" xbr="589.90" ybr="387.90" z_order="0">
    </box>
    <box frame="145" keyframe="0" outside="0" occluded="0" xtl="459.08" ytl="257.61" xbr="589.00" ybr="389.25" z_order="0">
    </box>
    <box frame="146" keyframe="0" outside="0" occluded="0" xtl="458.18" ytl="258.96" xbr="588.10" ybr="390.61" z_order="0">
    </box>
    <box frame="147" keyframe="0" outside="0" occluded="0" xtl="457.28" ytl="260.32" xbr="587.19" ybr="391.96" z_order="0">
    </box>
    <box frame="148" keyframe="0" outside="0" occluded="0" xtl="456.38" ytl="261.67" xbr="586.29" ybr="393.31" z_order="0">
    </box>
    <box frame="149" keyframe="0" outside="0" occluded="0" xtl="455.47" ytl="263.02" xbr="585.39" ybr="394.67" z_order="0">
    </box>
    <box frame="150" keyframe="0" outside="0" occluded="0" xtl="454.57" ytl="264.38" xbr="584.49" ybr="396.02" z_order="0">
    </box>
    <box frame="151" keyframe="0" outside="0" occluded="0" xtl="453.67" ytl="265.73" xbr="583.58" ybr="397.37" z_order="0">
    </box>
    <box frame="152" keyframe="1" outside="0" occluded="0" xtl="452.77" ytl="267.08" xbr="582.68" ybr="398.73" z_order="0">
    </box>
  </track>
</annotations>
