<?xml version="1.0" encoding="utf-8"?>
<annotations>
  <version>1.1</version>
  <meta>
    <task>
      <id>19</id>
      <name>002</name>
      <size>357</size>
      <mode>interpolation</mode>
      <overlap>5</overlap>
      <bugtracker></bugtracker>
      <created>2023-05-25 10:26:19.488828+00:00</created>
      <updated>2023-05-25 16:45:38.278848+00:00</updated>
      <subset>default</subset>
      <start_frame>0</start_frame>
      <stop_frame>356</stop_frame>
      <frame_filter></frame_filter>
      <segments>
        <segment>
          <id>18</id>
          <start>0</start>
          <stop>356</stop>
          <url>http://localhost:8080/api/jobs/18</url>
        </segment>
      </segments>
      <owner>
        <username>django</username>
        <email></email>
      </owner>
      <assignee></assignee>
      <labels>
        <label>
          <name>objects</name>
          <color>#db5b78</color>
          <type>any</type>
          <attributes>
          </attributes>
        </label>
      </labels>
      <original_size>
        <width>1280</width>
        <height>720</height>
      </original_size>
      <source>test4.mp4</source>
    </task>
    <dumped>2023-05-25 16:46:32.557744+00:00</dumped>
  </meta>
  <track id="0" label="objects" source="manual">
    <box frame="0" keyframe="1" outside="0" occluded="0" xtl="0.00" ytl="239.11" xbr="319.20" ybr="613.55" z_order="0">
    </box>
    <box frame="1" keyframe="0" outside="0" occluded="0" xtl="0.00" ytl="238.86" xbr="322.03" ybr="613.70" z_order="0">
    </box>
    <box frame="2" keyframe="0" outside="0" occluded="0" xtl="0.00" ytl="238.60" xbr="324.86" ybr="613.86" z_order="0">
    </box>
    <box frame="3" keyframe="0" outside="0" occluded="0" xtl="0.00" ytl="238.35" xbr="327.69" ybr="614.01" z_order="0">
    </box>
    <box frame="4" keyframe="0" outside="0" occluded="0" xtl="0.00" ytl="238.10" xbr="330.52" ybr="614.16" z_order="0">
    </box>
    <box frame="5" keyframe="0" outside="0" occluded="0" xtl="0.00" ytl="237.84" xbr="333.36" ybr="614.32" z_order="0">
    </box>
    <box frame="6" keyframe="0" outside="0" occluded="0" xtl="0.00" ytl="237.59" xbr="336.19" ybr="614.47" z_order="0">
    </box>
    <box frame="7" keyframe="0" outside="0" occluded="0" xtl="0.00" ytl="237.34" xbr="339.02" ybr="614.62" z_order="0">
    </box>
    <box frame="8" keyframe="0" outside="0" occluded="0" xtl="0.00" ytl="237.08" xbr="341.85" ybr="614.78" z_order="0">
    </box>
    <box frame="9" keyframe="0" outside="0" occluded="0" xtl="0.00" ytl="236.83" xbr="344.68" ybr="614.93" z_order="0">
    </box>
    <box frame="10" keyframe="0" outside="0" occluded="0" xtl="0.00" ytl="236.57" xbr="347.51" ybr="615.08" z_order="0">
    </box>
    <box frame="11" keyframe="0" outside="0" occluded="0" xtl="0.00" ytl="236.32" xbr="350.34" ybr="615.24" z_order="0">
    </box>
    <box frame="12" keyframe="0" outside="0" occluded="0" xtl="0.00" ytl="236.07" xbr="353.17" ybr="615.39" z_order="0">
    </box>
    <box frame="13" keyframe="0" outside="0" occluded="0" xtl="0.00" ytl="235.81" xbr="356.00" ybr="615.54" z_order="0">
    </box>
    <box frame="14" keyframe="0" outside="0" occluded="0" xtl="0.00" ytl="235.56" xbr="358.84" ybr="615.70" z_order="0">
    </box>
    <box frame="15" keyframe="0" outside="0" occluded="0" xtl="0.00" ytl="235.31" xbr="361.67" ybr="615.85" z_order="0">
    </box>
    <box frame="16" keyframe="0" outside="0" occluded="0" xtl="0.00" ytl="235.05" xbr="364.50" ybr="616.00" z_order="0">
    </box>
    <box frame="17" keyframe="0" outside="0" occluded="0" xtl="0.00" ytl="234.80" xbr="367.33" ybr="616.16" z_order="0">
    </box>
    <box frame="18" keyframe="0" outside="0" occluded="0" xtl="0.00" ytl="234.54" xbr="370.16" ybr="616.31" z_order="0">
    </box>
    <box frame="19" keyframe="0" outside="0" occluded="0" xtl="0.00" ytl="234.29" xbr="372.99" ybr="616.47" z_order="0">
    </box>
    <box frame="20" keyframe="0" outside="0" occluded="0" xtl="0.00" ytl="234.04" xbr="375.82" ybr="616.62" z_order="0">
    </box>
    <box frame="21" keyframe="0" outside="0" occluded="0" xtl="0.00" ytl="233.78" xbr="378.65" ybr="616.77" z_order="0">
    </box>
    <box frame="22" keyframe="0" outside="0" occluded="0" xtl="0.00" ytl="233.53" xbr="381.49" ybr="616.93" z_order="0">
    </box>
    <box frame="23" keyframe="0" outside="0" occluded="0" xtl="0.00" ytl="233.28" xbr="384.32" ybr="617.08" z_order="0">
    </box>
    <box frame="24" keyframe="0" outside="0" occluded="0" xtl="0.00" ytl="233.02" xbr="387.15" ybr="617.23" z_order="0">
    </box>
    <box frame="25" keyframe="0" outside="0" occluded="0" xtl="0.00" ytl="232.77" xbr="389.98" ybr="617.39" z_order="0">
    </box>
    <box frame="26" keyframe="0" outside="0" occluded="0" xtl="0.00" ytl="232.51" xbr="392.81" ybr="617.54" z_order="0">
    </box>
    <box frame="27" keyframe="0" outside="0" occluded="0" xtl="0.00" ytl="232.26" xbr="395.64" ybr="617.69" z_order="0">
    </box>
    <box frame="28" keyframe="0" outside="0" occluded="0" xtl="0.00" ytl="232.01" xbr="398.47" ybr="617.85" z_order="0">
    </box>
    <box frame="29" keyframe="0" outside="0" occluded="0" xtl="0.00" ytl="231.75" xbr="401.30" ybr="618.00" z_order="0">
    </box>
    <box frame="30" keyframe="0" outside="0" occluded="0" xtl="0.00" ytl="231.50" xbr="404.13" ybr="618.15" z_order="0">
    </box>
    <box frame="31" keyframe="0" outside="0" occluded="0" xtl="0.00" ytl="231.24" xbr="406.97" ybr="618.31" z_order="0">
    </box>
    <box frame="32" keyframe="0" outside="0" occluded="0" xtl="0.00" ytl="230.99" xbr="409.80" ybr="618.46" z_order="0">
    </box>
    <box frame="33" keyframe="0" outside="0" occluded="0" xtl="0.00" ytl="230.74" xbr="412.63" ybr="618.61" z_order="0">
    </box>
    <box frame="34" keyframe="0" outside="0" occluded="0" xtl="0.00" ytl="230.48" xbr="415.46" ybr="618.77" z_order="0">
    </box>
    <box frame="35" keyframe="0" outside="0" occluded="0" xtl="0.00" ytl="230.23" xbr="418.29" ybr="618.92" z_order="0">
    </box>
    <box frame="36" keyframe="0" outside="0" occluded="0" xtl="0.00" ytl="229.98" xbr="421.12" ybr="619.08" z_order="0">
    </box>
    <box frame="37" keyframe="0" outside="0" occluded="0" xtl="0.00" ytl="229.72" xbr="423.95" ybr="619.23" z_order="0">
    </box>
    <box frame="38" keyframe="0" outside="0" occluded="0" xtl="0.00" ytl="229.47" xbr="426.78" ybr="619.38" z_order="0">
    </box>
    <box frame="39" keyframe="0" outside="0" occluded="0" xtl="0.00" ytl="229.21" xbr="429.61" ybr="619.54" z_order="0">
    </box>
    <box frame="40" keyframe="0" outside="0" occluded="0" xtl="0.00" ytl="228.96" xbr="432.45" ybr="619.69" z_order="0">
    </box>
    <box frame="41" keyframe="0" outside="0" occluded="0" xtl="0.00" ytl="228.71" xbr="435.28" ybr="619.84" z_order="0">
    </box>
    <box frame="42" keyframe="0" outside="0" occluded="0" xtl="0.00" ytl="228.45" xbr="438.11" ybr="620.00" z_order="0">
    </box>
    <box frame="43" keyframe="0" outside="0" occluded="0" xtl="0.00" ytl="228.20" xbr="440.94" ybr="620.15" z_order="0">
    </box>
    <box frame="44" keyframe="0" outside="0" occluded="0" xtl="0.00" ytl="227.95" xbr="443.77" ybr="620.30" z_order="0">
    </box>
    <box frame="45" keyframe="0" outside="0" occluded="0" xtl="0.00" ytl="227.69" xbr="446.60" ybr="620.46" z_order="0">
    </box>
    <box frame="46" keyframe="0" outside="0" occluded="0" xtl="0.00" ytl="227.44" xbr="449.43" ybr="620.61" z_order="0">
    </box>
    <box frame="47" keyframe="0" outside="0" occluded="0" xtl="0.00" ytl="227.18" xbr="452.26" ybr="620.76" z_order="0">
    </box>
    <box frame="48" keyframe="0" outside="0" occluded="0" xtl="0.00" ytl="226.93" xbr="455.09" ybr="620.92" z_order="0">
    </box>
    <box frame="49" keyframe="0" outside="0" occluded="0" xtl="0.00" ytl="226.68" xbr="457.93" ybr="621.07" z_order="0">
    </box>
    <box frame="50" keyframe="0" outside="0" occluded="0" xtl="0.00" ytl="226.42" xbr="460.76" ybr="621.22" z_order="0">
    </box>
    <box frame="51" keyframe="0" outside="0" occluded="0" xtl="0.00" ytl="226.17" xbr="463.59" ybr="621.38" z_order="0">
    </box>
    <box frame="52" keyframe="0" outside="0" occluded="0" xtl="0.00" ytl="225.92" xbr="466.42" ybr="621.53" z_order="0">
    </box>
    <box frame="53" keyframe="0" outside="0" occluded="0" xtl="0.00" ytl="225.66" xbr="469.25" ybr="621.68" z_order="0">
    </box>
    <box frame="54" keyframe="0" outside="0" occluded="0" xtl="0.00" ytl="225.41" xbr="472.08" ybr="621.84" z_order="0">
    </box>
    <box frame="55" keyframe="0" outside="0" occluded="0" xtl="0.00" ytl="225.15" xbr="474.91" ybr="621.99" z_order="0">
    </box>
    <box frame="56" keyframe="0" outside="0" occluded="0" xtl="0.00" ytl="224.90" xbr="477.74" ybr="622.15" z_order="0">
    </box>
    <box frame="57" keyframe="1" outside="0" occluded="0" xtl="0.00" ytl="224.65" xbr="480.58" ybr="622.30" z_order="0">
    </box>
    <box frame="58" keyframe="0" outside="0" occluded="0" xtl="0.00" ytl="224.60" xbr="485.56" ybr="622.66" z_order="0">
    </box>
    <box frame="59" keyframe="0" outside="0" occluded="0" xtl="0.00" ytl="224.55" xbr="490.54" ybr="623.02" z_order="0">
    </box>
    <box frame="60" keyframe="0" outside="0" occluded="0" xtl="0.00" ytl="224.51" xbr="495.52" ybr="623.38" z_order="0">
    </box>
    <box frame="61" keyframe="0" outside="0" occluded="0" xtl="0.00" ytl="224.46" xbr="500.50" ybr="623.74" z_order="0">
    </box>
    <box frame="62" keyframe="0" outside="0" occluded="0" xtl="0.00" ytl="224.41" xbr="505.48" ybr="624.10" z_order="0">
    </box>
    <box frame="63" keyframe="0" outside="0" occluded="0" xtl="0.00" ytl="224.36" xbr="510.46" ybr="624.46" z_order="0">
    </box>
    <box frame="64" keyframe="0" outside="0" occluded="0" xtl="0.00" ytl="224.32" xbr="515.44" ybr="624.82" z_order="0">
    </box>
    <box frame="65" keyframe="0" outside="0" occluded="0" xtl="0.00" ytl="224.27" xbr="520.42" ybr="625.18" z_order="0">
    </box>
    <box frame="66" keyframe="0" outside="0" occluded="0" xtl="0.00" ytl="224.22" xbr="525.40" ybr="625.54" z_order="0">
    </box>
    <box frame="67" keyframe="0" outside="0" occluded="0" xtl="0.00" ytl="224.17" xbr="530.38" ybr="625.90" z_order="0">
    </box>
    <box frame="68" keyframe="0" outside="0" occluded="0" xtl="0.00" ytl="224.13" xbr="535.36" ybr="626.26" z_order="0">
    </box>
    <box frame="69" keyframe="0" outside="0" occluded="0" xtl="0.00" ytl="224.08" xbr="540.34" ybr="626.62" z_order="0">
    </box>
    <box frame="70" keyframe="0" outside="0" occluded="0" xtl="0.00" ytl="224.03" xbr="545.32" ybr="626.98" z_order="0">
    </box>
    <box frame="71" keyframe="0" outside="0" occluded="0" xtl="0.00" ytl="223.99" xbr="550.30" ybr="627.34" z_order="0">
    </box>
    <box frame="72" keyframe="0" outside="0" occluded="0" xtl="0.00" ytl="223.94" xbr="555.28" ybr="627.70" z_order="0">
    </box>
    <box frame="73" keyframe="0" outside="0" occluded="0" xtl="0.00" ytl="223.89" xbr="560.26" ybr="628.06" z_order="0">
    </box>
    <box frame="74" keyframe="0" outside="0" occluded="0" xtl="0.00" ytl="223.84" xbr="565.24" ybr="628.42" z_order="0">
    </box>
    <box frame="75" keyframe="0" outside="0" occluded="0" xtl="0.00" ytl="223.80" xbr="570.23" ybr="628.78" z_order="0">
    </box>
    <box frame="76" keyframe="0" outside="0" occluded="0" xtl="0.00" ytl="223.75" xbr="575.21" ybr="629.14" z_order="0">
    </box>
    <box frame="77" keyframe="0" outside="0" occluded="0" xtl="0.00" ytl="223.70" xbr="580.19" ybr="629.50" z_order="0">
    </box>
    <box frame="78" keyframe="0" outside="0" occluded="0" xtl="0.00" ytl="223.66" xbr="585.17" ybr="629.86" z_order="0">
    </box>
    <box frame="79" keyframe="0" outside="0" occluded="0" xtl="0.00" ytl="223.61" xbr="590.15" ybr="630.22" z_order="0">
    </box>
    <box frame="80" keyframe="0" outside="0" occluded="0" xtl="0.00" ytl="223.56" xbr="595.13" ybr="630.58" z_order="0">
    </box>
    <box frame="81" keyframe="0" outside="0" occluded="0" xtl="0.00" ytl="223.51" xbr="600.11" ybr="630.94" z_order="0">
    </box>
    <box frame="82" keyframe="0" outside="0" occluded="0" xtl="0.00" ytl="223.47" xbr="605.09" ybr="631.30" z_order="0">
    </box>
    <box frame="83" keyframe="0" outside="0" occluded="0" xtl="0.00" ytl="223.42" xbr="610.07" ybr="631.66" z_order="0">
    </box>
    <box frame="84" keyframe="0" outside="0" occluded="0" xtl="0.00" ytl="223.37" xbr="615.05" ybr="632.02" z_order="0">
    </box>
    <box frame="85" keyframe="0" outside="0" occluded="0" xtl="0.00" ytl="223.33" xbr="620.03" ybr="632.38" z_order="0">
    </box>
    <box frame="86" keyframe="0" outside="0" occluded="0" xtl="0.00" ytl="223.28" xbr="625.01" ybr="632.74" z_order="0">
    </box>
    <box frame="87" keyframe="0" outside="0" occluded="0" xtl="0.00" ytl="223.23" xbr="629.99" ybr="633.10" z_order="0">
    </box>
    <box frame="88" keyframe="0" outside="0" occluded="0" xtl="0.00" ytl="223.18" xbr="634.97" ybr="633.46" z_order="0">
    </box>
    <box frame="89" keyframe="0" outside="0" occluded="0" xtl="0.00" ytl="223.14" xbr="639.95" ybr="633.82" z_order="0">
    </box>
    <box frame="90" keyframe="0" outside="0" occluded="0" xtl="0.00" ytl="223.09" xbr="644.93" ybr="634.18" z_order="0">
    </box>
    <box frame="91" keyframe="0" outside="0" occluded="0" xtl="0.00" ytl="223.04" xbr="649.91" ybr="634.54" z_order="0">
    </box>
    <box frame="92" keyframe="0" outside="0" occluded="0" xtl="0.00" ytl="223.00" xbr="654.89" ybr="634.90" z_order="0">
    </box>
    <box frame="93" keyframe="0" outside="0" occluded="0" xtl="0.00" ytl="222.95" xbr="659.88" ybr="635.26" z_order="0">
    </box>
    <box frame="94" keyframe="0" outside="0" occluded="0" xtl="0.00" ytl="222.90" xbr="664.86" ybr="635.62" z_order="0">
    </box>
    <box frame="95" keyframe="0" outside="0" occluded="0" xtl="0.00" ytl="222.85" xbr="669.84" ybr="635.98" z_order="0">
    </box>
    <box frame="96" keyframe="0" outside="0" occluded="0" xtl="0.00" ytl="222.81" xbr="674.82" ybr="636.34" z_order="0">
    </box>
    <box frame="97" keyframe="0" outside="0" occluded="0" xtl="0.00" ytl="222.76" xbr="679.80" ybr="636.70" z_order="0">
    </box>
    <box frame="98" keyframe="0" outside="0" occluded="0" xtl="0.00" ytl="222.71" xbr="684.78" ybr="637.07" z_order="0">
    </box>
    <box frame="99" keyframe="0" outside="0" occluded="0" xtl="0.00" ytl="222.67" xbr="689.76" ybr="637.43" z_order="0">
    </box>
    <box frame="100" keyframe="0" outside="0" occluded="0" xtl="0.00" ytl="222.62" xbr="694.74" ybr="637.79" z_order="0">
    </box>
    <box frame="101" keyframe="0" outside="0" occluded="0" xtl="0.00" ytl="222.57" xbr="699.72" ybr="638.15" z_order="0">
    </box>
    <box frame="102" keyframe="1" outside="0" occluded="0" xtl="0.00" ytl="222.52" xbr="704.70" ybr="638.51" z_order="0">
    </box>
    <box frame="103" keyframe="0" outside="0" occluded="0" xtl="2.50" ytl="222.29" xbr="710.72" ybr="638.68" z_order="0">
    </box>
    <box frame="104" keyframe="0" outside="0" occluded="0" xtl="5.00" ytl="222.06" xbr="716.74" ybr="638.86" z_order="0">
    </box>
    <box frame="105" keyframe="0" outside="0" occluded="0" xtl="7.51" ytl="221.83" xbr="722.75" ybr="639.04" z_order="0">
    </box>
    <box frame="106" keyframe="0" outside="0" occluded="0" xtl="10.01" ytl="221.60" xbr="728.77" ybr="639.21" z_order="0">
    </box>
    <box frame="107" keyframe="0" outside="0" occluded="0" xtl="12.51" ytl="221.37" xbr="734.79" ybr="639.39" z_order="0">
    </box>
    <box frame="108" keyframe="0" outside="0" occluded="0" xtl="15.01" ytl="221.14" xbr="740.81" ybr="639.57" z_order="0">
    </box>
    <box frame="109" keyframe="0" outside="0" occluded="0" xtl="17.51" ytl="220.91" xbr="746.83" ybr="639.74" z_order="0">
    </box>
    <box frame="110" keyframe="0" outside="0" occluded="0" xtl="20.01" ytl="220.68" xbr="752.85" ybr="639.92" z_order="0">
    </box>
    <box frame="111" keyframe="0" outside="0" occluded="0" xtl="22.52" ytl="220.45" xbr="758.86" ybr="640.10" z_order="0">
    </box>
    <box frame="112" keyframe="0" outside="0" occluded="0" xtl="25.02" ytl="220.22" xbr="764.88" ybr="640.28" z_order="0">
    </box>
    <box frame="113" keyframe="0" outside="0" occluded="0" xtl="27.52" ytl="219.99" xbr="770.90" ybr="640.45" z_order="0">
    </box>
    <box frame="114" keyframe="0" outside="0" occluded="0" xtl="30.02" ytl="219.76" xbr="776.92" ybr="640.63" z_order="0">
    </box>
    <box frame="115" keyframe="0" outside="0" occluded="0" xtl="32.52" ytl="219.53" xbr="782.94" ybr="640.81" z_order="0">
    </box>
    <box frame="116" keyframe="0" outside="0" occluded="0" xtl="35.02" ytl="219.30" xbr="788.95" ybr="640.98" z_order="0">
    </box>
    <box frame="117" keyframe="0" outside="0" occluded="0" xtl="37.53" ytl="219.07" xbr="794.97" ybr="641.16" z_order="0">
    </box>
    <box frame="118" keyframe="0" outside="0" occluded="0" xtl="40.03" ytl="218.84" xbr="800.99" ybr="641.34" z_order="0">
    </box>
    <box frame="119" keyframe="0" outside="0" occluded="0" xtl="42.53" ytl="218.61" xbr="807.01" ybr="641.51" z_order="0">
    </box>
    <box frame="120" keyframe="0" outside="0" occluded="0" xtl="45.03" ytl="218.38" xbr="813.03" ybr="641.69" z_order="0">
    </box>
    <box frame="121" keyframe="0" outside="0" occluded="0" xtl="47.53" ytl="218.15" xbr="819.05" ybr="641.87" z_order="0">
    </box>
    <box frame="122" keyframe="0" outside="0" occluded="0" xtl="50.03" ytl="217.92" xbr="825.06" ybr="642.05" z_order="0">
    </box>
    <box frame="123" keyframe="0" outside="0" occluded="0" xtl="52.54" ytl="217.69" xbr="831.08" ybr="642.22" z_order="0">
    </box>
    <box frame="124" keyframe="1" outside="0" occluded="0" xtl="55.04" ytl="217.46" xbr="837.10" ybr="642.40" z_order="0">
    </box>
    <box frame="125" keyframe="0" outside="0" occluded="0" xtl="59.26" ytl="216.77" xbr="841.79" ybr="642.79" z_order="0">
    </box>
    <box frame="126" keyframe="0" outside="0" occluded="0" xtl="63.49" ytl="216.08" xbr="846.48" ybr="643.17" z_order="0">
    </box>
    <box frame="127" keyframe="0" outside="0" occluded="0" xtl="67.71" ytl="215.39" xbr="851.17" ybr="643.56" z_order="0">
    </box>
    <box frame="128" keyframe="0" outside="0" occluded="0" xtl="71.94" ytl="214.70" xbr="855.86" ybr="643.95" z_order="0">
    </box>
    <box frame="129" keyframe="0" outside="0" occluded="0" xtl="76.17" ytl="214.01" xbr="860.55" ybr="644.33" z_order="0">
    </box>
    <box frame="130" keyframe="0" outside="0" occluded="0" xtl="80.39" ytl="213.32" xbr="865.25" ybr="644.72" z_order="0">
    </box>
    <box frame="131" keyframe="0" outside="0" occluded="0" xtl="84.62" ytl="212.63" xbr="869.94" ybr="645.11" z_order="0">
    </box>
    <box frame="132" keyframe="0" outside="0" occluded="0" xtl="88.84" ytl="211.94" xbr="874.63" ybr="645.49" z_order="0">
    </box>
    <box frame="133" keyframe="0" outside="0" occluded="0" xtl="93.07" ytl="211.25" xbr="879.32" ybr="645.88" z_order="0">
    </box>
    <box frame="134" keyframe="0" outside="0" occluded="0" xtl="97.29" ytl="210.56" xbr="884.01" ybr="646.27" z_order="0">
    </box>
    <box frame="135" keyframe="0" outside="0" occluded="0" xtl="101.52" ytl="209.87" xbr="888.70" ybr="646.65" z_order="0">
    </box>
    <box frame="136" keyframe="0" outside="0" occluded="0" xtl="105.75" ytl="209.18" xbr="893.39" ybr="647.04" z_order="0">
    </box>
    <box frame="137" keyframe="0" outside="0" occluded="0" xtl="109.97" ytl="208.49" xbr="898.08" ybr="647.43" z_order="0">
    </box>
    <box frame="138" keyframe="0" outside="0" occluded="0" xtl="114.20" ytl="207.80" xbr="902.77" ybr="647.81" z_order="0">
    </box>
    <box frame="139" keyframe="0" outside="0" occluded="0" xtl="118.42" ytl="207.11" xbr="907.46" ybr="648.20" z_order="0">
    </box>
    <box frame="140" keyframe="0" outside="0" occluded="0" xtl="122.65" ytl="206.42" xbr="912.15" ybr="648.59" z_order="0">
    </box>
    <box frame="141" keyframe="0" outside="0" occluded="0" xtl="126.87" ytl="205.73" xbr="916.85" ybr="648.97" z_order="0">
    </box>
    <box frame="142" keyframe="0" outside="0" occluded="0" xtl="131.10" ytl="205.04" xbr="921.54" ybr="649.36" z_order="0">
    </box>
    <box frame="143" keyframe="0" outside="0" occluded="0" xtl="135.33" ytl="204.35" xbr="926.23" ybr="649.75" z_order="0">
    </box>
    <box frame="144" keyframe="0" outside="0" occluded="0" xtl="139.55" ytl="203.66" xbr="930.92" ybr="650.13" z_order="0">
    </box>
    <box frame="145" keyframe="0" outside="0" occluded="0" xtl="143.78" ytl="202.97" xbr="935.61" ybr="650.52" z_order="0">
    </box>
    <box frame="146" keyframe="0" outside="0" occluded="0" xtl="148.00" ytl="202.28" xbr="940.30" ybr="650.90" z_order="0">
    </box>
    <box frame="147" keyframe="0" outside="0" occluded="0" xtl="152.23" ytl="201.59" xbr="944.99" ybr="651.29" z_order="0">
    </box>
    <box frame="148" keyframe="0" outside="0" occluded="0" xtl="156.45" ytl="200.90" xbr="949.68" ybr="651.68" z_order="0">
    </box>
    <box frame="149" keyframe="0" outside="0" occluded="0" xtl="160.68" ytl="200.21" xbr="954.37" ybr="652.06" z_order="0">
    </box>
    <box frame="150" keyframe="0" outside="0" occluded="0" xtl="164.91" ytl="199.52" xbr="959.06" ybr="652.45" z_order="0">
    </box>
    <box frame="151" keyframe="0" outside="0" occluded="0" xtl="169.13" ytl="198.83" xbr="963.75" ybr="652.84" z_order="0">
    </box>
    <box frame="152" keyframe="0" outside="0" occluded="0" xtl="173.36" ytl="198.14" xbr="968.45" ybr="653.22" z_order="0">
    </box>
    <box frame="153" keyframe="0" outside="0" occluded="0" xtl="177.58" ytl="197.45" xbr="973.14" ybr="653.61" z_order="0">
    </box>
    <box frame="154" keyframe="0" outside="0" occluded="0" xtl="181.81" ytl="196.76" xbr="977.83" ybr="654.00" z_order="0">
    </box>
    <box frame="155" keyframe="0" outside="0" occluded="0" xtl="186.03" ytl="196.07" xbr="982.52" ybr="654.38" z_order="0">
    </box>
    <box frame="156" keyframe="0" outside="0" occluded="0" xtl="190.26" ytl="195.38" xbr="987.21" ybr="654.77" z_order="0">
    </box>
    <box frame="157" keyframe="0" outside="0" occluded="0" xtl="194.49" ytl="194.69" xbr="991.90" ybr="655.16" z_order="0">
    </box>
    <box frame="158" keyframe="0" outside="0" occluded="0" xtl="198.71" ytl="194.00" xbr="996.59" ybr="655.54" z_order="0">
    </box>
    <box frame="159" keyframe="0" outside="0" occluded="0" xtl="202.94" ytl="193.31" xbr="1001.28" ybr="655.93" z_order="0">
    </box>
    <box frame="160" keyframe="0" outside="0" occluded="0" xtl="207.16" ytl="192.62" xbr="1005.97" ybr="656.32" z_order="0">
    </box>
    <box frame="161" keyframe="0" outside="0" occluded="0" xtl="211.39" ytl="191.93" xbr="1010.66" ybr="656.70" z_order="0">
    </box>
    <box frame="162" keyframe="0" outside="0" occluded="0" xtl="215.61" ytl="191.24" xbr="1015.35" ybr="657.09" z_order="0">
    </box>
    <box frame="163" keyframe="0" outside="0" occluded="0" xtl="219.84" ytl="190.55" xbr="1020.05" ybr="657.48" z_order="0">
    </box>
    <box frame="164" keyframe="0" outside="0" occluded="0" xtl="224.07" ytl="189.86" xbr="1024.74" ybr="657.86" z_order="0">
    </box>
    <box frame="165" keyframe="0" outside="0" occluded="0" xtl="228.29" ytl="189.17" xbr="1029.43" ybr="658.25" z_order="0">
    </box>
    <box frame="166" keyframe="0" outside="0" occluded="0" xtl="232.52" ytl="188.48" xbr="1034.12" ybr="658.64" z_order="0">
    </box>
    <box frame="167" keyframe="0" outside="0" occluded="0" xtl="236.74" ytl="187.79" xbr="1038.81" ybr="659.02" z_order="0">
    </box>
    <box frame="168" keyframe="0" outside="0" occluded="0" xtl="240.97" ytl="187.10" xbr="1043.50" ybr="659.41" z_order="0">
    </box>
    <box frame="169" keyframe="0" outside="0" occluded="0" xtl="245.19" ytl="186.41" xbr="1048.19" ybr="659.80" z_order="0">
    </box>
    <box frame="170" keyframe="0" outside="0" occluded="0" xtl="249.42" ytl="185.72" xbr="1052.88" ybr="660.18" z_order="0">
    </box>
    <box frame="171" keyframe="0" outside="0" occluded="0" xtl="253.65" ytl="185.03" xbr="1057.57" ybr="660.57" z_order="0">
    </box>
    <box frame="172" keyframe="0" outside="0" occluded="0" xtl="257.87" ytl="184.34" xbr="1062.26" ybr="660.96" z_order="0">
    </box>
    <box frame="173" keyframe="0" outside="0" occluded="0" xtl="262.10" ytl="183.65" xbr="1066.95" ybr="661.34" z_order="0">
    </box>
    <box frame="174" keyframe="0" outside="0" occluded="0" xtl="266.32" ytl="182.96" xbr="1071.64" ybr="661.73" z_order="0">
    </box>
    <box frame="175" keyframe="0" outside="0" occluded="0" xtl="270.55" ytl="182.27" xbr="1076.34" ybr="662.12" z_order="0">
    </box>
    <box frame="176" keyframe="0" outside="0" occluded="0" xtl="274.77" ytl="181.58" xbr="1081.03" ybr="662.50" z_order="0">
    </box>
    <box frame="177" keyframe="0" outside="0" occluded="0" xtl="279.00" ytl="180.89" xbr="1085.72" ybr="662.89" z_order="0">
    </box>
    <box frame="178" keyframe="0" outside="0" occluded="0" xtl="283.23" ytl="180.20" xbr="1090.41" ybr="663.28" z_order="0">
    </box>
    <box frame="179" keyframe="0" outside="0" occluded="0" xtl="287.45" ytl="179.51" xbr="1095.10" ybr="663.66" z_order="0">
    </box>
    <box frame="180" keyframe="0" outside="0" occluded="0" xtl="291.68" ytl="178.82" xbr="1099.79" ybr="664.05" z_order="0">
    </box>
    <box frame="181" keyframe="0" outside="0" occluded="0" xtl="295.90" ytl="178.13" xbr="1104.48" ybr="664.44" z_order="0">
    </box>
    <box frame="182" keyframe="0" outside="0" occluded="0" xtl="300.13" ytl="177.44" xbr="1109.17" ybr="664.82" z_order="0">
    </box>
    <box frame="183" keyframe="0" outside="0" occluded="0" xtl="304.35" ytl="176.75" xbr="1113.86" ybr="665.21" z_order="0">
    </box>
    <box frame="184" keyframe="0" outside="0" occluded="0" xtl="308.58" ytl="176.06" xbr="1118.55" ybr="665.60" z_order="0">
    </box>
    <box frame="185" keyframe="0" outside="0" occluded="0" xtl="312.81" ytl="175.37" xbr="1123.24" ybr="665.98" z_order="0">
    </box>
    <box frame="186" keyframe="0" outside="0" occluded="0" xtl="317.03" ytl="174.68" xbr="1127.94" ybr="666.37" z_order="0">
    </box>
    <box frame="187" keyframe="0" outside="0" occluded="0" xtl="321.26" ytl="173.99" xbr="1132.63" ybr="666.76" z_order="0">
    </box>
    <box frame="188" keyframe="0" outside="0" occluded="0" xtl="325.48" ytl="173.30" xbr="1137.32" ybr="667.14" z_order="0">
    </box>
    <box frame="189" keyframe="0" outside="0" occluded="0" xtl="329.71" ytl="172.61" xbr="1142.01" ybr="667.53" z_order="0">
    </box>
    <box frame="190" keyframe="0" outside="0" occluded="0" xtl="333.93" ytl="171.92" xbr="1146.70" ybr="667.91" z_order="0">
    </box>
    <box frame="191" keyframe="0" outside="0" occluded="0" xtl="338.16" ytl="171.23" xbr="1151.39" ybr="668.30" z_order="0">
    </box>
    <box frame="192" keyframe="0" outside="0" occluded="0" xtl="342.39" ytl="170.54" xbr="1156.08" ybr="668.69" z_order="0">
    </box>
    <box frame="193" keyframe="0" outside="0" occluded="0" xtl="346.61" ytl="169.85" xbr="1160.77" ybr="669.07" z_order="0">
    </box>
    <box frame="194" keyframe="0" outside="0" occluded="0" xtl="350.84" ytl="169.16" xbr="1165.46" ybr="669.46" z_order="0">
    </box>
    <box frame="195" keyframe="0" outside="0" occluded="0" xtl="355.06" ytl="168.47" xbr="1170.15" ybr="669.85" z_order="0">
    </box>
    <box frame="196" keyframe="0" outside="0" occluded="0" xtl="359.29" ytl="167.78" xbr="1174.84" ybr="670.23" z_order="0">
    </box>
    <box frame="197" keyframe="0" outside="0" occluded="0" xtl="363.51" ytl="167.09" xbr="1179.54" ybr="670.62" z_order="0">
    </box>
    <box frame="198" keyframe="0" outside="0" occluded="0" xtl="367.74" ytl="166.40" xbr="1184.23" ybr="671.01" z_order="0">
    </box>
    <box frame="199" keyframe="0" outside="0" occluded="0" xtl="371.97" ytl="165.71" xbr="1188.92" ybr="671.39" z_order="0">
    </box>
    <box frame="200" keyframe="0" outside="0" occluded="0" xtl="376.19" ytl="165.02" xbr="1193.61" ybr="671.78" z_order="0">
    </box>
    <box frame="201" keyframe="0" outside="0" occluded="0" xtl="380.42" ytl="164.33" xbr="1198.30" ybr="672.17" z_order="0">
    </box>
    <box frame="202" keyframe="0" outside="0" occluded="0" xtl="384.64" ytl="163.64" xbr="1202.99" ybr="672.55" z_order="0">
    </box>
    <box frame="203" keyframe="0" outside="0" occluded="0" xtl="388.87" ytl="162.95" xbr="1207.68" ybr="672.94" z_order="0">
    </box>
    <box frame="204" keyframe="0" outside="0" occluded="0" xtl="393.09" ytl="162.26" xbr="1212.37" ybr="673.33" z_order="0">
    </box>
    <box frame="205" keyframe="0" outside="0" occluded="0" xtl="397.32" ytl="161.57" xbr="1217.06" ybr="673.71" z_order="0">
    </box>
    <box frame="206" keyframe="0" outside="0" occluded="0" xtl="401.55" ytl="160.88" xbr="1221.75" ybr="674.10" z_order="0">
    </box>
    <box frame="207" keyframe="0" outside="0" occluded="0" xtl="405.77" ytl="160.19" xbr="1226.44" ybr="674.49" z_order="0">
    </box>
    <box frame="208" keyframe="0" outside="0" occluded="0" xtl="410.00" ytl="159.50" xbr="1231.14" ybr="674.87" z_order="0">
    </box>
    <box frame="209" keyframe="0" outside="0" occluded="0" xtl="414.22" ytl="158.81" xbr="1235.83" ybr="675.26" z_order="0">
    </box>
    <box frame="210" keyframe="0" outside="0" occluded="0" xtl="418.45" ytl="158.12" xbr="1240.52" ybr="675.65" z_order="0">
    </box>
    <box frame="211" keyframe="0" outside="0" occluded="0" xtl="422.67" ytl="157.43" xbr="1245.21" ybr="676.03" z_order="0">
    </box>
    <box frame="212" keyframe="0" outside="0" occluded="0" xtl="426.90" ytl="156.74" xbr="1249.90" ybr="676.42" z_order="0">
    </box>
    <box frame="213" keyframe="0" outside="0" occluded="0" xtl="431.13" ytl="156.05" xbr="1254.59" ybr="676.81" z_order="0">
    </box>
    <box frame="214" keyframe="0" outside="0" occluded="0" xtl="435.35" ytl="155.36" xbr="1259.28" ybr="677.19" z_order="0">
    </box>
    <box frame="215" keyframe="0" outside="0" occluded="0" xtl="439.58" ytl="154.67" xbr="1263.97" ybr="677.58" z_order="0">
    </box>
    <box frame="216" keyframe="0" outside="0" occluded="0" xtl="443.80" ytl="153.98" xbr="1268.66" ybr="677.97" z_order="0">
    </box>
    <box frame="217" keyframe="0" outside="0" occluded="0" xtl="448.03" ytl="153.29" xbr="1273.35" ybr="678.35" z_order="0">
    </box>
    <box frame="218" keyframe="1" outside="0" occluded="0" xtl="452.25" ytl="152.60" xbr="1278.04" ybr="678.74" z_order="0">
    </box>
    <box frame="219" keyframe="1" outside="0" occluded="0" xtl="453.74" ytl="145.53" xbr="1280.00" ybr="715.60" z_order="0">
    </box>
    <box frame="220" keyframe="0" outside="0" occluded="0" xtl="459.94" ytl="145.51" xbr="1280.00" ybr="712.31" z_order="0">
    </box>
    <box frame="221" keyframe="0" outside="0" occluded="0" xtl="466.13" ytl="145.49" xbr="1280.00" ybr="709.01" z_order="0">
    </box>
    <box frame="222" keyframe="0" outside="0" occluded="0" xtl="472.32" ytl="145.47" xbr="1280.00" ybr="705.72" z_order="0">
    </box>
    <box frame="223" keyframe="0" outside="0" occluded="0" xtl="478.52" ytl="145.45" xbr="1280.00" ybr="702.43" z_order="0">
    </box>
    <box frame="224" keyframe="0" outside="0" occluded="0" xtl="484.71" ytl="145.44" xbr="1280.00" ybr="699.14" z_order="0">
    </box>
    <box frame="225" keyframe="0" outside="0" occluded="0" xtl="490.90" ytl="145.42" xbr="1280.00" ybr="695.84" z_order="0">
    </box>
    <box frame="226" keyframe="0" outside="0" occluded="0" xtl="497.10" ytl="145.40" xbr="1280.00" ybr="692.55" z_order="0">
    </box>
    <box frame="227" keyframe="0" outside="0" occluded="0" xtl="503.29" ytl="145.38" xbr="1280.00" ybr="689.26" z_order="0">
    </box>
    <box frame="228" keyframe="0" outside="0" occluded="0" xtl="509.48" ytl="145.37" xbr="1280.00" ybr="685.96" z_order="0">
    </box>
    <box frame="229" keyframe="0" outside="0" occluded="0" xtl="515.68" ytl="145.35" xbr="1280.00" ybr="682.67" z_order="0">
    </box>
    <box frame="230" keyframe="0" outside="0" occluded="0" xtl="521.87" ytl="145.33" xbr="1280.00" ybr="679.38" z_order="0">
    </box>
    <box frame="231" keyframe="0" outside="0" occluded="0" xtl="528.06" ytl="145.31" xbr="1280.00" ybr="676.09" z_order="0">
    </box>
    <box frame="232" keyframe="0" outside="0" occluded="0" xtl="534.26" ytl="145.30" xbr="1280.00" ybr="672.79" z_order="0">
    </box>
    <box frame="233" keyframe="1" outside="0" occluded="0" xtl="540.45" ytl="145.28" xbr="1280.00" ybr="669.50" z_order="0">
    </box>
    <box frame="234" keyframe="0" outside="0" occluded="0" xtl="546.65" ytl="145.62" xbr="1280.00" ybr="669.84" z_order="0">
    </box>
    <box frame="235" keyframe="0" outside="0" occluded="0" xtl="552.86" ytl="145.95" xbr="1280.00" ybr="670.18" z_order="0">
    </box>
    <box frame="236" keyframe="0" outside="0" occluded="0" xtl="559.06" ytl="146.29" xbr="1280.00" ybr="670.52" z_order="0">
    </box>
    <box frame="237" keyframe="0" outside="0" occluded="0" xtl="565.26" ytl="146.63" xbr="1280.00" ybr="670.85" z_order="0">
    </box>
    <box frame="238" keyframe="0" outside="0" occluded="0" xtl="571.47" ytl="146.97" xbr="1280.00" ybr="671.19" z_order="0">
    </box>
    <box frame="239" keyframe="0" outside="0" occluded="0" xtl="577.67" ytl="147.31" xbr="1280.00" ybr="671.53" z_order="0">
    </box>
    <box frame="240" keyframe="0" outside="0" occluded="0" xtl="583.87" ytl="147.65" xbr="1280.00" ybr="671.87" z_order="0">
    </box>
    <box frame="241" keyframe="0" outside="0" occluded="0" xtl="590.08" ytl="147.98" xbr="1280.00" ybr="672.21" z_order="0">
    </box>
    <box frame="242" keyframe="0" outside="0" occluded="0" xtl="596.28" ytl="148.32" xbr="1280.00" ybr="672.55" z_order="0">
    </box>
    <box frame="243" keyframe="0" outside="0" occluded="0" xtl="602.48" ytl="148.66" xbr="1280.00" ybr="672.88" z_order="0">
    </box>
    <box frame="244" keyframe="0" outside="0" occluded="0" xtl="608.68" ytl="149.00" xbr="1280.00" ybr="673.22" z_order="0">
    </box>
    <box frame="245" keyframe="0" outside="0" occluded="0" xtl="614.89" ytl="149.34" xbr="1280.00" ybr="673.56" z_order="0">
    </box>
    <box frame="246" keyframe="0" outside="0" occluded="0" xtl="621.09" ytl="149.68" xbr="1280.00" ybr="673.90" z_order="0">
    </box>
    <box frame="247" keyframe="0" outside="0" occluded="0" xtl="627.29" ytl="150.01" xbr="1280.00" ybr="674.24" z_order="0">
    </box>
    <box frame="248" keyframe="0" outside="0" occluded="0" xtl="633.50" ytl="150.35" xbr="1280.00" ybr="674.58" z_order="0">
    </box>
    <box frame="249" keyframe="0" outside="0" occluded="0" xtl="639.70" ytl="150.69" xbr="1280.00" ybr="674.91" z_order="0">
    </box>
    <box frame="250" keyframe="0" outside="0" occluded="0" xtl="645.90" ytl="151.03" xbr="1280.00" ybr="675.25" z_order="0">
    </box>
    <box frame="251" keyframe="0" outside="0" occluded="0" xtl="652.11" ytl="151.37" xbr="1280.00" ybr="675.59" z_order="0">
    </box>
    <box frame="252" keyframe="0" outside="0" occluded="0" xtl="658.31" ytl="151.71" xbr="1280.00" ybr="675.93" z_order="0">
    </box>
    <box frame="253" keyframe="0" outside="0" occluded="0" xtl="664.51" ytl="152.04" xbr="1280.00" ybr="676.27" z_order="0">
    </box>
    <box frame="254" keyframe="0" outside="0" occluded="0" xtl="670.71" ytl="152.38" xbr="1280.00" ybr="676.61" z_order="0">
    </box>
    <box frame="255" keyframe="0" outside="0" occluded="0" xtl="676.92" ytl="152.72" xbr="1280.00" ybr="676.94" z_order="0">
    </box>
    <box frame="256" keyframe="0" outside="0" occluded="0" xtl="683.12" ytl="153.06" xbr="1280.00" ybr="677.28" z_order="0">
    </box>
    <box frame="257" keyframe="0" outside="0" occluded="0" xtl="689.32" ytl="153.40" xbr="1280.00" ybr="677.62" z_order="0">
    </box>
    <box frame="258" keyframe="0" outside="0" occluded="0" xtl="695.53" ytl="153.74" xbr="1280.00" ybr="677.96" z_order="0">
    </box>
    <box frame="259" keyframe="0" outside="0" occluded="0" xtl="701.73" ytl="154.07" xbr="1280.00" ybr="678.30" z_order="0">
    </box>
    <box frame="260" keyframe="0" outside="0" occluded="0" xtl="707.93" ytl="154.41" xbr="1280.00" ybr="678.64" z_order="0">
    </box>
    <box frame="261" keyframe="0" outside="0" occluded="0" xtl="714.14" ytl="154.75" xbr="1280.00" ybr="678.97" z_order="0">
    </box>
    <box frame="262" keyframe="0" outside="0" occluded="0" xtl="720.34" ytl="155.09" xbr="1280.00" ybr="679.31" z_order="0">
    </box>
    <box frame="263" keyframe="0" outside="0" occluded="0" xtl="726.54" ytl="155.43" xbr="1280.00" ybr="679.65" z_order="0">
    </box>
    <box frame="264" keyframe="0" outside="0" occluded="0" xtl="732.74" ytl="155.77" xbr="1280.00" ybr="679.99" z_order="0">
    </box>
    <box frame="265" keyframe="0" outside="0" occluded="0" xtl="738.95" ytl="156.10" xbr="1280.00" ybr="680.33" z_order="0">
    </box>
    <box frame="266" keyframe="0" outside="0" occluded="0" xtl="745.15" ytl="156.44" xbr="1280.00" ybr="680.67" z_order="0">
    </box>
    <box frame="267" keyframe="0" outside="0" occluded="0" xtl="751.35" ytl="156.78" xbr="1280.00" ybr="681.00" z_order="0">
    </box>
    <box frame="268" keyframe="0" outside="0" occluded="0" xtl="757.56" ytl="157.12" xbr="1280.00" ybr="681.34" z_order="0">
    </box>
    <box frame="269" keyframe="0" outside="0" occluded="0" xtl="763.76" ytl="157.46" xbr="1280.00" ybr="681.68" z_order="0">
    </box>
    <box frame="270" keyframe="0" outside="0" occluded="0" xtl="769.96" ytl="157.80" xbr="1280.00" ybr="682.02" z_order="0">
    </box>
    <box frame="271" keyframe="0" outside="0" occluded="0" xtl="776.17" ytl="158.13" xbr="1280.00" ybr="682.36" z_order="0">
    </box>
    <box frame="272" keyframe="0" outside="0" occluded="0" xtl="782.37" ytl="158.47" xbr="1280.00" ybr="682.70" z_order="0">
    </box>
    <box frame="273" keyframe="0" outside="0" occluded="0" xtl="788.57" ytl="158.81" xbr="1280.00" ybr="683.03" z_order="0">
    </box>
    <box frame="274" keyframe="0" outside="0" occluded="0" xtl="794.77" ytl="159.15" xbr="1280.00" ybr="683.37" z_order="0">
    </box>
    <box frame="275" keyframe="0" outside="0" occluded="0" xtl="800.98" ytl="159.49" xbr="1280.00" ybr="683.71" z_order="0">
    </box>
    <box frame="276" keyframe="0" outside="0" occluded="0" xtl="807.18" ytl="159.83" xbr="1280.00" ybr="684.05" z_order="0">
    </box>
    <box frame="277" keyframe="0" outside="0" occluded="0" xtl="813.38" ytl="160.16" xbr="1280.00" ybr="684.39" z_order="0">
    </box>
    <box frame="278" keyframe="0" outside="0" occluded="0" xtl="819.59" ytl="160.50" xbr="1280.00" ybr="684.73" z_order="0">
    </box>
    <box frame="279" keyframe="0" outside="0" occluded="0" xtl="825.79" ytl="160.84" xbr="1280.00" ybr="685.06" z_order="0">
    </box>
    <box frame="280" keyframe="0" outside="0" occluded="0" xtl="831.99" ytl="161.18" xbr="1280.00" ybr="685.40" z_order="0">
    </box>
    <box frame="281" keyframe="1" outside="0" occluded="0" xtl="838.20" ytl="161.52" xbr="1280.00" ybr="685.74" z_order="0">
    </box>
    <box frame="282" keyframe="0" outside="0" occluded="0" xtl="845.26" ytl="163.88" xbr="1280.00" ybr="686.92" z_order="0">
    </box>
    <box frame="283" keyframe="0" outside="0" occluded="0" xtl="852.32" ytl="166.25" xbr="1280.00" ybr="688.10" z_order="0">
    </box>
    <box frame="284" keyframe="0" outside="0" occluded="0" xtl="859.38" ytl="168.61" xbr="1280.00" ybr="689.28" z_order="0">
    </box>
    <box frame="285" keyframe="0" outside="0" occluded="0" xtl="866.45" ytl="170.98" xbr="1280.00" ybr="690.47" z_order="0">
    </box>
    <box frame="286" keyframe="0" outside="0" occluded="0" xtl="873.51" ytl="173.34" xbr="1280.00" ybr="691.65" z_order="0">
    </box>
    <box frame="287" keyframe="0" outside="0" occluded="0" xtl="880.57" ytl="175.70" xbr="1280.00" ybr="692.83" z_order="0">
    </box>
    <box frame="288" keyframe="0" outside="0" occluded="0" xtl="887.63" ytl="178.07" xbr="1280.00" ybr="694.01" z_order="0">
    </box>
    <box frame="289" keyframe="0" outside="0" occluded="0" xtl="894.70" ytl="180.43" xbr="1280.00" ybr="695.19" z_order="0">
    </box>
    <box frame="290" keyframe="0" outside="0" occluded="0" xtl="901.76" ytl="182.80" xbr="1280.00" ybr="696.37" z_order="0">
    </box>
    <box frame="291" keyframe="0" outside="0" occluded="0" xtl="908.82" ytl="185.16" xbr="1280.00" ybr="697.55" z_order="0">
    </box>
    <box frame="292" keyframe="0" outside="0" occluded="0" xtl="915.88" ytl="187.53" xbr="1280.00" ybr="698.74" z_order="0">
    </box>
    <box frame="293" keyframe="0" outside="0" occluded="0" xtl="922.94" ytl="189.89" xbr="1280.00" ybr="699.92" z_order="0">
    </box>
    <box frame="294" keyframe="0" outside="0" occluded="0" xtl="930.01" ytl="192.26" xbr="1280.00" ybr="701.10" z_order="0">
    </box>
    <box frame="295" keyframe="0" outside="0" occluded="0" xtl="937.07" ytl="194.62" xbr="1280.00" ybr="702.28" z_order="0">
    </box>
    <box frame="296" keyframe="0" outside="0" occluded="0" xtl="944.13" ytl="196.99" xbr="1280.00" ybr="703.46" z_order="0">
    </box>
    <box frame="297" keyframe="0" outside="0" occluded="0" xtl="951.19" ytl="199.35" xbr="1280.00" ybr="704.64" z_order="0">
    </box>
    <box frame="298" keyframe="0" outside="0" occluded="0" xtl="958.26" ytl="201.71" xbr="1280.00" ybr="705.82" z_order="0">
    </box>
    <box frame="299" keyframe="0" outside="0" occluded="0" xtl="965.32" ytl="204.08" xbr="1280.00" ybr="707.00" z_order="0">
    </box>
    <box frame="300" keyframe="0" outside="0" occluded="0" xtl="972.38" ytl="206.44" xbr="1280.00" ybr="708.19" z_order="0">
    </box>
    <box frame="301" keyframe="0" outside="0" occluded="0" xtl="979.44" ytl="208.81" xbr="1280.00" ybr="709.37" z_order="0">
    </box>
    <box frame="302" keyframe="0" outside="0" occluded="0" xtl="986.51" ytl="211.17" xbr="1280.00" ybr="710.55" z_order="0">
    </box>
    <box frame="303" keyframe="0" outside="0" occluded="0" xtl="993.57" ytl="213.54" xbr="1280.00" ybr="711.73" z_order="0">
    </box>
    <box frame="304" keyframe="0" outside="0" occluded="0" xtl="1000.63" ytl="215.90" xbr="1280.00" ybr="712.91" z_order="0">
    </box>
    <box frame="305" keyframe="0" outside="0" occluded="0" xtl="1007.69" ytl="218.27" xbr="1280.00" ybr="714.09" z_order="0">
    </box>
    <box frame="306" keyframe="0" outside="0" occluded="0" xtl="1014.76" ytl="220.63" xbr="1280.00" ybr="715.27" z_order="0">
    </box>
    <box frame="307" keyframe="0" outside="0" occluded="0" xtl="1021.82" ytl="223.00" xbr="1280.00" ybr="716.46" z_order="0">
    </box>
    <box frame="308" keyframe="0" outside="0" occluded="0" xtl="1028.88" ytl="225.36" xbr="1280.00" ybr="717.64" z_order="0">
    </box>
    <box frame="309" keyframe="0" outside="0" occluded="0" xtl="1035.94" ytl="227.72" xbr="1280.00" ybr="718.82" z_order="0">
    </box>
    <box frame="310" keyframe="1" outside="0" occluded="0" xtl="1043.01" ytl="230.09" xbr="1280.00" ybr="720.00" z_order="0">
    </box>
    <box frame="311" keyframe="0" outside="0" occluded="0" xtl="1049.50" ytl="231.35" xbr="1280.00" ybr="720.00" z_order="0">
    </box>
    <box frame="312" keyframe="0" outside="0" occluded="0" xtl="1056.00" ytl="232.62" xbr="1280.00" ybr="720.00" z_order="0">
    </box>
    <box frame="313" keyframe="0" outside="0" occluded="0" xtl="1062.50" ytl="233.88" xbr="1280.00" ybr="720.00" z_order="0">
    </box>
    <box frame="314" keyframe="0" outside="0" occluded="0" xtl="1068.99" ytl="235.14" xbr="1280.00" ybr="720.00" z_order="0">
    </box>
    <box frame="315" keyframe="0" outside="0" occluded="0" xtl="1075.49" ytl="236.40" xbr="1280.00" ybr="720.00" z_order="0">
    </box>
    <box frame="316" keyframe="0" outside="0" occluded="0" xtl="1081.98" ytl="237.67" xbr="1280.00" ybr="720.00" z_order="0">
    </box>
    <box frame="317" keyframe="0" outside="0" occluded="0" xtl="1088.48" ytl="238.93" xbr="1280.00" ybr="720.00" z_order="0">
    </box>
    <box frame="318" keyframe="0" outside="0" occluded="0" xtl="1094.98" ytl="240.19" xbr="1280.00" ybr="720.00" z_order="0">
    </box>
    <box frame="319" keyframe="0" outside="0" occluded="0" xtl="1101.47" ytl="241.46" xbr="1280.00" ybr="720.00" z_order="0">
    </box>
    <box frame="320" keyframe="0" outside="0" occluded="0" xtl="1107.97" ytl="242.72" xbr="1280.00" ybr="720.00" z_order="0">
    </box>
    <box frame="321" keyframe="0" outside="0" occluded="0" xtl="1114.47" ytl="243.98" xbr="1280.00" ybr="720.00" z_order="0">
    </box>
    <box frame="322" keyframe="0" outside="0" occluded="0" xtl="1120.96" ytl="245.25" xbr="1280.00" ybr="720.00" z_order="0">
    </box>
    <box frame="323" keyframe="0" outside="0" occluded="0" xtl="1127.46" ytl="246.51" xbr="1280.00" ybr="720.00" z_order="0">
    </box>
    <box frame="324" keyframe="0" outside="0" occluded="0" xtl="1133.95" ytl="247.77" xbr="1280.00" ybr="720.00" z_order="0">
    </box>
    <box frame="325" keyframe="1" outside="0" occluded="0" xtl="1140.45" ytl="249.04" xbr="1280.00" ybr="720.00" z_order="0">
    </box>
    <box frame="326" keyframe="1" outside="0" occluded="0" xtl="1172.93" ytl="298.66" xbr="1280.00" ybr="720.00" z_order="0">
    </box>
    <box frame="327" keyframe="1" outside="1" occluded="0" xtl="1172.93" ytl="298.66" xbr="1280.00" ybr="720.00" z_order="0">
    </box>
  </track>
</annotations>
