<?xml version="1.0" encoding="utf-8"?>
<annotations>
  <version>1.1</version>
  <meta>
    <task>
      <id>11</id>
      <name>019</name>
      <size>672</size>
      <mode>interpolation</mode>
      <overlap>5</overlap>
      <bugtracker></bugtracker>
      <created>2023-05-25 10:03:41.272281+00:00</created>
      <updated>2023-05-25 16:44:24.958374+00:00</updated>
      <subset>default</subset>
      <start_frame>0</start_frame>
      <stop_frame>671</stop_frame>
      <frame_filter></frame_filter>
      <segments>
        <segment>
          <id>10</id>
          <start>0</start>
          <stop>671</stop>
          <url>http://localhost:8080/api/jobs/10</url>
        </segment>
      </segments>
      <owner>
        <username>django</username>
        <email></email>
      </owner>
      <assignee></assignee>
      <labels>
        <label>
          <name>object</name>
          <color>#40e020</color>
          <type>any</type>
          <attributes>
          </attributes>
        </label>
      </labels>
      <original_size>
        <width>640</width>
        <height>360</height>
      </original_size>
      <source>istockphoto-610003698-640_adpp_is.mp4</source>
    </task>
    <dumped>2023-05-25 16:51:26.746860+00:00</dumped>
  </meta>
  <track id="0" label="object" source="manual">
    <box frame="0" keyframe="1" outside="0" occluded="0" xtl="0.00" ytl="174.60" xbr="130.75" ybr="287.83" z_order="0">
    </box>
    <box frame="1" keyframe="0" outside="0" occluded="0" xtl="0.00" ytl="174.23" xbr="131.63" ybr="288.21" z_order="0">
    </box>
    <box frame="2" keyframe="0" outside="0" occluded="0" xtl="0.00" ytl="173.85" xbr="132.51" ybr="288.59" z_order="0">
    </box>
    <box frame="3" keyframe="0" outside="0" occluded="0" xtl="0.00" ytl="173.47" xbr="133.39" ybr="288.96" z_order="0">
    </box>
    <box frame="4" keyframe="0" outside="0" occluded="0" xtl="0.00" ytl="173.10" xbr="134.26" ybr="289.34" z_order="0">
    </box>
    <box frame="5" keyframe="0" outside="0" occluded="0" xtl="0.00" ytl="172.72" xbr="135.14" ybr="289.71" z_order="0">
    </box>
    <box frame="6" keyframe="0" outside="0" occluded="0" xtl="0.00" ytl="172.35" xbr="136.02" ybr="290.09" z_order="0">
    </box>
    <box frame="7" keyframe="0" outside="0" occluded="0" xtl="0.00" ytl="171.97" xbr="136.90" ybr="290.46" z_order="0">
    </box>
    <box frame="8" keyframe="0" outside="0" occluded="0" xtl="0.00" ytl="171.59" xbr="137.78" ybr="290.84" z_order="0">
    </box>
    <box frame="9" keyframe="0" outside="0" occluded="0" xtl="0.00" ytl="171.22" xbr="138.65" ybr="291.21" z_order="0">
    </box>
    <box frame="10" keyframe="0" outside="0" occluded="0" xtl="0.00" ytl="170.84" xbr="139.53" ybr="291.59" z_order="0">
    </box>
    <box frame="11" keyframe="0" outside="0" occluded="0" xtl="0.00" ytl="170.47" xbr="140.41" ybr="291.96" z_order="0">
    </box>
    <box frame="12" keyframe="1" outside="0" occluded="0" xtl="0.00" ytl="170.09" xbr="141.29" ybr="292.34" z_order="0">
    </box>
    <box frame="13" keyframe="0" outside="0" occluded="0" xtl="0.81" ytl="169.77" xbr="143.58" ybr="292.77" z_order="0">
    </box>
    <box frame="14" keyframe="0" outside="0" occluded="0" xtl="1.62" ytl="169.45" xbr="145.87" ybr="293.20" z_order="0">
    </box>
    <box frame="15" keyframe="0" outside="0" occluded="0" xtl="2.42" ytl="169.13" xbr="148.15" ybr="293.63" z_order="0">
    </box>
    <box frame="16" keyframe="0" outside="0" occluded="0" xtl="3.23" ytl="168.81" xbr="150.44" ybr="294.07" z_order="0">
    </box>
    <box frame="17" keyframe="0" outside="0" occluded="0" xtl="4.04" ytl="168.49" xbr="152.73" ybr="294.50" z_order="0">
    </box>
    <box frame="18" keyframe="0" outside="0" occluded="0" xtl="4.85" ytl="168.17" xbr="155.02" ybr="294.93" z_order="0">
    </box>
    <box frame="19" keyframe="0" outside="0" occluded="0" xtl="5.66" ytl="167.85" xbr="157.30" ybr="295.36" z_order="0">
    </box>
    <box frame="20" keyframe="0" outside="0" occluded="0" xtl="6.47" ytl="167.53" xbr="159.59" ybr="295.79" z_order="0">
    </box>
    <box frame="21" keyframe="0" outside="0" occluded="0" xtl="7.27" ytl="167.21" xbr="161.88" ybr="296.22" z_order="0">
    </box>
    <box frame="22" keyframe="0" outside="0" occluded="0" xtl="8.08" ytl="166.89" xbr="164.17" ybr="296.66" z_order="0">
    </box>
    <box frame="23" keyframe="0" outside="0" occluded="0" xtl="8.89" ytl="166.57" xbr="166.46" ybr="297.09" z_order="0">
    </box>
    <box frame="24" keyframe="0" outside="0" occluded="0" xtl="9.70" ytl="166.26" xbr="168.74" ybr="297.52" z_order="0">
    </box>
    <box frame="25" keyframe="0" outside="0" occluded="0" xtl="10.51" ytl="165.94" xbr="171.03" ybr="297.95" z_order="0">
    </box>
    <box frame="26" keyframe="0" outside="0" occluded="0" xtl="11.32" ytl="165.62" xbr="173.32" ybr="298.38" z_order="0">
    </box>
    <box frame="27" keyframe="0" outside="0" occluded="0" xtl="12.12" ytl="165.30" xbr="175.61" ybr="298.81" z_order="0">
    </box>
    <box frame="28" keyframe="0" outside="0" occluded="0" xtl="12.93" ytl="164.98" xbr="177.90" ybr="299.25" z_order="0">
    </box>
    <box frame="29" keyframe="0" outside="0" occluded="0" xtl="13.74" ytl="164.66" xbr="180.18" ybr="299.68" z_order="0">
    </box>
    <box frame="30" keyframe="0" outside="0" occluded="0" xtl="14.55" ytl="164.34" xbr="182.47" ybr="300.11" z_order="0">
    </box>
    <box frame="31" keyframe="0" outside="0" occluded="0" xtl="15.36" ytl="164.02" xbr="184.76" ybr="300.54" z_order="0">
    </box>
    <box frame="32" keyframe="0" outside="0" occluded="0" xtl="16.17" ytl="163.70" xbr="187.05" ybr="300.97" z_order="0">
    </box>
    <box frame="33" keyframe="0" outside="0" occluded="0" xtl="16.97" ytl="163.38" xbr="189.34" ybr="301.40" z_order="0">
    </box>
    <box frame="34" keyframe="0" outside="0" occluded="0" xtl="17.78" ytl="163.06" xbr="191.62" ybr="301.84" z_order="0">
    </box>
    <box frame="35" keyframe="0" outside="0" occluded="0" xtl="18.59" ytl="162.74" xbr="193.91" ybr="302.27" z_order="0">
    </box>
    <box frame="36" keyframe="1" outside="0" occluded="0" xtl="19.40" ytl="162.42" xbr="196.20" ybr="302.70" z_order="0">
    </box>
    <box frame="37" keyframe="0" outside="0" occluded="0" xtl="21.39" ytl="162.55" xbr="198.70" ybr="302.82" z_order="0">
    </box>
    <box frame="38" keyframe="0" outside="0" occluded="0" xtl="23.38" ytl="162.67" xbr="201.21" ybr="302.95" z_order="0">
    </box>
    <box frame="39" keyframe="0" outside="0" occluded="0" xtl="25.37" ytl="162.79" xbr="203.71" ybr="303.07" z_order="0">
    </box>
    <box frame="40" keyframe="0" outside="0" occluded="0" xtl="27.36" ytl="162.92" xbr="206.21" ybr="303.20" z_order="0">
    </box>
    <box frame="41" keyframe="0" outside="0" occluded="0" xtl="29.35" ytl="163.04" xbr="208.72" ybr="303.32" z_order="0">
    </box>
    <box frame="42" keyframe="0" outside="0" occluded="0" xtl="31.35" ytl="163.17" xbr="211.22" ybr="303.45" z_order="0">
    </box>
    <box frame="43" keyframe="0" outside="0" occluded="0" xtl="33.34" ytl="163.29" xbr="213.72" ybr="303.57" z_order="0">
    </box>
    <box frame="44" keyframe="0" outside="0" occluded="0" xtl="35.33" ytl="163.42" xbr="216.23" ybr="303.70" z_order="0">
    </box>
    <box frame="45" keyframe="0" outside="0" occluded="0" xtl="37.32" ytl="163.54" xbr="218.73" ybr="303.82" z_order="0">
    </box>
    <box frame="46" keyframe="0" outside="0" occluded="0" xtl="39.31" ytl="163.67" xbr="221.23" ybr="303.94" z_order="0">
    </box>
    <box frame="47" keyframe="0" outside="0" occluded="0" xtl="41.30" ytl="163.79" xbr="223.74" ybr="304.07" z_order="0">
    </box>
    <box frame="48" keyframe="0" outside="0" occluded="0" xtl="43.29" ytl="163.91" xbr="226.24" ybr="304.19" z_order="0">
    </box>
    <box frame="49" keyframe="0" outside="0" occluded="0" xtl="45.28" ytl="164.04" xbr="228.74" ybr="304.32" z_order="0">
    </box>
    <box frame="50" keyframe="0" outside="0" occluded="0" xtl="47.27" ytl="164.16" xbr="231.25" ybr="304.44" z_order="0">
    </box>
    <box frame="51" keyframe="0" outside="0" occluded="0" xtl="49.27" ytl="164.29" xbr="233.75" ybr="304.57" z_order="0">
    </box>
    <box frame="52" keyframe="0" outside="0" occluded="0" xtl="51.26" ytl="164.41" xbr="236.26" ybr="304.69" z_order="0">
    </box>
    <box frame="53" keyframe="0" outside="0" occluded="0" xtl="53.25" ytl="164.54" xbr="238.76" ybr="304.82" z_order="0">
    </box>
    <box frame="54" keyframe="0" outside="0" occluded="0" xtl="55.24" ytl="164.66" xbr="241.26" ybr="304.94" z_order="0">
    </box>
    <box frame="55" keyframe="0" outside="0" occluded="0" xtl="57.23" ytl="164.79" xbr="243.77" ybr="305.06" z_order="0">
    </box>
    <box frame="56" keyframe="0" outside="0" occluded="0" xtl="59.22" ytl="164.91" xbr="246.27" ybr="305.19" z_order="0">
    </box>
    <box frame="57" keyframe="0" outside="0" occluded="0" xtl="61.21" ytl="165.03" xbr="248.77" ybr="305.31" z_order="0">
    </box>
    <box frame="58" keyframe="0" outside="0" occluded="0" xtl="63.20" ytl="165.16" xbr="251.28" ybr="305.44" z_order="0">
    </box>
    <box frame="59" keyframe="0" outside="0" occluded="0" xtl="65.20" ytl="165.28" xbr="253.78" ybr="305.56" z_order="0">
    </box>
    <box frame="60" keyframe="0" outside="0" occluded="0" xtl="67.19" ytl="165.41" xbr="256.28" ybr="305.69" z_order="0">
    </box>
    <box frame="61" keyframe="0" outside="0" occluded="0" xtl="69.18" ytl="165.53" xbr="258.79" ybr="305.81" z_order="0">
    </box>
    <box frame="62" keyframe="0" outside="0" occluded="0" xtl="71.17" ytl="165.66" xbr="261.29" ybr="305.94" z_order="0">
    </box>
    <box frame="63" keyframe="0" outside="0" occluded="0" xtl="73.16" ytl="165.78" xbr="263.79" ybr="306.06" z_order="0">
    </box>
    <box frame="64" keyframe="0" outside="0" occluded="0" xtl="75.15" ytl="165.91" xbr="266.30" ybr="306.18" z_order="0">
    </box>
    <box frame="65" keyframe="1" outside="0" occluded="0" xtl="77.14" ytl="166.03" xbr="268.80" ybr="306.31" z_order="0">
    </box>
    <box frame="66" keyframe="0" outside="0" occluded="0" xtl="79.76" ytl="165.32" xbr="272.95" ybr="306.82" z_order="0">
    </box>
    <box frame="67" keyframe="0" outside="0" occluded="0" xtl="82.37" ytl="164.62" xbr="277.11" ybr="307.33" z_order="0">
    </box>
    <box frame="68" keyframe="0" outside="0" occluded="0" xtl="84.99" ytl="163.91" xbr="281.26" ybr="307.84" z_order="0">
    </box>
    <box frame="69" keyframe="0" outside="0" occluded="0" xtl="87.60" ytl="163.21" xbr="285.42" ybr="308.35" z_order="0">
    </box>
    <box frame="70" keyframe="0" outside="0" occluded="0" xtl="90.21" ytl="162.50" xbr="289.57" ybr="308.86" z_order="0">
    </box>
    <box frame="71" keyframe="0" outside="0" occluded="0" xtl="92.83" ytl="161.80" xbr="293.72" ybr="309.37" z_order="0">
    </box>
    <box frame="72" keyframe="0" outside="0" occluded="0" xtl="95.44" ytl="161.09" xbr="297.88" ybr="309.88" z_order="0">
    </box>
    <box frame="73" keyframe="0" outside="0" occluded="0" xtl="98.06" ytl="160.39" xbr="302.03" ybr="310.39" z_order="0">
    </box>
    <box frame="74" keyframe="0" outside="0" occluded="0" xtl="100.67" ytl="159.68" xbr="306.18" ybr="310.90" z_order="0">
    </box>
    <box frame="75" keyframe="0" outside="0" occluded="0" xtl="103.28" ytl="158.97" xbr="310.34" ybr="311.41" z_order="0">
    </box>
    <box frame="76" keyframe="0" outside="0" occluded="0" xtl="105.90" ytl="158.27" xbr="314.49" ybr="311.92" z_order="0">
    </box>
    <box frame="77" keyframe="0" outside="0" occluded="0" xtl="108.51" ytl="157.56" xbr="318.65" ybr="312.43" z_order="0">
    </box>
    <box frame="78" keyframe="0" outside="0" occluded="0" xtl="111.13" ytl="156.86" xbr="322.80" ybr="312.94" z_order="0">
    </box>
    <box frame="79" keyframe="0" outside="0" occluded="0" xtl="113.74" ytl="156.15" xbr="326.95" ybr="313.45" z_order="0">
    </box>
    <box frame="80" keyframe="0" outside="0" occluded="0" xtl="116.36" ytl="155.45" xbr="331.11" ybr="313.96" z_order="0">
    </box>
    <box frame="81" keyframe="0" outside="0" occluded="0" xtl="118.97" ytl="154.74" xbr="335.26" ybr="314.47" z_order="0">
    </box>
    <box frame="82" keyframe="0" outside="0" occluded="0" xtl="121.58" ytl="154.04" xbr="339.42" ybr="314.98" z_order="0">
    </box>
    <box frame="83" keyframe="0" outside="0" occluded="0" xtl="124.20" ytl="153.33" xbr="343.57" ybr="315.49" z_order="0">
    </box>
    <box frame="84" keyframe="0" outside="0" occluded="0" xtl="126.81" ytl="152.62" xbr="347.72" ybr="316.00" z_order="0">
    </box>
    <box frame="85" keyframe="0" outside="0" occluded="0" xtl="129.43" ytl="151.92" xbr="351.88" ybr="316.51" z_order="0">
    </box>
    <box frame="86" keyframe="0" outside="0" occluded="0" xtl="132.04" ytl="151.21" xbr="356.03" ybr="317.02" z_order="0">
    </box>
    <box frame="87" keyframe="0" outside="0" occluded="0" xtl="134.66" ytl="150.51" xbr="360.18" ybr="317.53" z_order="0">
    </box>
    <box frame="88" keyframe="0" outside="0" occluded="0" xtl="137.27" ytl="149.80" xbr="364.34" ybr="318.04" z_order="0">
    </box>
    <box frame="89" keyframe="0" outside="0" occluded="0" xtl="139.88" ytl="149.10" xbr="368.49" ybr="318.55" z_order="0">
    </box>
    <box frame="90" keyframe="0" outside="0" occluded="0" xtl="142.50" ytl="148.39" xbr="372.65" ybr="319.06" z_order="0">
    </box>
    <box frame="91" keyframe="0" outside="0" occluded="0" xtl="145.11" ytl="147.68" xbr="376.80" ybr="319.57" z_order="0">
    </box>
    <box frame="92" keyframe="0" outside="0" occluded="0" xtl="147.73" ytl="146.98" xbr="380.95" ybr="320.08" z_order="0">
    </box>
    <box frame="93" keyframe="0" outside="0" occluded="0" xtl="150.34" ytl="146.27" xbr="385.11" ybr="320.59" z_order="0">
    </box>
    <box frame="94" keyframe="0" outside="0" occluded="0" xtl="152.96" ytl="145.57" xbr="389.26" ybr="321.10" z_order="0">
    </box>
    <box frame="95" keyframe="0" outside="0" occluded="0" xtl="155.57" ytl="144.86" xbr="393.42" ybr="321.61" z_order="0">
    </box>
    <box frame="96" keyframe="0" outside="0" occluded="0" xtl="158.18" ytl="144.16" xbr="397.57" ybr="322.12" z_order="0">
    </box>
    <box frame="97" keyframe="0" outside="0" occluded="0" xtl="160.80" ytl="143.45" xbr="401.72" ybr="322.63" z_order="0">
    </box>
    <box frame="98" keyframe="0" outside="0" occluded="0" xtl="163.41" ytl="142.75" xbr="405.88" ybr="323.14" z_order="0">
    </box>
    <box frame="99" keyframe="0" outside="0" occluded="0" xtl="166.03" ytl="142.04" xbr="410.03" ybr="323.65" z_order="0">
    </box>
    <box frame="100" keyframe="0" outside="0" occluded="0" xtl="168.64" ytl="141.33" xbr="414.18" ybr="324.16" z_order="0">
    </box>
    <box frame="101" keyframe="0" outside="0" occluded="0" xtl="171.25" ytl="140.63" xbr="418.34" ybr="324.67" z_order="0">
    </box>
    <box frame="102" keyframe="0" outside="0" occluded="0" xtl="173.87" ytl="139.92" xbr="422.49" ybr="325.18" z_order="0">
    </box>
    <box frame="103" keyframe="0" outside="0" occluded="0" xtl="176.48" ytl="139.22" xbr="426.65" ybr="325.69" z_order="0">
    </box>
    <box frame="104" keyframe="1" outside="0" occluded="0" xtl="179.10" ytl="138.51" xbr="430.80" ybr="326.20" z_order="0">
    </box>
    <box frame="105" keyframe="0" outside="0" occluded="0" xtl="182.56" ytl="138.18" xbr="436.03" ybr="326.95" z_order="0">
    </box>
    <box frame="106" keyframe="0" outside="0" occluded="0" xtl="186.02" ytl="137.86" xbr="441.26" ybr="327.69" z_order="0">
    </box>
    <box frame="107" keyframe="0" outside="0" occluded="0" xtl="189.48" ytl="137.53" xbr="446.49" ybr="328.44" z_order="0">
    </box>
    <box frame="108" keyframe="0" outside="0" occluded="0" xtl="192.95" ytl="137.20" xbr="451.72" ybr="329.18" z_order="0">
    </box>
    <box frame="109" keyframe="0" outside="0" occluded="0" xtl="196.41" ytl="136.88" xbr="456.95" ybr="329.93" z_order="0">
    </box>
    <box frame="110" keyframe="0" outside="0" occluded="0" xtl="199.87" ytl="136.55" xbr="462.18" ybr="330.67" z_order="0">
    </box>
    <box frame="111" keyframe="0" outside="0" occluded="0" xtl="203.33" ytl="136.22" xbr="467.41" ybr="331.42" z_order="0">
    </box>
    <box frame="112" keyframe="0" outside="0" occluded="0" xtl="206.80" ytl="135.90" xbr="472.64" ybr="332.16" z_order="0">
    </box>
    <box frame="113" keyframe="0" outside="0" occluded="0" xtl="210.26" ytl="135.57" xbr="477.87" ybr="332.91" z_order="0">
    </box>
    <box frame="114" keyframe="0" outside="0" occluded="0" xtl="213.72" ytl="135.24" xbr="483.10" ybr="333.65" z_order="0">
    </box>
    <box frame="115" keyframe="0" outside="0" occluded="0" xtl="217.18" ytl="134.91" xbr="488.33" ybr="334.40" z_order="0">
    </box>
    <box frame="116" keyframe="0" outside="0" occluded="0" xtl="220.65" ytl="134.59" xbr="493.56" ybr="335.14" z_order="0">
    </box>
    <box frame="117" keyframe="0" outside="0" occluded="0" xtl="224.11" ytl="134.26" xbr="498.79" ybr="335.89" z_order="0">
    </box>
    <box frame="118" keyframe="0" outside="0" occluded="0" xtl="227.57" ytl="133.93" xbr="504.02" ybr="336.63" z_order="0">
    </box>
    <box frame="119" keyframe="0" outside="0" occluded="0" xtl="231.03" ytl="133.61" xbr="509.25" ybr="337.38" z_order="0">
    </box>
    <box frame="120" keyframe="0" outside="0" occluded="0" xtl="234.50" ytl="133.28" xbr="514.48" ybr="338.12" z_order="0">
    </box>
    <box frame="121" keyframe="0" outside="0" occluded="0" xtl="237.96" ytl="132.95" xbr="519.71" ybr="338.87" z_order="0">
    </box>
    <box frame="122" keyframe="0" outside="0" occluded="0" xtl="241.42" ytl="132.62" xbr="524.94" ybr="339.61" z_order="0">
    </box>
    <box frame="123" keyframe="0" outside="0" occluded="0" xtl="244.88" ytl="132.30" xbr="530.17" ybr="340.36" z_order="0">
    </box>
    <box frame="124" keyframe="0" outside="0" occluded="0" xtl="248.35" ytl="131.97" xbr="535.40" ybr="341.10" z_order="0">
    </box>
    <box frame="125" keyframe="0" outside="0" occluded="0" xtl="251.81" ytl="131.64" xbr="540.63" ybr="341.85" z_order="0">
    </box>
    <box frame="126" keyframe="0" outside="0" occluded="0" xtl="255.27" ytl="131.32" xbr="545.86" ybr="342.59" z_order="0">
    </box>
    <box frame="127" keyframe="0" outside="0" occluded="0" xtl="258.73" ytl="130.99" xbr="551.09" ybr="343.34" z_order="0">
    </box>
    <box frame="128" keyframe="0" outside="0" occluded="0" xtl="262.20" ytl="130.66" xbr="556.32" ybr="344.08" z_order="0">
    </box>
    <box frame="129" keyframe="0" outside="0" occluded="0" xtl="265.66" ytl="130.34" xbr="561.55" ybr="344.83" z_order="0">
    </box>
    <box frame="130" keyframe="0" outside="0" occluded="0" xtl="269.12" ytl="130.01" xbr="566.78" ybr="345.57" z_order="0">
    </box>
    <box frame="131" keyframe="0" outside="0" occluded="0" xtl="272.58" ytl="129.68" xbr="572.01" ybr="346.32" z_order="0">
    </box>
    <box frame="132" keyframe="0" outside="0" occluded="0" xtl="276.04" ytl="129.35" xbr="577.24" ybr="347.06" z_order="0">
    </box>
    <box frame="133" keyframe="0" outside="0" occluded="0" xtl="279.51" ytl="129.03" xbr="582.47" ybr="347.81" z_order="0">
    </box>
    <box frame="134" keyframe="0" outside="0" occluded="0" xtl="282.97" ytl="128.70" xbr="587.70" ybr="348.55" z_order="0">
    </box>
    <box frame="135" keyframe="0" outside="0" occluded="0" xtl="286.43" ytl="128.37" xbr="592.93" ybr="349.30" z_order="0">
    </box>
    <box frame="136" keyframe="0" outside="0" occluded="0" xtl="289.89" ytl="128.05" xbr="598.16" ybr="350.04" z_order="0">
    </box>
    <box frame="137" keyframe="0" outside="0" occluded="0" xtl="293.36" ytl="127.72" xbr="603.39" ybr="350.79" z_order="0">
    </box>
    <box frame="138" keyframe="0" outside="0" occluded="0" xtl="296.82" ytl="127.39" xbr="608.62" ybr="351.53" z_order="0">
    </box>
    <box frame="139" keyframe="0" outside="0" occluded="0" xtl="300.28" ytl="127.06" xbr="613.85" ybr="352.28" z_order="0">
    </box>
    <box frame="140" keyframe="0" outside="0" occluded="0" xtl="303.74" ytl="126.74" xbr="619.08" ybr="353.02" z_order="0">
    </box>
    <box frame="141" keyframe="0" outside="0" occluded="0" xtl="307.21" ytl="126.41" xbr="624.31" ybr="353.77" z_order="0">
    </box>
    <box frame="142" keyframe="0" outside="0" occluded="0" xtl="310.67" ytl="126.08" xbr="629.54" ybr="354.51" z_order="0">
    </box>
    <box frame="143" keyframe="0" outside="0" occluded="0" xtl="314.13" ytl="125.76" xbr="634.77" ybr="355.25" z_order="0">
    </box>
    <box frame="144" keyframe="1" outside="0" occluded="0" xtl="317.59" ytl="125.43" xbr="640.00" ybr="356.00" z_order="0">
    </box>
    <box frame="145" keyframe="0" outside="0" occluded="0" xtl="322.72" ytl="125.47" xbr="640.00" ybr="356.04" z_order="0">
    </box>
    <box frame="146" keyframe="0" outside="0" occluded="0" xtl="327.85" ytl="125.51" xbr="640.00" ybr="356.08" z_order="0">
    </box>
    <box frame="147" keyframe="0" outside="0" occluded="0" xtl="332.97" ytl="125.55" xbr="640.00" ybr="356.12" z_order="0">
    </box>
    <box frame="148" keyframe="0" outside="0" occluded="0" xtl="338.10" ytl="125.59" xbr="640.00" ybr="356.16" z_order="0">
    </box>
    <box frame="149" keyframe="0" outside="0" occluded="0" xtl="343.23" ytl="125.63" xbr="640.00" ybr="356.21" z_order="0">
    </box>
    <box frame="150" keyframe="0" outside="0" occluded="0" xtl="348.35" ytl="125.68" xbr="640.00" ybr="356.25" z_order="0">
    </box>
    <box frame="151" keyframe="0" outside="0" occluded="0" xtl="353.48" ytl="125.72" xbr="640.00" ybr="356.29" z_order="0">
    </box>
    <box frame="152" keyframe="0" outside="0" occluded="0" xtl="358.61" ytl="125.76" xbr="640.00" ybr="356.33" z_order="0">
    </box>
    <box frame="153" keyframe="0" outside="0" occluded="0" xtl="363.73" ytl="125.80" xbr="640.00" ybr="356.37" z_order="0">
    </box>
    <box frame="154" keyframe="0" outside="0" occluded="0" xtl="368.86" ytl="125.84" xbr="640.00" ybr="356.41" z_order="0">
    </box>
    <box frame="155" keyframe="0" outside="0" occluded="0" xtl="373.98" ytl="125.88" xbr="640.00" ybr="356.45" z_order="0">
    </box>
    <box frame="156" keyframe="0" outside="0" occluded="0" xtl="379.11" ytl="125.92" xbr="640.00" ybr="356.49" z_order="0">
    </box>
    <box frame="157" keyframe="0" outside="0" occluded="0" xtl="384.24" ytl="125.96" xbr="640.00" ybr="356.53" z_order="0">
    </box>
    <box frame="158" keyframe="0" outside="0" occluded="0" xtl="389.36" ytl="126.00" xbr="640.00" ybr="356.57" z_order="0">
    </box>
    <box frame="159" keyframe="0" outside="0" occluded="0" xtl="394.49" ytl="126.04" xbr="640.00" ybr="356.62" z_order="0">
    </box>
    <box frame="160" keyframe="0" outside="0" occluded="0" xtl="399.62" ytl="126.09" xbr="640.00" ybr="356.66" z_order="0">
    </box>
    <box frame="161" keyframe="0" outside="0" occluded="0" xtl="404.74" ytl="126.13" xbr="640.00" ybr="356.70" z_order="0">
    </box>
    <box frame="162" keyframe="0" outside="0" occluded="0" xtl="409.87" ytl="126.17" xbr="640.00" ybr="356.74" z_order="0">
    </box>
    <box frame="163" keyframe="0" outside="0" occluded="0" xtl="415.00" ytl="126.21" xbr="640.00" ybr="356.78" z_order="0">
    </box>
    <box frame="164" keyframe="0" outside="0" occluded="0" xtl="420.12" ytl="126.25" xbr="640.00" ybr="356.82" z_order="0">
    </box>
    <box frame="165" keyframe="0" outside="0" occluded="0" xtl="425.25" ytl="126.29" xbr="640.00" ybr="356.86" z_order="0">
    </box>
    <box frame="166" keyframe="1" outside="0" occluded="0" xtl="430.38" ytl="126.33" xbr="640.00" ybr="356.90" z_order="0">
    </box>
    <box frame="167" keyframe="0" outside="0" occluded="0" xtl="436.49" ytl="125.51" xbr="640.00" ybr="356.08" z_order="0">
    </box>
    <box frame="168" keyframe="0" outside="0" occluded="0" xtl="442.60" ytl="124.69" xbr="640.00" ybr="355.26" z_order="0">
    </box>
    <box frame="169" keyframe="0" outside="0" occluded="0" xtl="448.71" ytl="123.87" xbr="640.00" ybr="354.44" z_order="0">
    </box>
    <box frame="170" keyframe="0" outside="0" occluded="0" xtl="454.82" ytl="123.05" xbr="640.00" ybr="353.62" z_order="0">
    </box>
    <box frame="171" keyframe="0" outside="0" occluded="0" xtl="460.93" ytl="122.23" xbr="640.00" ybr="352.80" z_order="0">
    </box>
    <box frame="172" keyframe="0" outside="0" occluded="0" xtl="467.04" ytl="121.41" xbr="640.00" ybr="351.98" z_order="0">
    </box>
    <box frame="173" keyframe="0" outside="0" occluded="0" xtl="473.15" ytl="120.59" xbr="640.00" ybr="351.16" z_order="0">
    </box>
    <box frame="174" keyframe="0" outside="0" occluded="0" xtl="479.26" ytl="119.77" xbr="640.00" ybr="350.34" z_order="0">
    </box>
    <box frame="175" keyframe="0" outside="0" occluded="0" xtl="485.37" ytl="118.95" xbr="640.00" ybr="349.52" z_order="0">
    </box>
    <box frame="176" keyframe="0" outside="0" occluded="0" xtl="491.48" ytl="118.13" xbr="640.00" ybr="348.70" z_order="0">
    </box>
    <box frame="177" keyframe="1" outside="0" occluded="0" xtl="497.59" ytl="117.31" xbr="640.00" ybr="347.88" z_order="0">
    </box>
    <box frame="178" keyframe="0" outside="0" occluded="0" xtl="504.36" ytl="139.23" xbr="640.00" ybr="348.87" z_order="0">
    </box>
    <box frame="179" keyframe="0" outside="0" occluded="0" xtl="511.13" ytl="161.15" xbr="640.00" ybr="349.87" z_order="0">
    </box>
    <box frame="180" keyframe="0" outside="0" occluded="0" xtl="517.89" ytl="183.06" xbr="640.00" ybr="350.86" z_order="0">
    </box>
    <box frame="181" keyframe="0" outside="0" occluded="0" xtl="524.66" ytl="204.98" xbr="640.00" ybr="351.85" z_order="0">
    </box>
    <box frame="182" keyframe="1" outside="0" occluded="0" xtl="531.43" ytl="226.90" xbr="640.00" ybr="352.84" z_order="0">
    </box>
    <box frame="183" keyframe="0" outside="0" occluded="0" xtl="537.23" ytl="227.03" xbr="640.00" ybr="352.97" z_order="0">
    </box>
    <box frame="184" keyframe="0" outside="0" occluded="0" xtl="543.03" ytl="227.16" xbr="640.00" ybr="353.10" z_order="0">
    </box>
    <box frame="185" keyframe="0" outside="0" occluded="0" xtl="548.83" ytl="227.29" xbr="640.00" ybr="353.23" z_order="0">
    </box>
    <box frame="186" keyframe="0" outside="0" occluded="0" xtl="554.63" ytl="227.42" xbr="640.00" ybr="353.36" z_order="0">
    </box>
    <box frame="187" keyframe="0" outside="0" occluded="0" xtl="560.43" ytl="227.54" xbr="640.00" ybr="353.49" z_order="0">
    </box>
    <box frame="188" keyframe="0" outside="0" occluded="0" xtl="566.23" ytl="227.67" xbr="640.00" ybr="353.62" z_order="0">
    </box>
    <box frame="189" keyframe="1" outside="0" occluded="0" xtl="572.03" ytl="227.80" xbr="640.00" ybr="353.75" z_order="0">
    </box>
    <box frame="190" keyframe="0" outside="0" occluded="0" xtl="579.81" ytl="228.14" xbr="640.00" ybr="354.08" z_order="0">
    </box>
    <box frame="191" keyframe="0" outside="0" occluded="0" xtl="587.59" ytl="228.48" xbr="640.00" ybr="354.42" z_order="0">
    </box>
    <box frame="192" keyframe="0" outside="0" occluded="0" xtl="595.38" ytl="228.82" xbr="640.00" ybr="354.76" z_order="0">
    </box>
    <box frame="193" keyframe="1" outside="1" occluded="0" xtl="603.16" ytl="229.16" xbr="640.00" ybr="355.10" z_order="0">
    </box>
  </track>
</annotations>
