<?xml version="1.0" encoding="utf-8"?>
<annotations>
  <version>1.1</version>
  <meta>
    <task>
      <id>13</id>
      <name>012</name>
      <size>58</size>
      <mode>interpolation</mode>
      <overlap>5</overlap>
      <bugtracker></bugtracker>
      <created>2023-05-25 10:25:58.157428+00:00</created>
      <updated>2023-05-25 16:41:45.848600+00:00</updated>
      <subset>default</subset>
      <start_frame>0</start_frame>
      <stop_frame>57</stop_frame>
      <frame_filter></frame_filter>
      <segments>
        <segment>
          <id>12</id>
          <start>0</start>
          <stop>57</stop>
          <url>http://localhost:8080/api/jobs/12</url>
        </segment>
      </segments>
      <owner>
        <username>django</username>
        <email></email>
      </owner>
      <assignee></assignee>
      <labels>
        <label>
          <name>objects</name>
          <color>#db5b78</color>
          <type>any</type>
          <attributes>
          </attributes>
        </label>
      </labels>
      <original_size>
        <width>1280</width>
        <height>720</height>
      </original_size>
      <source>test1.mp4</source>
    </task>
    <dumped>2023-05-25 16:51:18.826816+00:00</dumped>
  </meta>
  <track id="0" label="objects" source="manual">
    <box frame="0" keyframe="1" outside="0" occluded="0" xtl="81.94" ytl="244.53" xbr="362.50" ybr="353.70" z_order="0">
    </box>
    <box frame="1" keyframe="0" outside="0" occluded="0" xtl="81.08" ytl="244.18" xbr="361.63" ybr="353.96" z_order="0">
    </box>
    <box frame="2" keyframe="0" outside="0" occluded="0" xtl="80.22" ytl="243.83" xbr="360.76" ybr="354.23" z_order="0">
    </box>
    <box frame="3" keyframe="0" outside="0" occluded="0" xtl="79.36" ytl="243.49" xbr="359.89" ybr="354.50" z_order="0">
    </box>
    <box frame="4" keyframe="0" outside="0" occluded="0" xtl="78.51" ytl="243.14" xbr="359.02" ybr="354.76" z_order="0">
    </box>
    <box frame="5" keyframe="0" outside="0" occluded="0" xtl="77.65" ytl="242.79" xbr="358.15" ybr="355.03" z_order="0">
    </box>
    <box frame="6" keyframe="0" outside="0" occluded="0" xtl="76.79" ytl="242.45" xbr="357.28" ybr="355.29" z_order="0">
    </box>
    <box frame="7" keyframe="0" outside="0" occluded="0" xtl="75.93" ytl="242.10" xbr="356.41" ybr="355.56" z_order="0">
    </box>
    <box frame="8" keyframe="0" outside="0" occluded="0" xtl="75.07" ytl="241.76" xbr="355.54" ybr="355.82" z_order="0">
    </box>
    <box frame="9" keyframe="0" outside="0" occluded="0" xtl="74.21" ytl="241.41" xbr="354.67" ybr="356.09" z_order="0">
    </box>
    <box frame="10" keyframe="1" outside="0" occluded="0" xtl="73.35" ytl="241.06" xbr="353.80" ybr="356.35" z_order="0">
    </box>
    <box frame="11" keyframe="0" outside="0" occluded="0" xtl="74.49" ytl="241.92" xbr="355.42" ybr="357.82" z_order="0">
    </box>
    <box frame="12" keyframe="0" outside="0" occluded="0" xtl="75.63" ytl="242.77" xbr="357.04" ybr="359.28" z_order="0">
    </box>
    <box frame="13" keyframe="0" outside="0" occluded="0" xtl="76.77" ytl="243.62" xbr="358.66" ybr="360.75" z_order="0">
    </box>
    <box frame="14" keyframe="0" outside="0" occluded="0" xtl="77.91" ytl="244.47" xbr="360.28" ybr="362.21" z_order="0">
    </box>
    <box frame="15" keyframe="0" outside="0" occluded="0" xtl="79.05" ytl="245.33" xbr="361.90" ybr="363.67" z_order="0">
    </box>
    <box frame="16" keyframe="0" outside="0" occluded="0" xtl="80.19" ytl="246.18" xbr="363.51" ybr="365.14" z_order="0">
    </box>
    <box frame="17" keyframe="0" outside="0" occluded="0" xtl="81.33" ytl="247.03" xbr="365.13" ybr="366.60" z_order="0">
    </box>
    <box frame="18" keyframe="0" outside="0" occluded="0" xtl="82.47" ytl="247.88" xbr="366.75" ybr="368.07" z_order="0">
    </box>
    <box frame="19" keyframe="0" outside="0" occluded="0" xtl="83.61" ytl="248.73" xbr="368.37" ybr="369.53" z_order="0">
    </box>
    <box frame="20" keyframe="0" outside="0" occluded="0" xtl="84.75" ytl="249.59" xbr="369.99" ybr="370.99" z_order="0">
    </box>
    <box frame="21" keyframe="0" outside="0" occluded="0" xtl="85.89" ytl="250.44" xbr="371.61" ybr="372.46" z_order="0">
    </box>
    <box frame="22" keyframe="0" outside="0" occluded="0" xtl="87.02" ytl="251.29" xbr="373.23" ybr="373.92" z_order="0">
    </box>
    <box frame="23" keyframe="0" outside="0" occluded="0" xtl="88.16" ytl="252.14" xbr="374.85" ybr="375.39" z_order="0">
    </box>
    <box frame="24" keyframe="0" outside="0" occluded="0" xtl="89.30" ytl="253.00" xbr="376.47" ybr="376.85" z_order="0">
    </box>
    <box frame="25" keyframe="0" outside="0" occluded="0" xtl="90.44" ytl="253.85" xbr="378.09" ybr="378.32" z_order="0">
    </box>
    <box frame="26" keyframe="0" outside="0" occluded="0" xtl="91.58" ytl="254.70" xbr="379.70" ybr="379.78" z_order="0">
    </box>
    <box frame="27" keyframe="0" outside="0" occluded="0" xtl="92.72" ytl="255.55" xbr="381.32" ybr="381.24" z_order="0">
    </box>
    <box frame="28" keyframe="0" outside="0" occluded="0" xtl="93.86" ytl="256.41" xbr="382.94" ybr="382.71" z_order="0">
    </box>
    <box frame="29" keyframe="0" outside="0" occluded="0" xtl="95.00" ytl="257.26" xbr="384.56" ybr="384.17" z_order="0">
    </box>
    <box frame="30" keyframe="0" outside="0" occluded="0" xtl="96.14" ytl="258.11" xbr="386.18" ybr="385.64" z_order="0">
    </box>
    <box frame="31" keyframe="1" outside="0" occluded="0" xtl="97.28" ytl="258.96" xbr="387.80" ybr="387.10" z_order="0">
    </box>
    <box frame="32" keyframe="0" outside="0" occluded="0" xtl="97.95" ytl="259.06" xbr="387.05" ybr="387.20" z_order="0">
    </box>
    <box frame="33" keyframe="1" outside="0" occluded="0" xtl="98.62" ytl="259.16" xbr="386.30" ybr="387.29" z_order="0">
    </box>
    <box frame="34" keyframe="0" outside="0" occluded="0" xtl="99.30" ytl="259.25" xbr="385.41" ybr="387.39" z_order="0">
    </box>
    <box frame="35" keyframe="0" outside="0" occluded="0" xtl="99.97" ytl="259.35" xbr="384.53" ybr="387.49" z_order="0">
    </box>
    <box frame="36" keyframe="0" outside="0" occluded="0" xtl="100.64" ytl="259.45" xbr="383.64" ybr="387.59" z_order="0">
    </box>
    <box frame="37" keyframe="0" outside="0" occluded="0" xtl="101.32" ytl="259.55" xbr="382.75" ybr="387.68" z_order="0">
    </box>
    <box frame="38" keyframe="0" outside="0" occluded="0" xtl="101.99" ytl="259.64" xbr="381.86" ybr="387.78" z_order="0">
    </box>
    <box frame="39" keyframe="0" outside="0" occluded="0" xtl="102.66" ytl="259.74" xbr="380.98" ybr="387.88" z_order="0">
    </box>
    <box frame="40" keyframe="0" outside="0" occluded="0" xtl="103.34" ytl="259.84" xbr="380.09" ybr="387.97" z_order="0">
    </box>
    <box frame="41" keyframe="1" outside="0" occluded="0" xtl="104.01" ytl="259.93" xbr="379.20" ybr="388.07" z_order="0">
    </box>
    <box frame="42" keyframe="0" outside="0" occluded="0" xtl="106.30" ytl="260.32" xbr="379.29" ybr="388.46" z_order="0">
    </box>
    <box frame="43" keyframe="0" outside="0" occluded="0" xtl="108.58" ytl="260.72" xbr="379.38" ybr="388.85" z_order="0">
    </box>
    <box frame="44" keyframe="0" outside="0" occluded="0" xtl="110.87" ytl="261.11" xbr="379.46" ybr="389.24" z_order="0">
    </box>
    <box frame="45" keyframe="0" outside="0" occluded="0" xtl="113.15" ytl="261.50" xbr="379.55" ybr="389.63" z_order="0">
    </box>
    <box frame="46" keyframe="0" outside="0" occluded="0" xtl="115.44" ytl="261.89" xbr="379.64" ybr="390.02" z_order="0">
    </box>
    <box frame="47" keyframe="0" outside="0" occluded="0" xtl="117.73" ytl="262.28" xbr="379.73" ybr="390.41" z_order="0">
    </box>
    <box frame="48" keyframe="0" outside="0" occluded="0" xtl="120.01" ytl="262.67" xbr="379.82" ybr="390.80" z_order="0">
    </box>
    <box frame="49" keyframe="0" outside="0" occluded="0" xtl="122.30" ytl="263.06" xbr="379.90" ybr="391.19" z_order="0">
    </box>
    <box frame="50" keyframe="0" outside="0" occluded="0" xtl="124.58" ytl="263.45" xbr="379.99" ybr="391.59" z_order="0">
    </box>
    <box frame="51" keyframe="0" outside="0" occluded="0" xtl="126.87" ytl="263.84" xbr="380.08" ybr="391.98" z_order="0">
    </box>
    <box frame="52" keyframe="0" outside="0" occluded="0" xtl="129.16" ytl="264.23" xbr="380.17" ybr="392.37" z_order="0">
    </box>
    <box frame="53" keyframe="0" outside="0" occluded="0" xtl="131.44" ytl="264.62" xbr="380.26" ybr="392.76" z_order="0">
    </box>
    <box frame="54" keyframe="0" outside="0" occluded="0" xtl="133.73" ytl="265.01" xbr="380.34" ybr="393.15" z_order="0">
    </box>
    <box frame="55" keyframe="0" outside="0" occluded="0" xtl="136.01" ytl="265.40" xbr="380.43" ybr="393.54" z_order="0">
    </box>
    <box frame="56" keyframe="0" outside="0" occluded="0" xtl="138.30" ytl="265.79" xbr="380.52" ybr="393.93" z_order="0">
    </box>
    <box frame="57" keyframe="1" outside="0" occluded="0" xtl="140.59" ytl="266.18" xbr="380.61" ybr="394.32" z_order="0">
    </box>
  </track>
</annotations>
