<?xml version="1.0" encoding="utf-8"?>
<annotations>
  <version>1.1</version>
  <meta>
    <task>
      <id>8</id>
      <name>011</name>
      <size>508</size>
      <mode>interpolation</mode>
      <overlap>5</overlap>
      <bugtracker></bugtracker>
      <created>2023-05-25 10:03:36.470432+00:00</created>
      <updated>2023-05-25 16:41:13.570233+00:00</updated>
      <subset>default</subset>
      <start_frame>0</start_frame>
      <stop_frame>507</stop_frame>
      <frame_filter></frame_filter>
      <segments>
        <segment>
          <id>7</id>
          <start>0</start>
          <stop>507</stop>
          <url>http://localhost:8080/api/jobs/7</url>
        </segment>
      </segments>
      <owner>
        <username>django</username>
        <email></email>
      </owner>
      <assignee></assignee>
      <labels>
        <label>
          <name>object</name>
          <color>#40e020</color>
          <type>any</type>
          <attributes>
          </attributes>
        </label>
      </labels>
      <original_size>
        <width>1280</width>
        <height>720</height>
      </original_size>
      <source>902-1_902-3654-PD1_preview.mp4</source>
    </task>
    <dumped>2023-05-25 16:51:37.395685+00:00</dumped>
  </meta>
  <track id="0" label="object" source="manual">
    <box frame="0" keyframe="1" outside="0" occluded="0" xtl="395.21" ytl="326.62" xbr="583.50" ybr="432.30" z_order="0">
    </box>
    <box frame="1" keyframe="0" outside="0" occluded="0" xtl="393.99" ytl="327.74" xbr="582.28" ybr="433.41" z_order="0">
    </box>
    <box frame="2" keyframe="0" outside="0" occluded="0" xtl="392.77" ytl="328.85" xbr="581.06" ybr="434.53" z_order="0">
    </box>
    <box frame="3" keyframe="0" outside="0" occluded="0" xtl="391.55" ytl="329.96" xbr="579.84" ybr="435.64" z_order="0">
    </box>
    <box frame="4" keyframe="0" outside="0" occluded="0" xtl="390.33" ytl="331.07" xbr="578.63" ybr="436.75" z_order="0">
    </box>
    <box frame="5" keyframe="0" outside="0" occluded="0" xtl="389.11" ytl="332.19" xbr="577.41" ybr="437.86" z_order="0">
    </box>
    <box frame="6" keyframe="0" outside="0" occluded="0" xtl="387.89" ytl="333.30" xbr="576.19" ybr="438.98" z_order="0">
    </box>
    <box frame="7" keyframe="0" outside="0" occluded="0" xtl="386.68" ytl="334.41" xbr="574.97" ybr="440.09" z_order="0">
    </box>
    <box frame="8" keyframe="0" outside="0" occluded="0" xtl="385.46" ytl="335.52" xbr="573.75" ybr="441.20" z_order="0">
    </box>
    <box frame="9" keyframe="0" outside="0" occluded="0" xtl="384.24" ytl="336.64" xbr="572.53" ybr="442.31" z_order="0">
    </box>
    <box frame="10" keyframe="0" outside="0" occluded="0" xtl="383.02" ytl="337.75" xbr="571.32" ybr="443.43" z_order="0">
    </box>
    <box frame="11" keyframe="0" outside="0" occluded="0" xtl="381.80" ytl="338.86" xbr="570.10" ybr="444.54" z_order="0">
    </box>
    <box frame="12" keyframe="0" outside="0" occluded="0" xtl="380.58" ytl="339.97" xbr="568.88" ybr="445.65" z_order="0">
    </box>
    <box frame="13" keyframe="0" outside="0" occluded="0" xtl="379.36" ytl="341.09" xbr="567.66" ybr="446.76" z_order="0">
    </box>
    <box frame="14" keyframe="0" outside="0" occluded="0" xtl="378.15" ytl="342.20" xbr="566.44" ybr="447.88" z_order="0">
    </box>
    <box frame="15" keyframe="1" outside="0" occluded="0" xtl="376.93" ytl="343.31" xbr="565.22" ybr="448.99" z_order="0">
    </box>
    <box frame="16" keyframe="0" outside="0" occluded="0" xtl="376.79" ytl="344.01" xbr="565.08" ybr="449.69" z_order="0">
    </box>
    <box frame="17" keyframe="0" outside="0" occluded="0" xtl="376.65" ytl="344.71" xbr="564.94" ybr="450.39" z_order="0">
    </box>
    <box frame="18" keyframe="0" outside="0" occluded="0" xtl="376.51" ytl="345.42" xbr="564.80" ybr="451.09" z_order="0">
    </box>
    <box frame="19" keyframe="0" outside="0" occluded="0" xtl="376.37" ytl="346.12" xbr="564.66" ybr="451.79" z_order="0">
    </box>
    <box frame="20" keyframe="0" outside="0" occluded="0" xtl="376.23" ytl="346.82" xbr="564.52" ybr="452.50" z_order="0">
    </box>
    <box frame="21" keyframe="0" outside="0" occluded="0" xtl="376.09" ytl="347.52" xbr="564.38" ybr="453.20" z_order="0">
    </box>
    <box frame="22" keyframe="0" outside="0" occluded="0" xtl="375.95" ytl="348.22" xbr="564.24" ybr="453.90" z_order="0">
    </box>
    <box frame="23" keyframe="0" outside="0" occluded="0" xtl="375.81" ytl="348.92" xbr="564.10" ybr="454.60" z_order="0">
    </box>
    <box frame="24" keyframe="0" outside="0" occluded="0" xtl="375.67" ytl="349.62" xbr="563.96" ybr="455.30" z_order="0">
    </box>
    <box frame="25" keyframe="0" outside="0" occluded="0" xtl="375.52" ytl="350.32" xbr="563.82" ybr="456.00" z_order="0">
    </box>
    <box frame="26" keyframe="0" outside="0" occluded="0" xtl="375.38" ytl="351.03" xbr="563.68" ybr="456.70" z_order="0">
    </box>
    <box frame="27" keyframe="0" outside="0" occluded="0" xtl="375.24" ytl="351.73" xbr="563.54" ybr="457.40" z_order="0">
    </box>
    <box frame="28" keyframe="0" outside="0" occluded="0" xtl="375.10" ytl="352.43" xbr="563.40" ybr="458.10" z_order="0">
    </box>
    <box frame="29" keyframe="0" outside="0" occluded="0" xtl="374.96" ytl="353.13" xbr="563.26" ybr="458.81" z_order="0">
    </box>
    <box frame="30" keyframe="0" outside="0" occluded="0" xtl="374.82" ytl="353.83" xbr="563.12" ybr="459.51" z_order="0">
    </box>
    <box frame="31" keyframe="0" outside="0" occluded="0" xtl="374.68" ytl="354.53" xbr="562.98" ybr="460.21" z_order="0">
    </box>
    <box frame="32" keyframe="1" outside="0" occluded="0" xtl="374.54" ytl="355.23" xbr="562.84" ybr="460.91" z_order="0">
    </box>
    <box frame="33" keyframe="0" outside="0" occluded="0" xtl="374.67" ytl="355.29" xbr="562.96" ybr="460.97" z_order="0">
    </box>
    <box frame="34" keyframe="0" outside="0" occluded="0" xtl="374.79" ytl="355.35" xbr="563.08" ybr="461.03" z_order="0">
    </box>
    <box frame="35" keyframe="0" outside="0" occluded="0" xtl="374.91" ytl="355.42" xbr="563.20" ybr="461.09" z_order="0">
    </box>
    <box frame="36" keyframe="0" outside="0" occluded="0" xtl="375.03" ytl="355.48" xbr="563.33" ybr="461.15" z_order="0">
    </box>
    <box frame="37" keyframe="0" outside="0" occluded="0" xtl="375.15" ytl="355.54" xbr="563.45" ybr="461.22" z_order="0">
    </box>
    <box frame="38" keyframe="0" outside="0" occluded="0" xtl="375.28" ytl="355.60" xbr="563.57" ybr="461.28" z_order="0">
    </box>
    <box frame="39" keyframe="0" outside="0" occluded="0" xtl="375.40" ytl="355.66" xbr="563.69" ybr="461.34" z_order="0">
    </box>
    <box frame="40" keyframe="0" outside="0" occluded="0" xtl="375.52" ytl="355.72" xbr="563.82" ybr="461.40" z_order="0">
    </box>
    <box frame="41" keyframe="0" outside="0" occluded="0" xtl="375.64" ytl="355.78" xbr="563.94" ybr="461.46" z_order="0">
    </box>
    <box frame="42" keyframe="0" outside="0" occluded="0" xtl="375.77" ytl="355.84" xbr="564.06" ybr="461.52" z_order="0">
    </box>
    <box frame="43" keyframe="0" outside="0" occluded="0" xtl="375.89" ytl="355.90" xbr="564.18" ybr="461.58" z_order="0">
    </box>
    <box frame="44" keyframe="0" outside="0" occluded="0" xtl="376.01" ytl="355.97" xbr="564.30" ybr="461.64" z_order="0">
    </box>
    <box frame="45" keyframe="0" outside="0" occluded="0" xtl="376.13" ytl="356.03" xbr="564.43" ybr="461.70" z_order="0">
    </box>
    <box frame="46" keyframe="0" outside="0" occluded="0" xtl="376.25" ytl="356.09" xbr="564.55" ybr="461.77" z_order="0">
    </box>
    <box frame="47" keyframe="0" outside="0" occluded="0" xtl="376.38" ytl="356.15" xbr="564.67" ybr="461.83" z_order="0">
    </box>
    <box frame="48" keyframe="0" outside="0" occluded="0" xtl="376.50" ytl="356.21" xbr="564.79" ybr="461.89" z_order="0">
    </box>
    <box frame="49" keyframe="0" outside="0" occluded="0" xtl="376.62" ytl="356.27" xbr="564.92" ybr="461.95" z_order="0">
    </box>
    <box frame="50" keyframe="0" outside="0" occluded="0" xtl="376.74" ytl="356.33" xbr="565.04" ybr="462.01" z_order="0">
    </box>
    <box frame="51" keyframe="0" outside="0" occluded="0" xtl="376.87" ytl="356.39" xbr="565.16" ybr="462.07" z_order="0">
    </box>
    <box frame="52" keyframe="0" outside="0" occluded="0" xtl="376.99" ytl="356.46" xbr="565.28" ybr="462.13" z_order="0">
    </box>
    <box frame="53" keyframe="0" outside="0" occluded="0" xtl="377.11" ytl="356.52" xbr="565.41" ybr="462.19" z_order="0">
    </box>
    <box frame="54" keyframe="0" outside="0" occluded="0" xtl="377.23" ytl="356.58" xbr="565.53" ybr="462.25" z_order="0">
    </box>
    <box frame="55" keyframe="0" outside="0" occluded="0" xtl="377.35" ytl="356.64" xbr="565.65" ybr="462.32" z_order="0">
    </box>
    <box frame="56" keyframe="0" outside="0" occluded="0" xtl="377.48" ytl="356.70" xbr="565.77" ybr="462.38" z_order="0">
    </box>
    <box frame="57" keyframe="0" outside="0" occluded="0" xtl="377.60" ytl="356.76" xbr="565.89" ybr="462.44" z_order="0">
    </box>
    <box frame="58" keyframe="0" outside="0" occluded="0" xtl="377.72" ytl="356.82" xbr="566.02" ybr="462.50" z_order="0">
    </box>
    <box frame="59" keyframe="0" outside="0" occluded="0" xtl="377.84" ytl="356.88" xbr="566.14" ybr="462.56" z_order="0">
    </box>
    <box frame="60" keyframe="0" outside="0" occluded="0" xtl="377.97" ytl="356.94" xbr="566.26" ybr="462.62" z_order="0">
    </box>
    <box frame="61" keyframe="0" outside="0" occluded="0" xtl="378.09" ytl="357.01" xbr="566.38" ybr="462.68" z_order="0">
    </box>
    <box frame="62" keyframe="0" outside="0" occluded="0" xtl="378.21" ytl="357.07" xbr="566.51" ybr="462.74" z_order="0">
    </box>
    <box frame="63" keyframe="0" outside="0" occluded="0" xtl="378.33" ytl="357.13" xbr="566.63" ybr="462.80" z_order="0">
    </box>
    <box frame="64" keyframe="0" outside="0" occluded="0" xtl="378.46" ytl="357.19" xbr="566.75" ybr="462.87" z_order="0">
    </box>
    <box frame="65" keyframe="0" outside="0" occluded="0" xtl="378.58" ytl="357.25" xbr="566.87" ybr="462.93" z_order="0">
    </box>
    <box frame="66" keyframe="0" outside="0" occluded="0" xtl="378.70" ytl="357.31" xbr="566.99" ybr="462.99" z_order="0">
    </box>
    <box frame="67" keyframe="0" outside="0" occluded="0" xtl="378.82" ytl="357.37" xbr="567.12" ybr="463.05" z_order="0">
    </box>
    <box frame="68" keyframe="0" outside="0" occluded="0" xtl="378.94" ytl="357.43" xbr="567.24" ybr="463.11" z_order="0">
    </box>
    <box frame="69" keyframe="0" outside="0" occluded="0" xtl="379.07" ytl="357.49" xbr="567.36" ybr="463.17" z_order="0">
    </box>
    <box frame="70" keyframe="0" outside="0" occluded="0" xtl="379.19" ytl="357.56" xbr="567.48" ybr="463.23" z_order="0">
    </box>
    <box frame="71" keyframe="0" outside="0" occluded="0" xtl="379.31" ytl="357.62" xbr="567.61" ybr="463.29" z_order="0">
    </box>
    <box frame="72" keyframe="0" outside="0" occluded="0" xtl="379.43" ytl="357.68" xbr="567.73" ybr="463.35" z_order="0">
    </box>
    <box frame="73" keyframe="0" outside="0" occluded="0" xtl="379.56" ytl="357.74" xbr="567.85" ybr="463.42" z_order="0">
    </box>
    <box frame="74" keyframe="0" outside="0" occluded="0" xtl="379.68" ytl="357.80" xbr="567.97" ybr="463.48" z_order="0">
    </box>
    <box frame="75" keyframe="0" outside="0" occluded="0" xtl="379.80" ytl="357.86" xbr="568.09" ybr="463.54" z_order="0">
    </box>
    <box frame="76" keyframe="0" outside="0" occluded="0" xtl="379.92" ytl="357.92" xbr="568.22" ybr="463.60" z_order="0">
    </box>
    <box frame="77" keyframe="0" outside="0" occluded="0" xtl="380.04" ytl="357.98" xbr="568.34" ybr="463.66" z_order="0">
    </box>
    <box frame="78" keyframe="0" outside="0" occluded="0" xtl="380.17" ytl="358.04" xbr="568.46" ybr="463.72" z_order="0">
    </box>
    <box frame="79" keyframe="0" outside="0" occluded="0" xtl="380.29" ytl="358.11" xbr="568.58" ybr="463.78" z_order="0">
    </box>
    <box frame="80" keyframe="0" outside="0" occluded="0" xtl="380.41" ytl="358.17" xbr="568.71" ybr="463.84" z_order="0">
    </box>
    <box frame="81" keyframe="0" outside="0" occluded="0" xtl="380.53" ytl="358.23" xbr="568.83" ybr="463.90" z_order="0">
    </box>
    <box frame="82" keyframe="0" outside="0" occluded="0" xtl="380.66" ytl="358.29" xbr="568.95" ybr="463.97" z_order="0">
    </box>
    <box frame="83" keyframe="0" outside="0" occluded="0" xtl="380.78" ytl="358.35" xbr="569.07" ybr="464.03" z_order="0">
    </box>
    <box frame="84" keyframe="0" outside="0" occluded="0" xtl="380.90" ytl="358.41" xbr="569.20" ybr="464.09" z_order="0">
    </box>
    <box frame="85" keyframe="0" outside="0" occluded="0" xtl="381.02" ytl="358.47" xbr="569.32" ybr="464.15" z_order="0">
    </box>
    <box frame="86" keyframe="0" outside="0" occluded="0" xtl="381.14" ytl="358.53" xbr="569.44" ybr="464.21" z_order="0">
    </box>
    <box frame="87" keyframe="0" outside="0" occluded="0" xtl="381.27" ytl="358.59" xbr="569.56" ybr="464.27" z_order="0">
    </box>
    <box frame="88" keyframe="0" outside="0" occluded="0" xtl="381.39" ytl="358.66" xbr="569.68" ybr="464.33" z_order="0">
    </box>
    <box frame="89" keyframe="0" outside="0" occluded="0" xtl="381.51" ytl="358.72" xbr="569.81" ybr="464.39" z_order="0">
    </box>
    <box frame="90" keyframe="0" outside="0" occluded="0" xtl="381.63" ytl="358.78" xbr="569.93" ybr="464.45" z_order="0">
    </box>
    <box frame="91" keyframe="0" outside="0" occluded="0" xtl="381.76" ytl="358.84" xbr="570.05" ybr="464.52" z_order="0">
    </box>
    <box frame="92" keyframe="0" outside="0" occluded="0" xtl="381.88" ytl="358.90" xbr="570.17" ybr="464.58" z_order="0">
    </box>
    <box frame="93" keyframe="0" outside="0" occluded="0" xtl="382.00" ytl="358.96" xbr="570.30" ybr="464.64" z_order="0">
    </box>
    <box frame="94" keyframe="0" outside="0" occluded="0" xtl="382.12" ytl="359.02" xbr="570.42" ybr="464.70" z_order="0">
    </box>
    <box frame="95" keyframe="0" outside="0" occluded="0" xtl="382.25" ytl="359.08" xbr="570.54" ybr="464.76" z_order="0">
    </box>
    <box frame="96" keyframe="0" outside="0" occluded="0" xtl="382.37" ytl="359.14" xbr="570.66" ybr="464.82" z_order="0">
    </box>
    <box frame="97" keyframe="0" outside="0" occluded="0" xtl="382.49" ytl="359.21" xbr="570.78" ybr="464.88" z_order="0">
    </box>
    <box frame="98" keyframe="0" outside="0" occluded="0" xtl="382.61" ytl="359.27" xbr="570.91" ybr="464.94" z_order="0">
    </box>
    <box frame="99" keyframe="0" outside="0" occluded="0" xtl="382.73" ytl="359.33" xbr="571.03" ybr="465.01" z_order="0">
    </box>
    <box frame="100" keyframe="0" outside="0" occluded="0" xtl="382.86" ytl="359.39" xbr="571.15" ybr="465.07" z_order="0">
    </box>
    <box frame="101" keyframe="0" outside="0" occluded="0" xtl="382.98" ytl="359.45" xbr="571.27" ybr="465.13" z_order="0">
    </box>
    <box frame="102" keyframe="0" outside="0" occluded="0" xtl="383.10" ytl="359.51" xbr="571.40" ybr="465.19" z_order="0">
    </box>
    <box frame="103" keyframe="0" outside="0" occluded="0" xtl="383.22" ytl="359.57" xbr="571.52" ybr="465.25" z_order="0">
    </box>
    <box frame="104" keyframe="0" outside="0" occluded="0" xtl="383.35" ytl="359.63" xbr="571.64" ybr="465.31" z_order="0">
    </box>
    <box frame="105" keyframe="0" outside="0" occluded="0" xtl="383.47" ytl="359.69" xbr="571.76" ybr="465.37" z_order="0">
    </box>
    <box frame="106" keyframe="0" outside="0" occluded="0" xtl="383.59" ytl="359.76" xbr="571.88" ybr="465.43" z_order="0">
    </box>
    <box frame="107" keyframe="0" outside="0" occluded="0" xtl="383.71" ytl="359.82" xbr="572.01" ybr="465.49" z_order="0">
    </box>
    <box frame="108" keyframe="0" outside="0" occluded="0" xtl="383.83" ytl="359.88" xbr="572.13" ybr="465.56" z_order="0">
    </box>
    <box frame="109" keyframe="0" outside="0" occluded="0" xtl="383.96" ytl="359.94" xbr="572.25" ybr="465.62" z_order="0">
    </box>
    <box frame="110" keyframe="0" outside="0" occluded="0" xtl="384.08" ytl="360.00" xbr="572.37" ybr="465.68" z_order="0">
    </box>
    <box frame="111" keyframe="0" outside="0" occluded="0" xtl="384.20" ytl="360.06" xbr="572.50" ybr="465.74" z_order="0">
    </box>
    <box frame="112" keyframe="0" outside="0" occluded="0" xtl="384.32" ytl="360.12" xbr="572.62" ybr="465.80" z_order="0">
    </box>
    <box frame="113" keyframe="0" outside="0" occluded="0" xtl="384.45" ytl="360.18" xbr="572.74" ybr="465.86" z_order="0">
    </box>
    <box frame="114" keyframe="0" outside="0" occluded="0" xtl="384.57" ytl="360.25" xbr="572.86" ybr="465.92" z_order="0">
    </box>
    <box frame="115" keyframe="0" outside="0" occluded="0" xtl="384.69" ytl="360.31" xbr="572.99" ybr="465.98" z_order="0">
    </box>
    <box frame="116" keyframe="0" outside="0" occluded="0" xtl="384.81" ytl="360.37" xbr="573.11" ybr="466.04" z_order="0">
    </box>
    <box frame="117" keyframe="0" outside="0" occluded="0" xtl="384.93" ytl="360.43" xbr="573.23" ybr="466.11" z_order="0">
    </box>
    <box frame="118" keyframe="0" outside="0" occluded="0" xtl="385.06" ytl="360.49" xbr="573.35" ybr="466.17" z_order="0">
    </box>
    <box frame="119" keyframe="0" outside="0" occluded="0" xtl="385.18" ytl="360.55" xbr="573.47" ybr="466.23" z_order="0">
    </box>
    <box frame="120" keyframe="0" outside="0" occluded="0" xtl="385.30" ytl="360.61" xbr="573.60" ybr="466.29" z_order="0">
    </box>
    <box frame="121" keyframe="0" outside="0" occluded="0" xtl="385.42" ytl="360.67" xbr="573.72" ybr="466.35" z_order="0">
    </box>
    <box frame="122" keyframe="0" outside="0" occluded="0" xtl="385.55" ytl="360.73" xbr="573.84" ybr="466.41" z_order="0">
    </box>
    <box frame="123" keyframe="0" outside="0" occluded="0" xtl="385.67" ytl="360.80" xbr="573.96" ybr="466.47" z_order="0">
    </box>
    <box frame="124" keyframe="0" outside="0" occluded="0" xtl="385.79" ytl="360.86" xbr="574.09" ybr="466.53" z_order="0">
    </box>
    <box frame="125" keyframe="0" outside="0" occluded="0" xtl="385.91" ytl="360.92" xbr="574.21" ybr="466.59" z_order="0">
    </box>
    <box frame="126" keyframe="0" outside="0" occluded="0" xtl="386.04" ytl="360.98" xbr="574.33" ybr="466.66" z_order="0">
    </box>
    <box frame="127" keyframe="0" outside="0" occluded="0" xtl="386.16" ytl="361.04" xbr="574.45" ybr="466.72" z_order="0">
    </box>
    <box frame="128" keyframe="0" outside="0" occluded="0" xtl="386.28" ytl="361.10" xbr="574.57" ybr="466.78" z_order="0">
    </box>
    <box frame="129" keyframe="0" outside="0" occluded="0" xtl="386.40" ytl="361.16" xbr="574.70" ybr="466.84" z_order="0">
    </box>
    <box frame="130" keyframe="0" outside="0" occluded="0" xtl="386.52" ytl="361.22" xbr="574.82" ybr="466.90" z_order="0">
    </box>
    <box frame="131" keyframe="0" outside="0" occluded="0" xtl="386.65" ytl="361.28" xbr="574.94" ybr="466.96" z_order="0">
    </box>
    <box frame="132" keyframe="0" outside="0" occluded="0" xtl="386.77" ytl="361.35" xbr="575.06" ybr="467.02" z_order="0">
    </box>
    <box frame="133" keyframe="0" outside="0" occluded="0" xtl="386.89" ytl="361.41" xbr="575.19" ybr="467.08" z_order="0">
    </box>
    <box frame="134" keyframe="0" outside="0" occluded="0" xtl="387.01" ytl="361.47" xbr="575.31" ybr="467.14" z_order="0">
    </box>
    <box frame="135" keyframe="0" outside="0" occluded="0" xtl="387.14" ytl="361.53" xbr="575.43" ybr="467.21" z_order="0">
    </box>
    <box frame="136" keyframe="1" outside="0" occluded="0" xtl="387.26" ytl="361.59" xbr="575.55" ybr="467.27" z_order="0">
    </box>
    <box frame="137" keyframe="0" outside="0" occluded="0" xtl="387.82" ytl="361.31" xbr="575.75" ybr="466.74" z_order="0">
    </box>
    <box frame="138" keyframe="0" outside="0" occluded="0" xtl="388.38" ytl="361.03" xbr="575.95" ybr="466.22" z_order="0">
    </box>
    <box frame="139" keyframe="0" outside="0" occluded="0" xtl="388.95" ytl="360.75" xbr="576.15" ybr="465.69" z_order="0">
    </box>
    <box frame="140" keyframe="0" outside="0" occluded="0" xtl="389.51" ytl="360.46" xbr="576.35" ybr="465.17" z_order="0">
    </box>
    <box frame="141" keyframe="0" outside="0" occluded="0" xtl="390.07" ytl="360.18" xbr="576.55" ybr="464.65" z_order="0">
    </box>
    <box frame="142" keyframe="0" outside="0" occluded="0" xtl="390.64" ytl="359.90" xbr="576.75" ybr="464.12" z_order="0">
    </box>
    <box frame="143" keyframe="0" outside="0" occluded="0" xtl="391.20" ytl="359.62" xbr="576.95" ybr="463.60" z_order="0">
    </box>
    <box frame="144" keyframe="0" outside="0" occluded="0" xtl="391.76" ytl="359.34" xbr="577.14" ybr="463.07" z_order="0">
    </box>
    <box frame="145" keyframe="0" outside="0" occluded="0" xtl="392.32" ytl="359.06" xbr="577.34" ybr="462.55" z_order="0">
    </box>
    <box frame="146" keyframe="0" outside="0" occluded="0" xtl="392.89" ytl="358.78" xbr="577.54" ybr="462.02" z_order="0">
    </box>
    <box frame="147" keyframe="0" outside="0" occluded="0" xtl="393.45" ytl="358.49" xbr="577.74" ybr="461.50" z_order="0">
    </box>
    <box frame="148" keyframe="0" outside="0" occluded="0" xtl="394.01" ytl="358.21" xbr="577.94" ybr="460.98" z_order="0">
    </box>
    <box frame="149" keyframe="0" outside="0" occluded="0" xtl="394.58" ytl="357.93" xbr="578.14" ybr="460.45" z_order="0">
    </box>
    <box frame="150" keyframe="0" outside="0" occluded="0" xtl="395.14" ytl="357.65" xbr="578.34" ybr="459.93" z_order="0">
    </box>
    <box frame="151" keyframe="0" outside="0" occluded="0" xtl="395.70" ytl="357.37" xbr="578.54" ybr="459.40" z_order="0">
    </box>
    <box frame="152" keyframe="0" outside="0" occluded="0" xtl="396.26" ytl="357.09" xbr="578.74" ybr="458.88" z_order="0">
    </box>
    <box frame="153" keyframe="0" outside="0" occluded="0" xtl="396.83" ytl="356.81" xbr="578.93" ybr="458.35" z_order="0">
    </box>
    <box frame="154" keyframe="0" outside="0" occluded="0" xtl="397.39" ytl="356.52" xbr="579.13" ybr="457.83" z_order="0">
    </box>
    <box frame="155" keyframe="0" outside="0" occluded="0" xtl="397.95" ytl="356.24" xbr="579.33" ybr="457.30" z_order="0">
    </box>
    <box frame="156" keyframe="0" outside="0" occluded="0" xtl="398.52" ytl="355.96" xbr="579.53" ybr="456.78" z_order="0">
    </box>
    <box frame="157" keyframe="0" outside="0" occluded="0" xtl="399.08" ytl="355.68" xbr="579.73" ybr="456.26" z_order="0">
    </box>
    <box frame="158" keyframe="0" outside="0" occluded="0" xtl="399.64" ytl="355.40" xbr="579.93" ybr="455.73" z_order="0">
    </box>
    <box frame="159" keyframe="0" outside="0" occluded="0" xtl="400.20" ytl="355.12" xbr="580.13" ybr="455.21" z_order="0">
    </box>
    <box frame="160" keyframe="0" outside="0" occluded="0" xtl="400.77" ytl="354.83" xbr="580.33" ybr="454.68" z_order="0">
    </box>
    <box frame="161" keyframe="0" outside="0" occluded="0" xtl="401.33" ytl="354.55" xbr="580.53" ybr="454.16" z_order="0">
    </box>
    <box frame="162" keyframe="0" outside="0" occluded="0" xtl="401.89" ytl="354.27" xbr="580.72" ybr="453.63" z_order="0">
    </box>
    <box frame="163" keyframe="0" outside="0" occluded="0" xtl="402.46" ytl="353.99" xbr="580.92" ybr="453.11" z_order="0">
    </box>
    <box frame="164" keyframe="0" outside="0" occluded="0" xtl="403.02" ytl="353.71" xbr="581.12" ybr="452.59" z_order="0">
    </box>
    <box frame="165" keyframe="0" outside="0" occluded="0" xtl="403.58" ytl="353.43" xbr="581.32" ybr="452.06" z_order="0">
    </box>
    <box frame="166" keyframe="0" outside="0" occluded="0" xtl="404.15" ytl="353.15" xbr="581.52" ybr="451.54" z_order="0">
    </box>
    <box frame="167" keyframe="0" outside="0" occluded="0" xtl="404.71" ytl="352.86" xbr="581.72" ybr="451.01" z_order="0">
    </box>
    <box frame="168" keyframe="0" outside="0" occluded="0" xtl="405.27" ytl="352.58" xbr="581.92" ybr="450.49" z_order="0">
    </box>
    <box frame="169" keyframe="0" outside="0" occluded="0" xtl="405.83" ytl="352.30" xbr="582.12" ybr="449.96" z_order="0">
    </box>
    <box frame="170" keyframe="0" outside="0" occluded="0" xtl="406.40" ytl="352.02" xbr="582.32" ybr="449.44" z_order="0">
    </box>
    <box frame="171" keyframe="0" outside="0" occluded="0" xtl="406.96" ytl="351.74" xbr="582.51" ybr="448.92" z_order="0">
    </box>
    <box frame="172" keyframe="0" outside="0" occluded="0" xtl="407.52" ytl="351.46" xbr="582.71" ybr="448.39" z_order="0">
    </box>
    <box frame="173" keyframe="0" outside="0" occluded="0" xtl="408.09" ytl="351.18" xbr="582.91" ybr="447.87" z_order="0">
    </box>
    <box frame="174" keyframe="0" outside="0" occluded="0" xtl="408.65" ytl="350.89" xbr="583.11" ybr="447.34" z_order="0">
    </box>
    <box frame="175" keyframe="0" outside="0" occluded="0" xtl="409.21" ytl="350.61" xbr="583.31" ybr="446.82" z_order="0">
    </box>
    <box frame="176" keyframe="0" outside="0" occluded="0" xtl="409.77" ytl="350.33" xbr="583.51" ybr="446.29" z_order="0">
    </box>
    <box frame="177" keyframe="0" outside="0" occluded="0" xtl="410.34" ytl="350.05" xbr="583.71" ybr="445.77" z_order="0">
    </box>
    <box frame="178" keyframe="0" outside="0" occluded="0" xtl="410.90" ytl="349.77" xbr="583.91" ybr="445.25" z_order="0">
    </box>
    <box frame="179" keyframe="0" outside="0" occluded="0" xtl="411.46" ytl="349.49" xbr="584.11" ybr="444.72" z_order="0">
    </box>
    <box frame="180" keyframe="0" outside="0" occluded="0" xtl="412.03" ytl="349.21" xbr="584.30" ybr="444.20" z_order="0">
    </box>
    <box frame="181" keyframe="0" outside="0" occluded="0" xtl="412.59" ytl="348.92" xbr="584.50" ybr="443.67" z_order="0">
    </box>
    <box frame="182" keyframe="0" outside="0" occluded="0" xtl="413.15" ytl="348.64" xbr="584.70" ybr="443.15" z_order="0">
    </box>
    <box frame="183" keyframe="0" outside="0" occluded="0" xtl="413.71" ytl="348.36" xbr="584.90" ybr="442.62" z_order="0">
    </box>
    <box frame="184" keyframe="1" outside="0" occluded="0" xtl="414.28" ytl="348.08" xbr="585.10" ybr="442.10" z_order="0">
    </box>
    <box frame="185" keyframe="0" outside="0" occluded="0" xtl="414.54" ytl="347.97" xbr="585.37" ybr="441.99" z_order="0">
    </box>
    <box frame="186" keyframe="0" outside="0" occluded="0" xtl="414.81" ytl="347.87" xbr="585.63" ybr="441.89" z_order="0">
    </box>
    <box frame="187" keyframe="0" outside="0" occluded="0" xtl="415.07" ytl="347.76" xbr="585.90" ybr="441.78" z_order="0">
    </box>
    <box frame="188" keyframe="0" outside="0" occluded="0" xtl="415.34" ytl="347.66" xbr="586.16" ybr="441.68" z_order="0">
    </box>
    <box frame="189" keyframe="0" outside="0" occluded="0" xtl="415.60" ytl="347.55" xbr="586.43" ybr="441.57" z_order="0">
    </box>
    <box frame="190" keyframe="0" outside="0" occluded="0" xtl="415.87" ytl="347.44" xbr="586.69" ybr="441.46" z_order="0">
    </box>
    <box frame="191" keyframe="0" outside="0" occluded="0" xtl="416.13" ytl="347.34" xbr="586.96" ybr="441.36" z_order="0">
    </box>
    <box frame="192" keyframe="0" outside="0" occluded="0" xtl="416.40" ytl="347.23" xbr="587.22" ybr="441.25" z_order="0">
    </box>
    <box frame="193" keyframe="0" outside="0" occluded="0" xtl="416.67" ytl="347.12" xbr="587.49" ybr="441.14" z_order="0">
    </box>
    <box frame="194" keyframe="0" outside="0" occluded="0" xtl="416.93" ytl="347.02" xbr="587.75" ybr="441.04" z_order="0">
    </box>
    <box frame="195" keyframe="0" outside="0" occluded="0" xtl="417.20" ytl="346.91" xbr="588.02" ybr="440.93" z_order="0">
    </box>
    <box frame="196" keyframe="0" outside="0" occluded="0" xtl="417.46" ytl="346.81" xbr="588.28" ybr="440.83" z_order="0">
    </box>
    <box frame="197" keyframe="0" outside="0" occluded="0" xtl="417.73" ytl="346.70" xbr="588.55" ybr="440.72" z_order="0">
    </box>
    <box frame="198" keyframe="0" outside="0" occluded="0" xtl="417.99" ytl="346.59" xbr="588.82" ybr="440.61" z_order="0">
    </box>
    <box frame="199" keyframe="0" outside="0" occluded="0" xtl="418.26" ytl="346.49" xbr="589.08" ybr="440.51" z_order="0">
    </box>
    <box frame="200" keyframe="0" outside="0" occluded="0" xtl="418.52" ytl="346.38" xbr="589.35" ybr="440.40" z_order="0">
    </box>
    <box frame="201" keyframe="0" outside="0" occluded="0" xtl="418.79" ytl="346.28" xbr="589.61" ybr="440.30" z_order="0">
    </box>
    <box frame="202" keyframe="0" outside="0" occluded="0" xtl="419.05" ytl="346.17" xbr="589.88" ybr="440.19" z_order="0">
    </box>
    <box frame="203" keyframe="0" outside="0" occluded="0" xtl="419.32" ytl="346.06" xbr="590.14" ybr="440.08" z_order="0">
    </box>
    <box frame="204" keyframe="0" outside="0" occluded="0" xtl="419.58" ytl="345.96" xbr="590.41" ybr="439.98" z_order="0">
    </box>
    <box frame="205" keyframe="0" outside="0" occluded="0" xtl="419.85" ytl="345.85" xbr="590.67" ybr="439.87" z_order="0">
    </box>
    <box frame="206" keyframe="0" outside="0" occluded="0" xtl="420.12" ytl="345.74" xbr="590.94" ybr="439.76" z_order="0">
    </box>
    <box frame="207" keyframe="0" outside="0" occluded="0" xtl="420.38" ytl="345.64" xbr="591.20" ybr="439.66" z_order="0">
    </box>
    <box frame="208" keyframe="0" outside="0" occluded="0" xtl="420.65" ytl="345.53" xbr="591.47" ybr="439.55" z_order="0">
    </box>
    <box frame="209" keyframe="0" outside="0" occluded="0" xtl="420.91" ytl="345.43" xbr="591.73" ybr="439.45" z_order="0">
    </box>
    <box frame="210" keyframe="0" outside="0" occluded="0" xtl="421.18" ytl="345.32" xbr="592.00" ybr="439.34" z_order="0">
    </box>
    <box frame="211" keyframe="0" outside="0" occluded="0" xtl="421.44" ytl="345.21" xbr="592.26" ybr="439.23" z_order="0">
    </box>
    <box frame="212" keyframe="0" outside="0" occluded="0" xtl="421.71" ytl="345.11" xbr="592.53" ybr="439.13" z_order="0">
    </box>
    <box frame="213" keyframe="0" outside="0" occluded="0" xtl="421.97" ytl="345.00" xbr="592.80" ybr="439.02" z_order="0">
    </box>
    <box frame="214" keyframe="0" outside="0" occluded="0" xtl="422.24" ytl="344.90" xbr="593.06" ybr="438.92" z_order="0">
    </box>
    <box frame="215" keyframe="0" outside="0" occluded="0" xtl="422.50" ytl="344.79" xbr="593.33" ybr="438.81" z_order="0">
    </box>
    <box frame="216" keyframe="0" outside="0" occluded="0" xtl="422.77" ytl="344.68" xbr="593.59" ybr="438.70" z_order="0">
    </box>
    <box frame="217" keyframe="0" outside="0" occluded="0" xtl="423.03" ytl="344.58" xbr="593.86" ybr="438.60" z_order="0">
    </box>
    <box frame="218" keyframe="1" outside="0" occluded="0" xtl="423.30" ytl="344.47" xbr="594.12" ybr="438.49" z_order="0">
    </box>
    <box frame="219" keyframe="0" outside="0" occluded="0" xtl="424.34" ytl="343.61" xbr="595.16" ybr="437.63" z_order="0">
    </box>
    <box frame="220" keyframe="0" outside="0" occluded="0" xtl="425.38" ytl="342.76" xbr="596.20" ybr="436.78" z_order="0">
    </box>
    <box frame="221" keyframe="0" outside="0" occluded="0" xtl="426.41" ytl="341.90" xbr="597.24" ybr="435.92" z_order="0">
    </box>
    <box frame="222" keyframe="0" outside="0" occluded="0" xtl="427.45" ytl="341.04" xbr="598.27" ybr="435.06" z_order="0">
    </box>
    <box frame="223" keyframe="0" outside="0" occluded="0" xtl="428.49" ytl="340.18" xbr="599.31" ybr="434.20" z_order="0">
    </box>
    <box frame="224" keyframe="0" outside="0" occluded="0" xtl="429.53" ytl="339.33" xbr="600.35" ybr="433.35" z_order="0">
    </box>
    <box frame="225" keyframe="0" outside="0" occluded="0" xtl="430.56" ytl="338.47" xbr="601.39" ybr="432.49" z_order="0">
    </box>
    <box frame="226" keyframe="0" outside="0" occluded="0" xtl="431.60" ytl="337.61" xbr="602.42" ybr="431.63" z_order="0">
    </box>
    <box frame="227" keyframe="0" outside="0" occluded="0" xtl="432.64" ytl="336.76" xbr="603.46" ybr="430.78" z_order="0">
    </box>
    <box frame="228" keyframe="0" outside="0" occluded="0" xtl="433.68" ytl="335.90" xbr="604.50" ybr="429.92" z_order="0">
    </box>
    <box frame="229" keyframe="0" outside="0" occluded="0" xtl="434.71" ytl="335.04" xbr="605.54" ybr="429.06" z_order="0">
    </box>
    <box frame="230" keyframe="0" outside="0" occluded="0" xtl="435.75" ytl="334.18" xbr="606.57" ybr="428.20" z_order="0">
    </box>
    <box frame="231" keyframe="0" outside="0" occluded="0" xtl="436.79" ytl="333.33" xbr="607.61" ybr="427.35" z_order="0">
    </box>
    <box frame="232" keyframe="0" outside="0" occluded="0" xtl="437.83" ytl="332.47" xbr="608.65" ybr="426.49" z_order="0">
    </box>
    <box frame="233" keyframe="0" outside="0" occluded="0" xtl="438.86" ytl="331.61" xbr="609.69" ybr="425.63" z_order="0">
    </box>
    <box frame="234" keyframe="0" outside="0" occluded="0" xtl="439.90" ytl="330.76" xbr="610.72" ybr="424.78" z_order="0">
    </box>
    <box frame="235" keyframe="0" outside="0" occluded="0" xtl="440.94" ytl="329.90" xbr="611.76" ybr="423.92" z_order="0">
    </box>
    <box frame="236" keyframe="0" outside="0" occluded="0" xtl="441.98" ytl="329.04" xbr="612.80" ybr="423.06" z_order="0">
    </box>
    <box frame="237" keyframe="0" outside="0" occluded="0" xtl="443.01" ytl="328.18" xbr="613.84" ybr="422.20" z_order="0">
    </box>
    <box frame="238" keyframe="1" outside="0" occluded="0" xtl="444.05" ytl="327.33" xbr="614.87" ybr="421.35" z_order="0">
    </box>
    <box frame="239" keyframe="0" outside="0" occluded="0" xtl="444.25" ytl="326.81" xbr="614.49" ybr="420.83" z_order="0">
    </box>
    <box frame="240" keyframe="0" outside="0" occluded="0" xtl="444.44" ytl="326.30" xbr="614.11" ybr="420.31" z_order="0">
    </box>
    <box frame="241" keyframe="0" outside="0" occluded="0" xtl="444.63" ytl="325.78" xbr="613.72" ybr="419.79" z_order="0">
    </box>
    <box frame="242" keyframe="0" outside="0" occluded="0" xtl="444.83" ytl="325.26" xbr="613.34" ybr="419.28" z_order="0">
    </box>
    <box frame="243" keyframe="0" outside="0" occluded="0" xtl="445.02" ytl="324.75" xbr="612.95" ybr="418.76" z_order="0">
    </box>
    <box frame="244" keyframe="0" outside="0" occluded="0" xtl="445.21" ytl="324.23" xbr="612.57" ybr="418.24" z_order="0">
    </box>
    <box frame="245" keyframe="0" outside="0" occluded="0" xtl="445.41" ytl="323.72" xbr="612.19" ybr="417.72" z_order="0">
    </box>
    <box frame="246" keyframe="0" outside="0" occluded="0" xtl="445.60" ytl="323.20" xbr="611.80" ybr="417.21" z_order="0">
    </box>
    <box frame="247" keyframe="0" outside="0" occluded="0" xtl="445.79" ytl="322.69" xbr="611.42" ybr="416.69" z_order="0">
    </box>
    <box frame="248" keyframe="0" outside="0" occluded="0" xtl="445.99" ytl="322.17" xbr="611.04" ybr="416.17" z_order="0">
    </box>
    <box frame="249" keyframe="0" outside="0" occluded="0" xtl="446.18" ytl="321.66" xbr="610.65" ybr="415.65" z_order="0">
    </box>
    <box frame="250" keyframe="0" outside="0" occluded="0" xtl="446.37" ytl="321.14" xbr="610.27" ybr="415.14" z_order="0">
    </box>
    <box frame="251" keyframe="0" outside="0" occluded="0" xtl="446.57" ytl="320.62" xbr="609.88" ybr="414.62" z_order="0">
    </box>
    <box frame="252" keyframe="1" outside="0" occluded="0" xtl="446.76" ytl="320.11" xbr="609.50" ybr="414.10" z_order="0">
    </box>
    <box frame="253" keyframe="0" outside="0" occluded="0" xtl="446.94" ytl="320.46" xbr="609.66" ybr="414.25" z_order="0">
    </box>
    <box frame="254" keyframe="0" outside="0" occluded="0" xtl="447.11" ytl="320.82" xbr="609.82" ybr="414.40" z_order="0">
    </box>
    <box frame="255" keyframe="0" outside="0" occluded="0" xtl="447.29" ytl="321.17" xbr="609.99" ybr="414.54" z_order="0">
    </box>
    <box frame="256" keyframe="0" outside="0" occluded="0" xtl="447.47" ytl="321.53" xbr="610.15" ybr="414.69" z_order="0">
    </box>
    <box frame="257" keyframe="0" outside="0" occluded="0" xtl="447.65" ytl="321.88" xbr="610.31" ybr="414.84" z_order="0">
    </box>
    <box frame="258" keyframe="0" outside="0" occluded="0" xtl="447.82" ytl="322.24" xbr="610.47" ybr="414.99" z_order="0">
    </box>
    <box frame="259" keyframe="0" outside="0" occluded="0" xtl="448.00" ytl="322.59" xbr="610.64" ybr="415.13" z_order="0">
    </box>
    <box frame="260" keyframe="0" outside="0" occluded="0" xtl="448.18" ytl="322.95" xbr="610.80" ybr="415.28" z_order="0">
    </box>
    <box frame="261" keyframe="0" outside="0" occluded="0" xtl="448.36" ytl="323.30" xbr="610.96" ybr="415.43" z_order="0">
    </box>
    <box frame="262" keyframe="0" outside="0" occluded="0" xtl="448.53" ytl="323.66" xbr="611.12" ybr="415.58" z_order="0">
    </box>
    <box frame="263" keyframe="0" outside="0" occluded="0" xtl="448.71" ytl="324.01" xbr="611.29" ybr="415.72" z_order="0">
    </box>
    <box frame="264" keyframe="0" outside="0" occluded="0" xtl="448.89" ytl="324.37" xbr="611.45" ybr="415.87" z_order="0">
    </box>
    <box frame="265" keyframe="0" outside="0" occluded="0" xtl="449.07" ytl="324.72" xbr="611.61" ybr="416.02" z_order="0">
    </box>
    <box frame="266" keyframe="0" outside="0" occluded="0" xtl="449.24" ytl="325.08" xbr="611.77" ybr="416.17" z_order="0">
    </box>
    <box frame="267" keyframe="0" outside="0" occluded="0" xtl="449.42" ytl="325.43" xbr="611.93" ybr="416.31" z_order="0">
    </box>
    <box frame="268" keyframe="0" outside="0" occluded="0" xtl="449.60" ytl="325.79" xbr="612.10" ybr="416.46" z_order="0">
    </box>
    <box frame="269" keyframe="0" outside="0" occluded="0" xtl="449.78" ytl="326.14" xbr="612.26" ybr="416.61" z_order="0">
    </box>
    <box frame="270" keyframe="0" outside="0" occluded="0" xtl="449.95" ytl="326.50" xbr="612.42" ybr="416.76" z_order="0">
    </box>
    <box frame="271" keyframe="0" outside="0" occluded="0" xtl="450.13" ytl="326.85" xbr="612.58" ybr="416.90" z_order="0">
    </box>
    <box frame="272" keyframe="0" outside="0" occluded="0" xtl="450.31" ytl="327.21" xbr="612.75" ybr="417.05" z_order="0">
    </box>
    <box frame="273" keyframe="0" outside="0" occluded="0" xtl="450.49" ytl="327.56" xbr="612.91" ybr="417.20" z_order="0">
    </box>
    <box frame="274" keyframe="0" outside="0" occluded="0" xtl="450.66" ytl="327.92" xbr="613.07" ybr="417.35" z_order="0">
    </box>
    <box frame="275" keyframe="0" outside="0" occluded="0" xtl="450.84" ytl="328.27" xbr="613.23" ybr="417.49" z_order="0">
    </box>
    <box frame="276" keyframe="0" outside="0" occluded="0" xtl="451.02" ytl="328.63" xbr="613.40" ybr="417.64" z_order="0">
    </box>
    <box frame="277" keyframe="0" outside="0" occluded="0" xtl="451.20" ytl="328.98" xbr="613.56" ybr="417.79" z_order="0">
    </box>
    <box frame="278" keyframe="0" outside="0" occluded="0" xtl="451.37" ytl="329.34" xbr="613.72" ybr="417.94" z_order="0">
    </box>
    <box frame="279" keyframe="0" outside="0" occluded="0" xtl="451.55" ytl="329.69" xbr="613.88" ybr="418.08" z_order="0">
    </box>
    <box frame="280" keyframe="0" outside="0" occluded="0" xtl="451.73" ytl="330.05" xbr="614.04" ybr="418.23" z_order="0">
    </box>
    <box frame="281" keyframe="0" outside="0" occluded="0" xtl="451.91" ytl="330.40" xbr="614.21" ybr="418.38" z_order="0">
    </box>
    <box frame="282" keyframe="0" outside="0" occluded="0" xtl="452.08" ytl="330.76" xbr="614.37" ybr="418.53" z_order="0">
    </box>
    <box frame="283" keyframe="0" outside="0" occluded="0" xtl="452.26" ytl="331.11" xbr="614.53" ybr="418.67" z_order="0">
    </box>
    <box frame="284" keyframe="0" outside="0" occluded="0" xtl="452.44" ytl="331.47" xbr="614.69" ybr="418.82" z_order="0">
    </box>
    <box frame="285" keyframe="0" outside="0" occluded="0" xtl="452.62" ytl="331.82" xbr="614.86" ybr="418.97" z_order="0">
    </box>
    <box frame="286" keyframe="0" outside="0" occluded="0" xtl="452.79" ytl="332.18" xbr="615.02" ybr="419.12" z_order="0">
    </box>
    <box frame="287" keyframe="0" outside="0" occluded="0" xtl="452.97" ytl="332.53" xbr="615.18" ybr="419.26" z_order="0">
    </box>
    <box frame="288" keyframe="0" outside="0" occluded="0" xtl="453.15" ytl="332.89" xbr="615.34" ybr="419.41" z_order="0">
    </box>
    <box frame="289" keyframe="0" outside="0" occluded="0" xtl="453.33" ytl="333.24" xbr="615.50" ybr="419.56" z_order="0">
    </box>
    <box frame="290" keyframe="0" outside="0" occluded="0" xtl="453.50" ytl="333.60" xbr="615.67" ybr="419.71" z_order="0">
    </box>
    <box frame="291" keyframe="0" outside="0" occluded="0" xtl="453.68" ytl="333.95" xbr="615.83" ybr="419.85" z_order="0">
    </box>
    <box frame="292" keyframe="0" outside="0" occluded="0" xtl="453.86" ytl="334.31" xbr="615.99" ybr="420.00" z_order="0">
    </box>
    <box frame="293" keyframe="0" outside="0" occluded="0" xtl="454.04" ytl="334.66" xbr="616.15" ybr="420.15" z_order="0">
    </box>
    <box frame="294" keyframe="0" outside="0" occluded="0" xtl="454.21" ytl="335.02" xbr="616.32" ybr="420.30" z_order="0">
    </box>
    <box frame="295" keyframe="0" outside="0" occluded="0" xtl="454.39" ytl="335.37" xbr="616.48" ybr="420.44" z_order="0">
    </box>
    <box frame="296" keyframe="0" outside="0" occluded="0" xtl="454.57" ytl="335.73" xbr="616.64" ybr="420.59" z_order="0">
    </box>
    <box frame="297" keyframe="0" outside="0" occluded="0" xtl="454.75" ytl="336.08" xbr="616.80" ybr="420.74" z_order="0">
    </box>
    <box frame="298" keyframe="0" outside="0" occluded="0" xtl="454.92" ytl="336.44" xbr="616.97" ybr="420.89" z_order="0">
    </box>
    <box frame="299" keyframe="0" outside="0" occluded="0" xtl="455.10" ytl="336.79" xbr="617.13" ybr="421.03" z_order="0">
    </box>
    <box frame="300" keyframe="0" outside="0" occluded="0" xtl="455.28" ytl="337.15" xbr="617.29" ybr="421.18" z_order="0">
    </box>
    <box frame="301" keyframe="0" outside="0" occluded="0" xtl="455.46" ytl="337.50" xbr="617.45" ybr="421.33" z_order="0">
    </box>
    <box frame="302" keyframe="0" outside="0" occluded="0" xtl="455.63" ytl="337.86" xbr="617.61" ybr="421.48" z_order="0">
    </box>
    <box frame="303" keyframe="0" outside="0" occluded="0" xtl="455.81" ytl="338.21" xbr="617.78" ybr="421.62" z_order="0">
    </box>
    <box frame="304" keyframe="0" outside="0" occluded="0" xtl="455.99" ytl="338.57" xbr="617.94" ybr="421.77" z_order="0">
    </box>
    <box frame="305" keyframe="0" outside="0" occluded="0" xtl="456.17" ytl="338.92" xbr="618.10" ybr="421.92" z_order="0">
    </box>
    <box frame="306" keyframe="0" outside="0" occluded="0" xtl="456.34" ytl="339.28" xbr="618.26" ybr="422.07" z_order="0">
    </box>
    <box frame="307" keyframe="0" outside="0" occluded="0" xtl="456.52" ytl="339.63" xbr="618.43" ybr="422.21" z_order="0">
    </box>
    <box frame="308" keyframe="0" outside="0" occluded="0" xtl="456.70" ytl="339.99" xbr="618.59" ybr="422.36" z_order="0">
    </box>
    <box frame="309" keyframe="0" outside="0" occluded="0" xtl="456.88" ytl="340.34" xbr="618.75" ybr="422.51" z_order="0">
    </box>
    <box frame="310" keyframe="0" outside="0" occluded="0" xtl="457.05" ytl="340.70" xbr="618.91" ybr="422.66" z_order="0">
    </box>
    <box frame="311" keyframe="0" outside="0" occluded="0" xtl="457.23" ytl="341.05" xbr="619.08" ybr="422.80" z_order="0">
    </box>
    <box frame="312" keyframe="0" outside="0" occluded="0" xtl="457.41" ytl="341.41" xbr="619.24" ybr="422.95" z_order="0">
    </box>
    <box frame="313" keyframe="1" outside="0" occluded="0" xtl="457.59" ytl="341.76" xbr="619.40" ybr="423.10" z_order="0">
    </box>
    <box frame="314" keyframe="0" outside="0" occluded="0" xtl="458.02" ytl="341.99" xbr="619.32" ybr="423.15" z_order="0">
    </box>
    <box frame="315" keyframe="0" outside="0" occluded="0" xtl="458.46" ytl="342.23" xbr="619.25" ybr="423.20" z_order="0">
    </box>
    <box frame="316" keyframe="0" outside="0" occluded="0" xtl="458.90" ytl="342.46" xbr="619.17" ybr="423.25" z_order="0">
    </box>
    <box frame="317" keyframe="0" outside="0" occluded="0" xtl="459.34" ytl="342.69" xbr="619.09" ybr="423.31" z_order="0">
    </box>
    <box frame="318" keyframe="0" outside="0" occluded="0" xtl="459.78" ytl="342.92" xbr="619.01" ybr="423.36" z_order="0">
    </box>
    <box frame="319" keyframe="0" outside="0" occluded="0" xtl="460.22" ytl="343.15" xbr="618.94" ybr="423.41" z_order="0">
    </box>
    <box frame="320" keyframe="0" outside="0" occluded="0" xtl="460.65" ytl="343.39" xbr="618.86" ybr="423.46" z_order="0">
    </box>
    <box frame="321" keyframe="0" outside="0" occluded="0" xtl="461.09" ytl="343.62" xbr="618.78" ybr="423.51" z_order="0">
    </box>
    <box frame="322" keyframe="0" outside="0" occluded="0" xtl="461.53" ytl="343.85" xbr="618.71" ybr="423.56" z_order="0">
    </box>
    <box frame="323" keyframe="0" outside="0" occluded="0" xtl="461.97" ytl="344.08" xbr="618.63" ybr="423.61" z_order="0">
    </box>
    <box frame="324" keyframe="0" outside="0" occluded="0" xtl="462.41" ytl="344.31" xbr="618.55" ybr="423.67" z_order="0">
    </box>
    <box frame="325" keyframe="0" outside="0" occluded="0" xtl="462.84" ytl="344.55" xbr="618.47" ybr="423.72" z_order="0">
    </box>
    <box frame="326" keyframe="0" outside="0" occluded="0" xtl="463.28" ytl="344.78" xbr="618.40" ybr="423.77" z_order="0">
    </box>
    <box frame="327" keyframe="0" outside="0" occluded="0" xtl="463.72" ytl="345.01" xbr="618.32" ybr="423.82" z_order="0">
    </box>
    <box frame="328" keyframe="0" outside="0" occluded="0" xtl="464.16" ytl="345.24" xbr="618.24" ybr="423.87" z_order="0">
    </box>
    <box frame="329" keyframe="0" outside="0" occluded="0" xtl="464.60" ytl="345.47" xbr="618.17" ybr="423.92" z_order="0">
    </box>
    <box frame="330" keyframe="0" outside="0" occluded="0" xtl="465.04" ytl="345.71" xbr="618.09" ybr="423.97" z_order="0">
    </box>
    <box frame="331" keyframe="0" outside="0" occluded="0" xtl="465.47" ytl="345.94" xbr="618.01" ybr="424.03" z_order="0">
    </box>
    <box frame="332" keyframe="0" outside="0" occluded="0" xtl="465.91" ytl="346.17" xbr="617.93" ybr="424.08" z_order="0">
    </box>
    <box frame="333" keyframe="0" outside="0" occluded="0" xtl="466.35" ytl="346.40" xbr="617.86" ybr="424.13" z_order="0">
    </box>
    <box frame="334" keyframe="0" outside="0" occluded="0" xtl="466.79" ytl="346.63" xbr="617.78" ybr="424.18" z_order="0">
    </box>
    <box frame="335" keyframe="0" outside="0" occluded="0" xtl="467.23" ytl="346.87" xbr="617.70" ybr="424.23" z_order="0">
    </box>
    <box frame="336" keyframe="0" outside="0" occluded="0" xtl="467.67" ytl="347.10" xbr="617.63" ybr="424.28" z_order="0">
    </box>
    <box frame="337" keyframe="0" outside="0" occluded="0" xtl="468.10" ytl="347.33" xbr="617.55" ybr="424.33" z_order="0">
    </box>
    <box frame="338" keyframe="0" outside="0" occluded="0" xtl="468.54" ytl="347.56" xbr="617.47" ybr="424.39" z_order="0">
    </box>
    <box frame="339" keyframe="0" outside="0" occluded="0" xtl="468.98" ytl="347.79" xbr="617.39" ybr="424.44" z_order="0">
    </box>
    <box frame="340" keyframe="0" outside="0" occluded="0" xtl="469.42" ytl="348.03" xbr="617.32" ybr="424.49" z_order="0">
    </box>
    <box frame="341" keyframe="0" outside="0" occluded="0" xtl="469.86" ytl="348.26" xbr="617.24" ybr="424.54" z_order="0">
    </box>
    <box frame="342" keyframe="0" outside="0" occluded="0" xtl="470.30" ytl="348.49" xbr="617.16" ybr="424.59" z_order="0">
    </box>
    <box frame="343" keyframe="0" outside="0" occluded="0" xtl="470.73" ytl="348.72" xbr="617.09" ybr="424.64" z_order="0">
    </box>
    <box frame="344" keyframe="0" outside="0" occluded="0" xtl="471.17" ytl="348.95" xbr="617.01" ybr="424.69" z_order="0">
    </box>
    <box frame="345" keyframe="0" outside="0" occluded="0" xtl="471.61" ytl="349.19" xbr="616.93" ybr="424.75" z_order="0">
    </box>
    <box frame="346" keyframe="0" outside="0" occluded="0" xtl="472.05" ytl="349.42" xbr="616.85" ybr="424.80" z_order="0">
    </box>
    <box frame="347" keyframe="0" outside="0" occluded="0" xtl="472.49" ytl="349.65" xbr="616.78" ybr="424.85" z_order="0">
    </box>
    <box frame="348" keyframe="1" outside="0" occluded="0" xtl="472.92" ytl="349.88" xbr="616.70" ybr="424.90" z_order="0">
    </box>
    <box frame="349" keyframe="0" outside="0" occluded="0" xtl="472.60" ytl="349.71" xbr="616.37" ybr="424.72" z_order="0">
    </box>
    <box frame="350" keyframe="0" outside="0" occluded="0" xtl="472.27" ytl="349.53" xbr="616.04" ybr="424.55" z_order="0">
    </box>
    <box frame="351" keyframe="0" outside="0" occluded="0" xtl="471.94" ytl="349.35" xbr="615.71" ybr="424.37" z_order="0">
    </box>
    <box frame="352" keyframe="0" outside="0" occluded="0" xtl="471.61" ytl="349.17" xbr="615.38" ybr="424.19" z_order="0">
    </box>
    <box frame="353" keyframe="0" outside="0" occluded="0" xtl="471.28" ytl="349.00" xbr="615.06" ybr="424.01" z_order="0">
    </box>
    <box frame="354" keyframe="0" outside="0" occluded="0" xtl="470.95" ytl="348.82" xbr="614.73" ybr="423.84" z_order="0">
    </box>
    <box frame="355" keyframe="0" outside="0" occluded="0" xtl="470.62" ytl="348.64" xbr="614.40" ybr="423.66" z_order="0">
    </box>
    <box frame="356" keyframe="0" outside="0" occluded="0" xtl="470.29" ytl="348.47" xbr="614.07" ybr="423.48" z_order="0">
    </box>
    <box frame="357" keyframe="0" outside="0" occluded="0" xtl="469.97" ytl="348.29" xbr="613.74" ybr="423.31" z_order="0">
    </box>
    <box frame="358" keyframe="0" outside="0" occluded="0" xtl="469.64" ytl="348.11" xbr="613.41" ybr="423.13" z_order="0">
    </box>
    <box frame="359" keyframe="0" outside="0" occluded="0" xtl="469.31" ytl="347.93" xbr="613.08" ybr="422.95" z_order="0">
    </box>
    <box frame="360" keyframe="0" outside="0" occluded="0" xtl="468.98" ytl="347.76" xbr="612.75" ybr="422.77" z_order="0">
    </box>
    <box frame="361" keyframe="0" outside="0" occluded="0" xtl="468.65" ytl="347.58" xbr="612.42" ybr="422.60" z_order="0">
    </box>
    <box frame="362" keyframe="0" outside="0" occluded="0" xtl="468.32" ytl="347.40" xbr="612.10" ybr="422.42" z_order="0">
    </box>
    <box frame="363" keyframe="0" outside="0" occluded="0" xtl="467.99" ytl="347.23" xbr="611.77" ybr="422.24" z_order="0">
    </box>
    <box frame="364" keyframe="0" outside="0" occluded="0" xtl="467.66" ytl="347.05" xbr="611.44" ybr="422.07" z_order="0">
    </box>
    <box frame="365" keyframe="0" outside="0" occluded="0" xtl="467.33" ytl="346.87" xbr="611.11" ybr="421.89" z_order="0">
    </box>
    <box frame="366" keyframe="0" outside="0" occluded="0" xtl="467.01" ytl="346.70" xbr="610.78" ybr="421.71" z_order="0">
    </box>
    <box frame="367" keyframe="0" outside="0" occluded="0" xtl="466.68" ytl="346.52" xbr="610.45" ybr="421.54" z_order="0">
    </box>
    <box frame="368" keyframe="0" outside="0" occluded="0" xtl="466.35" ytl="346.34" xbr="610.12" ybr="421.36" z_order="0">
    </box>
    <box frame="369" keyframe="0" outside="0" occluded="0" xtl="466.02" ytl="346.16" xbr="609.79" ybr="421.18" z_order="0">
    </box>
    <box frame="370" keyframe="0" outside="0" occluded="0" xtl="465.69" ytl="345.99" xbr="609.46" ybr="421.00" z_order="0">
    </box>
    <box frame="371" keyframe="0" outside="0" occluded="0" xtl="465.36" ytl="345.81" xbr="609.14" ybr="420.83" z_order="0">
    </box>
    <box frame="372" keyframe="0" outside="0" occluded="0" xtl="465.03" ytl="345.63" xbr="608.81" ybr="420.65" z_order="0">
    </box>
    <box frame="373" keyframe="0" outside="0" occluded="0" xtl="464.70" ytl="345.46" xbr="608.48" ybr="420.47" z_order="0">
    </box>
    <box frame="374" keyframe="0" outside="0" occluded="0" xtl="464.37" ytl="345.28" xbr="608.15" ybr="420.30" z_order="0">
    </box>
    <box frame="375" keyframe="0" outside="0" occluded="0" xtl="464.05" ytl="345.10" xbr="607.82" ybr="420.12" z_order="0">
    </box>
    <box frame="376" keyframe="0" outside="0" occluded="0" xtl="463.72" ytl="344.92" xbr="607.49" ybr="419.94" z_order="0">
    </box>
    <box frame="377" keyframe="0" outside="0" occluded="0" xtl="463.39" ytl="344.75" xbr="607.16" ybr="419.76" z_order="0">
    </box>
    <box frame="378" keyframe="0" outside="0" occluded="0" xtl="463.06" ytl="344.57" xbr="606.83" ybr="419.59" z_order="0">
    </box>
    <box frame="379" keyframe="0" outside="0" occluded="0" xtl="462.73" ytl="344.39" xbr="606.51" ybr="419.41" z_order="0">
    </box>
    <box frame="380" keyframe="0" outside="0" occluded="0" xtl="462.40" ytl="344.22" xbr="606.18" ybr="419.23" z_order="0">
    </box>
    <box frame="381" keyframe="0" outside="0" occluded="0" xtl="462.07" ytl="344.04" xbr="605.85" ybr="419.06" z_order="0">
    </box>
    <box frame="382" keyframe="0" outside="0" occluded="0" xtl="461.74" ytl="343.86" xbr="605.52" ybr="418.88" z_order="0">
    </box>
    <box frame="383" keyframe="0" outside="0" occluded="0" xtl="461.41" ytl="343.68" xbr="605.19" ybr="418.70" z_order="0">
    </box>
    <box frame="384" keyframe="0" outside="0" occluded="0" xtl="461.09" ytl="343.51" xbr="604.86" ybr="418.52" z_order="0">
    </box>
    <box frame="385" keyframe="0" outside="0" occluded="0" xtl="460.76" ytl="343.33" xbr="604.53" ybr="418.35" z_order="0">
    </box>
    <box frame="386" keyframe="0" outside="0" occluded="0" xtl="460.43" ytl="343.15" xbr="604.20" ybr="418.17" z_order="0">
    </box>
    <box frame="387" keyframe="0" outside="0" occluded="0" xtl="460.10" ytl="342.98" xbr="603.87" ybr="417.99" z_order="0">
    </box>
    <box frame="388" keyframe="0" outside="0" occluded="0" xtl="459.77" ytl="342.80" xbr="603.55" ybr="417.82" z_order="0">
    </box>
    <box frame="389" keyframe="0" outside="0" occluded="0" xtl="459.44" ytl="342.62" xbr="603.22" ybr="417.64" z_order="0">
    </box>
    <box frame="390" keyframe="0" outside="0" occluded="0" xtl="459.11" ytl="342.45" xbr="602.89" ybr="417.46" z_order="0">
    </box>
    <box frame="391" keyframe="0" outside="0" occluded="0" xtl="458.78" ytl="342.27" xbr="602.56" ybr="417.29" z_order="0">
    </box>
    <box frame="392" keyframe="0" outside="0" occluded="0" xtl="458.45" ytl="342.09" xbr="602.23" ybr="417.11" z_order="0">
    </box>
    <box frame="393" keyframe="0" outside="0" occluded="0" xtl="458.13" ytl="341.91" xbr="601.90" ybr="416.93" z_order="0">
    </box>
    <box frame="394" keyframe="0" outside="0" occluded="0" xtl="457.80" ytl="341.74" xbr="601.57" ybr="416.75" z_order="0">
    </box>
    <box frame="395" keyframe="0" outside="0" occluded="0" xtl="457.47" ytl="341.56" xbr="601.24" ybr="416.58" z_order="0">
    </box>
    <box frame="396" keyframe="0" outside="0" occluded="0" xtl="457.14" ytl="341.38" xbr="600.91" ybr="416.40" z_order="0">
    </box>
    <box frame="397" keyframe="0" outside="0" occluded="0" xtl="456.81" ytl="341.21" xbr="600.59" ybr="416.22" z_order="0">
    </box>
    <box frame="398" keyframe="0" outside="0" occluded="0" xtl="456.48" ytl="341.03" xbr="600.26" ybr="416.05" z_order="0">
    </box>
    <box frame="399" keyframe="0" outside="0" occluded="0" xtl="456.15" ytl="340.85" xbr="599.93" ybr="415.87" z_order="0">
    </box>
    <box frame="400" keyframe="0" outside="0" occluded="0" xtl="455.82" ytl="340.67" xbr="599.60" ybr="415.69" z_order="0">
    </box>
    <box frame="401" keyframe="0" outside="0" occluded="0" xtl="455.49" ytl="340.50" xbr="599.27" ybr="415.51" z_order="0">
    </box>
    <box frame="402" keyframe="0" outside="0" occluded="0" xtl="455.17" ytl="340.32" xbr="598.94" ybr="415.34" z_order="0">
    </box>
    <box frame="403" keyframe="0" outside="0" occluded="0" xtl="454.84" ytl="340.14" xbr="598.61" ybr="415.16" z_order="0">
    </box>
    <box frame="404" keyframe="0" outside="0" occluded="0" xtl="454.51" ytl="339.97" xbr="598.28" ybr="414.98" z_order="0">
    </box>
    <box frame="405" keyframe="0" outside="0" occluded="0" xtl="454.18" ytl="339.79" xbr="597.95" ybr="414.81" z_order="0">
    </box>
    <box frame="406" keyframe="0" outside="0" occluded="0" xtl="453.85" ytl="339.61" xbr="597.63" ybr="414.63" z_order="0">
    </box>
    <box frame="407" keyframe="0" outside="0" occluded="0" xtl="453.52" ytl="339.43" xbr="597.30" ybr="414.45" z_order="0">
    </box>
    <box frame="408" keyframe="0" outside="0" occluded="0" xtl="453.19" ytl="339.26" xbr="596.97" ybr="414.27" z_order="0">
    </box>
    <box frame="409" keyframe="0" outside="0" occluded="0" xtl="452.86" ytl="339.08" xbr="596.64" ybr="414.10" z_order="0">
    </box>
    <box frame="410" keyframe="0" outside="0" occluded="0" xtl="452.54" ytl="338.90" xbr="596.31" ybr="413.92" z_order="0">
    </box>
    <box frame="411" keyframe="0" outside="0" occluded="0" xtl="452.21" ytl="338.73" xbr="595.98" ybr="413.74" z_order="0">
    </box>
    <box frame="412" keyframe="0" outside="0" occluded="0" xtl="451.88" ytl="338.55" xbr="595.65" ybr="413.57" z_order="0">
    </box>
    <box frame="413" keyframe="0" outside="0" occluded="0" xtl="451.55" ytl="338.37" xbr="595.32" ybr="413.39" z_order="0">
    </box>
    <box frame="414" keyframe="0" outside="0" occluded="0" xtl="451.22" ytl="338.20" xbr="594.99" ybr="413.21" z_order="0">
    </box>
    <box frame="415" keyframe="0" outside="0" occluded="0" xtl="450.89" ytl="338.02" xbr="594.67" ybr="413.04" z_order="0">
    </box>
    <box frame="416" keyframe="0" outside="0" occluded="0" xtl="450.56" ytl="337.84" xbr="594.34" ybr="412.86" z_order="0">
    </box>
    <box frame="417" keyframe="0" outside="0" occluded="0" xtl="450.23" ytl="337.66" xbr="594.01" ybr="412.68" z_order="0">
    </box>
    <box frame="418" keyframe="0" outside="0" occluded="0" xtl="449.90" ytl="337.49" xbr="593.68" ybr="412.50" z_order="0">
    </box>
    <box frame="419" keyframe="0" outside="0" occluded="0" xtl="449.58" ytl="337.31" xbr="593.35" ybr="412.33" z_order="0">
    </box>
    <box frame="420" keyframe="0" outside="0" occluded="0" xtl="449.25" ytl="337.13" xbr="593.02" ybr="412.15" z_order="0">
    </box>
    <box frame="421" keyframe="0" outside="0" occluded="0" xtl="448.92" ytl="336.96" xbr="592.69" ybr="411.97" z_order="0">
    </box>
    <box frame="422" keyframe="0" outside="0" occluded="0" xtl="448.59" ytl="336.78" xbr="592.36" ybr="411.80" z_order="0">
    </box>
    <box frame="423" keyframe="0" outside="0" occluded="0" xtl="448.26" ytl="336.60" xbr="592.04" ybr="411.62" z_order="0">
    </box>
    <box frame="424" keyframe="0" outside="0" occluded="0" xtl="447.93" ytl="336.42" xbr="591.71" ybr="411.44" z_order="0">
    </box>
    <box frame="425" keyframe="0" outside="0" occluded="0" xtl="447.60" ytl="336.25" xbr="591.38" ybr="411.26" z_order="0">
    </box>
    <box frame="426" keyframe="0" outside="0" occluded="0" xtl="447.27" ytl="336.07" xbr="591.05" ybr="411.09" z_order="0">
    </box>
    <box frame="427" keyframe="0" outside="0" occluded="0" xtl="446.94" ytl="335.89" xbr="590.72" ybr="410.91" z_order="0">
    </box>
    <box frame="428" keyframe="0" outside="0" occluded="0" xtl="446.62" ytl="335.72" xbr="590.39" ybr="410.73" z_order="0">
    </box>
    <box frame="429" keyframe="0" outside="0" occluded="0" xtl="446.29" ytl="335.54" xbr="590.06" ybr="410.56" z_order="0">
    </box>
    <box frame="430" keyframe="0" outside="0" occluded="0" xtl="445.96" ytl="335.36" xbr="589.73" ybr="410.38" z_order="0">
    </box>
    <box frame="431" keyframe="0" outside="0" occluded="0" xtl="445.63" ytl="335.18" xbr="589.40" ybr="410.20" z_order="0">
    </box>
    <box frame="432" keyframe="0" outside="0" occluded="0" xtl="445.30" ytl="335.01" xbr="589.08" ybr="410.02" z_order="0">
    </box>
    <box frame="433" keyframe="0" outside="0" occluded="0" xtl="444.97" ytl="334.83" xbr="588.75" ybr="409.85" z_order="0">
    </box>
    <box frame="434" keyframe="0" outside="0" occluded="0" xtl="444.64" ytl="334.65" xbr="588.42" ybr="409.67" z_order="0">
    </box>
    <box frame="435" keyframe="0" outside="0" occluded="0" xtl="444.31" ytl="334.48" xbr="588.09" ybr="409.49" z_order="0">
    </box>
    <box frame="436" keyframe="0" outside="0" occluded="0" xtl="443.98" ytl="334.30" xbr="587.76" ybr="409.32" z_order="0">
    </box>
    <box frame="437" keyframe="0" outside="0" occluded="0" xtl="443.66" ytl="334.12" xbr="587.43" ybr="409.14" z_order="0">
    </box>
    <box frame="438" keyframe="0" outside="0" occluded="0" xtl="443.33" ytl="333.95" xbr="587.10" ybr="408.96" z_order="0">
    </box>
    <box frame="439" keyframe="0" outside="0" occluded="0" xtl="443.00" ytl="333.77" xbr="586.77" ybr="408.79" z_order="0">
    </box>
    <box frame="440" keyframe="0" outside="0" occluded="0" xtl="442.67" ytl="333.59" xbr="586.44" ybr="408.61" z_order="0">
    </box>
    <box frame="441" keyframe="0" outside="0" occluded="0" xtl="442.34" ytl="333.41" xbr="586.12" ybr="408.43" z_order="0">
    </box>
    <box frame="442" keyframe="0" outside="0" occluded="0" xtl="442.01" ytl="333.24" xbr="585.79" ybr="408.25" z_order="0">
    </box>
    <box frame="443" keyframe="0" outside="0" occluded="0" xtl="441.68" ytl="333.06" xbr="585.46" ybr="408.08" z_order="0">
    </box>
    <box frame="444" keyframe="0" outside="0" occluded="0" xtl="441.35" ytl="332.88" xbr="585.13" ybr="407.90" z_order="0">
    </box>
    <box frame="445" keyframe="0" outside="0" occluded="0" xtl="441.02" ytl="332.71" xbr="584.80" ybr="407.72" z_order="0">
    </box>
    <box frame="446" keyframe="0" outside="0" occluded="0" xtl="440.70" ytl="332.53" xbr="584.47" ybr="407.55" z_order="0">
    </box>
    <box frame="447" keyframe="0" outside="0" occluded="0" xtl="440.37" ytl="332.35" xbr="584.14" ybr="407.37" z_order="0">
    </box>
    <box frame="448" keyframe="0" outside="0" occluded="0" xtl="440.04" ytl="332.17" xbr="583.81" ybr="407.19" z_order="0">
    </box>
    <box frame="449" keyframe="0" outside="0" occluded="0" xtl="439.71" ytl="332.00" xbr="583.48" ybr="407.01" z_order="0">
    </box>
    <box frame="450" keyframe="0" outside="0" occluded="0" xtl="439.38" ytl="331.82" xbr="583.16" ybr="406.84" z_order="0">
    </box>
    <box frame="451" keyframe="0" outside="0" occluded="0" xtl="439.05" ytl="331.64" xbr="582.83" ybr="406.66" z_order="0">
    </box>
    <box frame="452" keyframe="0" outside="0" occluded="0" xtl="438.72" ytl="331.47" xbr="582.50" ybr="406.48" z_order="0">
    </box>
    <box frame="453" keyframe="0" outside="0" occluded="0" xtl="438.39" ytl="331.29" xbr="582.17" ybr="406.31" z_order="0">
    </box>
    <box frame="454" keyframe="0" outside="0" occluded="0" xtl="438.07" ytl="331.11" xbr="581.84" ybr="406.13" z_order="0">
    </box>
    <box frame="455" keyframe="1" outside="0" occluded="0" xtl="437.74" ytl="330.93" xbr="581.51" ybr="405.95" z_order="0">
    </box>
    <box frame="456" keyframe="0" outside="0" occluded="0" xtl="437.94" ytl="330.85" xbr="581.72" ybr="405.86" z_order="0">
    </box>
    <box frame="457" keyframe="0" outside="0" occluded="0" xtl="438.15" ytl="330.76" xbr="581.93" ybr="405.78" z_order="0">
    </box>
    <box frame="458" keyframe="0" outside="0" occluded="0" xtl="438.36" ytl="330.67" xbr="582.14" ybr="405.69" z_order="0">
    </box>
    <box frame="459" keyframe="0" outside="0" occluded="0" xtl="438.57" ytl="330.59" xbr="582.34" ybr="405.60" z_order="0">
    </box>
    <box frame="460" keyframe="0" outside="0" occluded="0" xtl="438.78" ytl="330.50" xbr="582.55" ybr="405.52" z_order="0">
    </box>
    <box frame="461" keyframe="0" outside="0" occluded="0" xtl="438.99" ytl="330.41" xbr="582.76" ybr="405.43" z_order="0">
    </box>
    <box frame="462" keyframe="0" outside="0" occluded="0" xtl="439.19" ytl="330.33" xbr="582.97" ybr="405.34" z_order="0">
    </box>
    <box frame="463" keyframe="0" outside="0" occluded="0" xtl="439.40" ytl="330.24" xbr="583.18" ybr="405.26" z_order="0">
    </box>
    <box frame="464" keyframe="0" outside="0" occluded="0" xtl="439.61" ytl="330.15" xbr="583.39" ybr="405.17" z_order="0">
    </box>
    <box frame="465" keyframe="0" outside="0" occluded="0" xtl="439.82" ytl="330.07" xbr="583.59" ybr="405.08" z_order="0">
    </box>
    <box frame="466" keyframe="0" outside="0" occluded="0" xtl="440.03" ytl="329.98" xbr="583.80" ybr="405.00" z_order="0">
    </box>
    <box frame="467" keyframe="0" outside="0" occluded="0" xtl="440.23" ytl="329.89" xbr="584.01" ybr="404.91" z_order="0">
    </box>
    <box frame="468" keyframe="0" outside="0" occluded="0" xtl="440.44" ytl="329.81" xbr="584.22" ybr="404.82" z_order="0">
    </box>
    <box frame="469" keyframe="0" outside="0" occluded="0" xtl="440.65" ytl="329.72" xbr="584.43" ybr="404.74" z_order="0">
    </box>
    <box frame="470" keyframe="0" outside="0" occluded="0" xtl="440.86" ytl="329.63" xbr="584.63" ybr="404.65" z_order="0">
    </box>
    <box frame="471" keyframe="0" outside="0" occluded="0" xtl="441.07" ytl="329.55" xbr="584.84" ybr="404.56" z_order="0">
    </box>
    <box frame="472" keyframe="0" outside="0" occluded="0" xtl="441.28" ytl="329.46" xbr="585.05" ybr="404.48" z_order="0">
    </box>
    <box frame="473" keyframe="0" outside="0" occluded="0" xtl="441.48" ytl="329.37" xbr="585.26" ybr="404.39" z_order="0">
    </box>
    <box frame="474" keyframe="0" outside="0" occluded="0" xtl="441.69" ytl="329.29" xbr="585.47" ybr="404.30" z_order="0">
    </box>
    <box frame="475" keyframe="0" outside="0" occluded="0" xtl="441.90" ytl="329.20" xbr="585.68" ybr="404.22" z_order="0">
    </box>
    <box frame="476" keyframe="0" outside="0" occluded="0" xtl="442.11" ytl="329.11" xbr="585.88" ybr="404.13" z_order="0">
    </box>
    <box frame="477" keyframe="0" outside="0" occluded="0" xtl="442.32" ytl="329.03" xbr="586.09" ybr="404.04" z_order="0">
    </box>
    <box frame="478" keyframe="0" outside="0" occluded="0" xtl="442.53" ytl="328.94" xbr="586.30" ybr="403.96" z_order="0">
    </box>
    <box frame="479" keyframe="0" outside="0" occluded="0" xtl="442.73" ytl="328.85" xbr="586.51" ybr="403.87" z_order="0">
    </box>
    <box frame="480" keyframe="0" outside="0" occluded="0" xtl="442.94" ytl="328.77" xbr="586.72" ybr="403.78" z_order="0">
    </box>
    <box frame="481" keyframe="0" outside="0" occluded="0" xtl="443.15" ytl="328.68" xbr="586.93" ybr="403.70" z_order="0">
    </box>
    <box frame="482" keyframe="0" outside="0" occluded="0" xtl="443.36" ytl="328.59" xbr="587.13" ybr="403.61" z_order="0">
    </box>
    <box frame="483" keyframe="0" outside="0" occluded="0" xtl="443.57" ytl="328.51" xbr="587.34" ybr="403.52" z_order="0">
    </box>
    <box frame="484" keyframe="0" outside="0" occluded="0" xtl="443.77" ytl="328.42" xbr="587.55" ybr="403.44" z_order="0">
    </box>
    <box frame="485" keyframe="0" outside="0" occluded="0" xtl="443.98" ytl="328.33" xbr="587.76" ybr="403.35" z_order="0">
    </box>
    <box frame="486" keyframe="0" outside="0" occluded="0" xtl="444.19" ytl="328.24" xbr="587.97" ybr="403.26" z_order="0">
    </box>
    <box frame="487" keyframe="0" outside="0" occluded="0" xtl="444.40" ytl="328.16" xbr="588.17" ybr="403.18" z_order="0">
    </box>
    <box frame="488" keyframe="0" outside="0" occluded="0" xtl="444.61" ytl="328.07" xbr="588.38" ybr="403.09" z_order="0">
    </box>
    <box frame="489" keyframe="0" outside="0" occluded="0" xtl="444.82" ytl="327.98" xbr="588.59" ybr="403.00" z_order="0">
    </box>
    <box frame="490" keyframe="0" outside="0" occluded="0" xtl="445.02" ytl="327.90" xbr="588.80" ybr="402.92" z_order="0">
    </box>
    <box frame="491" keyframe="0" outside="0" occluded="0" xtl="445.23" ytl="327.81" xbr="589.01" ybr="402.83" z_order="0">
    </box>
    <box frame="492" keyframe="0" outside="0" occluded="0" xtl="445.44" ytl="327.72" xbr="589.22" ybr="402.74" z_order="0">
    </box>
    <box frame="493" keyframe="0" outside="0" occluded="0" xtl="445.65" ytl="327.64" xbr="589.42" ybr="402.65" z_order="0">
    </box>
    <box frame="494" keyframe="0" outside="0" occluded="0" xtl="445.86" ytl="327.55" xbr="589.63" ybr="402.57" z_order="0">
    </box>
    <box frame="495" keyframe="0" outside="0" occluded="0" xtl="446.06" ytl="327.46" xbr="589.84" ybr="402.48" z_order="0">
    </box>
    <box frame="496" keyframe="0" outside="0" occluded="0" xtl="446.27" ytl="327.38" xbr="590.05" ybr="402.39" z_order="0">
    </box>
    <box frame="497" keyframe="0" outside="0" occluded="0" xtl="446.48" ytl="327.29" xbr="590.26" ybr="402.31" z_order="0">
    </box>
    <box frame="498" keyframe="0" outside="0" occluded="0" xtl="446.69" ytl="327.20" xbr="590.46" ybr="402.22" z_order="0">
    </box>
    <box frame="499" keyframe="0" outside="0" occluded="0" xtl="446.90" ytl="327.12" xbr="590.67" ybr="402.13" z_order="0">
    </box>
    <box frame="500" keyframe="0" outside="0" occluded="0" xtl="447.11" ytl="327.03" xbr="590.88" ybr="402.05" z_order="0">
    </box>
    <box frame="501" keyframe="0" outside="0" occluded="0" xtl="447.31" ytl="326.94" xbr="591.09" ybr="401.96" z_order="0">
    </box>
    <box frame="502" keyframe="0" outside="0" occluded="0" xtl="447.52" ytl="326.86" xbr="591.30" ybr="401.87" z_order="0">
    </box>
    <box frame="503" keyframe="0" outside="0" occluded="0" xtl="447.73" ytl="326.77" xbr="591.51" ybr="401.79" z_order="0">
    </box>
    <box frame="504" keyframe="0" outside="0" occluded="0" xtl="447.94" ytl="326.68" xbr="591.71" ybr="401.70" z_order="0">
    </box>
    <box frame="505" keyframe="0" outside="0" occluded="0" xtl="448.15" ytl="326.60" xbr="591.92" ybr="401.61" z_order="0">
    </box>
    <box frame="506" keyframe="0" outside="0" occluded="0" xtl="448.36" ytl="326.51" xbr="592.13" ybr="401.53" z_order="0">
    </box>
    <box frame="507" keyframe="1" outside="0" occluded="0" xtl="448.56" ytl="326.42" xbr="592.34" ybr="401.44" z_order="0">
    </box>
  </track>
</annotations>
