<?xml version="1.0" encoding="utf-8"?>
<annotations>
  <version>1.1</version>
  <meta>
    <task>
      <id>10</id>
      <name>004</name>
      <size>191</size>
      <mode>interpolation</mode>
      <overlap>5</overlap>
      <bugtracker></bugtracker>
      <created>2023-05-25 10:03:39.841112+00:00</created>
      <updated>2023-05-25 16:38:58.897086+00:00</updated>
      <subset>default</subset>
      <start_frame>0</start_frame>
      <stop_frame>190</stop_frame>
      <frame_filter></frame_filter>
      <segments>
        <segment>
          <id>9</id>
          <start>0</start>
          <stop>190</stop>
          <url>http://localhost:8080/api/jobs/9</url>
        </segment>
      </segments>
      <owner>
        <username>django</username>
        <email></email>
      </owner>
      <assignee></assignee>
      <labels>
        <label>
          <name>object</name>
          <color>#40e020</color>
          <type>any</type>
          <attributes>
          </attributes>
        </label>
      </labels>
      <original_size>
        <width>640</width>
        <height>360</height>
      </original_size>
      <source>istockphoto-510689247-640_adpp_is.mp4</source>
    </task>
    <dumped>2023-05-25 16:51:30.526482+00:00</dumped>
  </meta>
  <track id="0" label="object" source="manual">
    <box frame="3" keyframe="1" outside="0" occluded="0" xtl="147.89" ytl="269.79" xbr="239.92" ybr="330.24" z_order="0">
    </box>
    <box frame="4" keyframe="0" outside="0" occluded="0" xtl="147.89" ytl="269.79" xbr="239.92" ybr="330.24" z_order="0">
    </box>
    <box frame="5" keyframe="0" outside="0" occluded="0" xtl="147.89" ytl="269.79" xbr="239.92" ybr="330.24" z_order="0">
    </box>
    <box frame="6" keyframe="0" outside="0" occluded="0" xtl="147.89" ytl="269.79" xbr="239.92" ybr="330.24" z_order="0">
    </box>
    <box frame="7" keyframe="0" outside="0" occluded="0" xtl="147.89" ytl="269.79" xbr="239.92" ybr="330.24" z_order="0">
    </box>
    <box frame="8" keyframe="0" outside="0" occluded="0" xtl="147.89" ytl="269.79" xbr="239.92" ybr="330.24" z_order="0">
    </box>
    <box frame="9" keyframe="0" outside="0" occluded="0" xtl="147.89" ytl="269.79" xbr="239.92" ybr="330.24" z_order="0">
    </box>
    <box frame="10" keyframe="0" outside="0" occluded="0" xtl="147.89" ytl="269.79" xbr="239.92" ybr="330.24" z_order="0">
    </box>
    <box frame="11" keyframe="0" outside="0" occluded="0" xtl="147.89" ytl="269.79" xbr="239.92" ybr="330.24" z_order="0">
    </box>
    <box frame="12" keyframe="0" outside="0" occluded="0" xtl="147.89" ytl="269.79" xbr="239.92" ybr="330.24" z_order="0">
    </box>
    <box frame="13" keyframe="0" outside="0" occluded="0" xtl="147.89" ytl="269.79" xbr="239.92" ybr="330.24" z_order="0">
    </box>
    <box frame="14" keyframe="0" outside="0" occluded="0" xtl="147.89" ytl="269.79" xbr="239.92" ybr="330.24" z_order="0">
    </box>
    <box frame="15" keyframe="0" outside="0" occluded="0" xtl="147.89" ytl="269.79" xbr="239.92" ybr="330.24" z_order="0">
    </box>
    <box frame="16" keyframe="0" outside="0" occluded="0" xtl="147.89" ytl="269.79" xbr="239.92" ybr="330.24" z_order="0">
    </box>
    <box frame="17" keyframe="0" outside="0" occluded="0" xtl="147.89" ytl="269.79" xbr="239.92" ybr="330.24" z_order="0">
    </box>
    <box frame="18" keyframe="0" outside="0" occluded="0" xtl="147.89" ytl="269.79" xbr="239.92" ybr="330.24" z_order="0">
    </box>
    <box frame="19" keyframe="0" outside="0" occluded="0" xtl="147.89" ytl="269.79" xbr="239.92" ybr="330.24" z_order="0">
    </box>
    <box frame="20" keyframe="0" outside="0" occluded="0" xtl="147.89" ytl="269.79" xbr="239.92" ybr="330.24" z_order="0">
    </box>
    <box frame="21" keyframe="0" outside="0" occluded="0" xtl="147.89" ytl="269.79" xbr="239.92" ybr="330.24" z_order="0">
    </box>
    <box frame="22" keyframe="0" outside="0" occluded="0" xtl="147.89" ytl="269.79" xbr="239.92" ybr="330.24" z_order="0">
    </box>
    <box frame="23" keyframe="0" outside="0" occluded="0" xtl="147.89" ytl="269.79" xbr="239.92" ybr="330.24" z_order="0">
    </box>
    <box frame="24" keyframe="0" outside="0" occluded="0" xtl="147.89" ytl="269.79" xbr="239.92" ybr="330.24" z_order="0">
    </box>
    <box frame="25" keyframe="0" outside="0" occluded="0" xtl="147.89" ytl="269.79" xbr="239.92" ybr="330.24" z_order="0">
    </box>
    <box frame="26" keyframe="0" outside="0" occluded="0" xtl="147.89" ytl="269.79" xbr="239.92" ybr="330.24" z_order="0">
    </box>
    <box frame="27" keyframe="0" outside="0" occluded="0" xtl="147.89" ytl="269.79" xbr="239.92" ybr="330.24" z_order="0">
    </box>
    <box frame="28" keyframe="0" outside="0" occluded="0" xtl="147.89" ytl="269.79" xbr="239.92" ybr="330.24" z_order="0">
    </box>
    <box frame="29" keyframe="0" outside="0" occluded="0" xtl="147.89" ytl="269.79" xbr="239.92" ybr="330.24" z_order="0">
    </box>
    <box frame="30" keyframe="0" outside="0" occluded="0" xtl="147.89" ytl="269.79" xbr="239.92" ybr="330.24" z_order="0">
    </box>
    <box frame="31" keyframe="0" outside="0" occluded="0" xtl="147.89" ytl="269.79" xbr="239.92" ybr="330.24" z_order="0">
    </box>
    <box frame="32" keyframe="0" outside="0" occluded="0" xtl="147.89" ytl="269.79" xbr="239.92" ybr="330.24" z_order="0">
    </box>
    <box frame="33" keyframe="0" outside="0" occluded="0" xtl="147.89" ytl="269.79" xbr="239.92" ybr="330.24" z_order="0">
    </box>
    <box frame="34" keyframe="0" outside="0" occluded="0" xtl="147.89" ytl="269.79" xbr="239.92" ybr="330.24" z_order="0">
    </box>
    <box frame="35" keyframe="0" outside="0" occluded="0" xtl="147.89" ytl="269.79" xbr="239.92" ybr="330.24" z_order="0">
    </box>
    <box frame="36" keyframe="0" outside="0" occluded="0" xtl="147.89" ytl="269.79" xbr="239.92" ybr="330.24" z_order="0">
    </box>
    <box frame="37" keyframe="0" outside="0" occluded="0" xtl="147.89" ytl="269.79" xbr="239.92" ybr="330.24" z_order="0">
    </box>
    <box frame="38" keyframe="0" outside="0" occluded="0" xtl="147.89" ytl="269.79" xbr="239.92" ybr="330.24" z_order="0">
    </box>
    <box frame="39" keyframe="0" outside="0" occluded="0" xtl="147.89" ytl="269.79" xbr="239.92" ybr="330.24" z_order="0">
    </box>
    <box frame="40" keyframe="0" outside="0" occluded="0" xtl="147.89" ytl="269.79" xbr="239.92" ybr="330.24" z_order="0">
    </box>
    <box frame="41" keyframe="0" outside="0" occluded="0" xtl="147.89" ytl="269.79" xbr="239.92" ybr="330.24" z_order="0">
    </box>
    <box frame="42" keyframe="0" outside="0" occluded="0" xtl="147.89" ytl="269.79" xbr="239.92" ybr="330.24" z_order="0">
    </box>
    <box frame="43" keyframe="0" outside="0" occluded="0" xtl="147.89" ytl="269.79" xbr="239.92" ybr="330.24" z_order="0">
    </box>
    <box frame="44" keyframe="0" outside="0" occluded="0" xtl="147.89" ytl="269.79" xbr="239.92" ybr="330.24" z_order="0">
    </box>
    <box frame="45" keyframe="0" outside="0" occluded="0" xtl="147.89" ytl="269.79" xbr="239.92" ybr="330.24" z_order="0">
    </box>
    <box frame="46" keyframe="0" outside="0" occluded="0" xtl="147.89" ytl="269.79" xbr="239.92" ybr="330.24" z_order="0">
    </box>
    <box frame="47" keyframe="0" outside="0" occluded="0" xtl="147.89" ytl="269.79" xbr="239.92" ybr="330.24" z_order="0">
    </box>
    <box frame="48" keyframe="0" outside="0" occluded="0" xtl="147.89" ytl="269.79" xbr="239.92" ybr="330.24" z_order="0">
    </box>
    <box frame="49" keyframe="0" outside="0" occluded="0" xtl="147.89" ytl="269.79" xbr="239.92" ybr="330.24" z_order="0">
    </box>
    <box frame="50" keyframe="0" outside="0" occluded="0" xtl="147.89" ytl="269.79" xbr="239.92" ybr="330.24" z_order="0">
    </box>
    <box frame="51" keyframe="0" outside="0" occluded="0" xtl="147.89" ytl="269.79" xbr="239.92" ybr="330.24" z_order="0">
    </box>
    <box frame="52" keyframe="0" outside="0" occluded="0" xtl="147.89" ytl="269.79" xbr="239.92" ybr="330.24" z_order="0">
    </box>
    <box frame="53" keyframe="0" outside="0" occluded="0" xtl="147.89" ytl="269.79" xbr="239.92" ybr="330.24" z_order="0">
    </box>
    <box frame="54" keyframe="0" outside="0" occluded="0" xtl="147.89" ytl="269.79" xbr="239.92" ybr="330.24" z_order="0">
    </box>
    <box frame="55" keyframe="0" outside="0" occluded="0" xtl="147.89" ytl="269.79" xbr="239.92" ybr="330.24" z_order="0">
    </box>
    <box frame="56" keyframe="0" outside="0" occluded="0" xtl="147.89" ytl="269.79" xbr="239.92" ybr="330.24" z_order="0">
    </box>
    <box frame="57" keyframe="0" outside="0" occluded="0" xtl="147.89" ytl="269.79" xbr="239.92" ybr="330.24" z_order="0">
    </box>
    <box frame="58" keyframe="0" outside="0" occluded="0" xtl="147.89" ytl="269.79" xbr="239.92" ybr="330.24" z_order="0">
    </box>
    <box frame="59" keyframe="0" outside="0" occluded="0" xtl="147.89" ytl="269.79" xbr="239.92" ybr="330.24" z_order="0">
    </box>
    <box frame="60" keyframe="0" outside="0" occluded="0" xtl="147.89" ytl="269.79" xbr="239.92" ybr="330.24" z_order="0">
    </box>
    <box frame="61" keyframe="0" outside="0" occluded="0" xtl="147.89" ytl="269.79" xbr="239.92" ybr="330.24" z_order="0">
    </box>
    <box frame="62" keyframe="0" outside="0" occluded="0" xtl="147.89" ytl="269.79" xbr="239.92" ybr="330.24" z_order="0">
    </box>
    <box frame="63" keyframe="0" outside="0" occluded="0" xtl="147.89" ytl="269.79" xbr="239.92" ybr="330.24" z_order="0">
    </box>
    <box frame="64" keyframe="0" outside="0" occluded="0" xtl="147.89" ytl="269.79" xbr="239.92" ybr="330.24" z_order="0">
    </box>
    <box frame="65" keyframe="0" outside="0" occluded="0" xtl="147.89" ytl="269.79" xbr="239.92" ybr="330.24" z_order="0">
    </box>
    <box frame="66" keyframe="0" outside="0" occluded="0" xtl="147.89" ytl="269.79" xbr="239.92" ybr="330.24" z_order="0">
    </box>
    <box frame="67" keyframe="0" outside="0" occluded="0" xtl="147.89" ytl="269.79" xbr="239.92" ybr="330.24" z_order="0">
    </box>
    <box frame="68" keyframe="0" outside="0" occluded="0" xtl="147.89" ytl="269.79" xbr="239.92" ybr="330.24" z_order="0">
    </box>
    <box frame="69" keyframe="0" outside="0" occluded="0" xtl="147.89" ytl="269.79" xbr="239.92" ybr="330.24" z_order="0">
    </box>
    <box frame="70" keyframe="0" outside="0" occluded="0" xtl="147.89" ytl="269.79" xbr="239.92" ybr="330.24" z_order="0">
    </box>
    <box frame="71" keyframe="0" outside="0" occluded="0" xtl="147.89" ytl="269.79" xbr="239.92" ybr="330.24" z_order="0">
    </box>
    <box frame="72" keyframe="0" outside="0" occluded="0" xtl="147.89" ytl="269.79" xbr="239.92" ybr="330.24" z_order="0">
    </box>
    <box frame="73" keyframe="0" outside="0" occluded="0" xtl="147.89" ytl="269.79" xbr="239.92" ybr="330.24" z_order="0">
    </box>
    <box frame="74" keyframe="0" outside="0" occluded="0" xtl="147.89" ytl="269.79" xbr="239.92" ybr="330.24" z_order="0">
    </box>
    <box frame="75" keyframe="0" outside="0" occluded="0" xtl="147.89" ytl="269.79" xbr="239.92" ybr="330.24" z_order="0">
    </box>
    <box frame="76" keyframe="0" outside="0" occluded="0" xtl="147.89" ytl="269.79" xbr="239.92" ybr="330.24" z_order="0">
    </box>
    <box frame="77" keyframe="0" outside="0" occluded="0" xtl="147.89" ytl="269.79" xbr="239.92" ybr="330.24" z_order="0">
    </box>
    <box frame="78" keyframe="0" outside="0" occluded="0" xtl="147.89" ytl="269.79" xbr="239.92" ybr="330.24" z_order="0">
    </box>
    <box frame="79" keyframe="0" outside="0" occluded="0" xtl="147.89" ytl="269.79" xbr="239.92" ybr="330.24" z_order="0">
    </box>
    <box frame="80" keyframe="0" outside="0" occluded="0" xtl="147.89" ytl="269.79" xbr="239.92" ybr="330.24" z_order="0">
    </box>
    <box frame="81" keyframe="0" outside="0" occluded="0" xtl="147.89" ytl="269.79" xbr="239.92" ybr="330.24" z_order="0">
    </box>
    <box frame="82" keyframe="0" outside="0" occluded="0" xtl="147.89" ytl="269.79" xbr="239.92" ybr="330.24" z_order="0">
    </box>
    <box frame="83" keyframe="0" outside="0" occluded="0" xtl="147.89" ytl="269.79" xbr="239.92" ybr="330.24" z_order="0">
    </box>
    <box frame="84" keyframe="0" outside="0" occluded="0" xtl="147.89" ytl="269.79" xbr="239.92" ybr="330.24" z_order="0">
    </box>
    <box frame="85" keyframe="0" outside="0" occluded="0" xtl="147.89" ytl="269.79" xbr="239.92" ybr="330.24" z_order="0">
    </box>
    <box frame="86" keyframe="0" outside="0" occluded="0" xtl="147.89" ytl="269.79" xbr="239.92" ybr="330.24" z_order="0">
    </box>
    <box frame="87" keyframe="0" outside="0" occluded="0" xtl="147.89" ytl="269.79" xbr="239.92" ybr="330.24" z_order="0">
    </box>
    <box frame="88" keyframe="0" outside="0" occluded="0" xtl="147.89" ytl="269.79" xbr="239.92" ybr="330.24" z_order="0">
    </box>
    <box frame="89" keyframe="0" outside="0" occluded="0" xtl="147.89" ytl="269.79" xbr="239.92" ybr="330.24" z_order="0">
    </box>
    <box frame="90" keyframe="0" outside="0" occluded="0" xtl="147.89" ytl="269.79" xbr="239.92" ybr="330.24" z_order="0">
    </box>
    <box frame="91" keyframe="0" outside="0" occluded="0" xtl="147.89" ytl="269.79" xbr="239.92" ybr="330.24" z_order="0">
    </box>
    <box frame="92" keyframe="0" outside="0" occluded="0" xtl="147.89" ytl="269.79" xbr="239.92" ybr="330.24" z_order="0">
    </box>
    <box frame="93" keyframe="0" outside="0" occluded="0" xtl="147.89" ytl="269.79" xbr="239.92" ybr="330.24" z_order="0">
    </box>
    <box frame="94" keyframe="0" outside="0" occluded="0" xtl="147.89" ytl="269.79" xbr="239.92" ybr="330.24" z_order="0">
    </box>
    <box frame="95" keyframe="0" outside="0" occluded="0" xtl="147.89" ytl="269.79" xbr="239.92" ybr="330.24" z_order="0">
    </box>
    <box frame="96" keyframe="0" outside="0" occluded="0" xtl="147.89" ytl="269.79" xbr="239.92" ybr="330.24" z_order="0">
    </box>
    <box frame="97" keyframe="0" outside="0" occluded="0" xtl="147.89" ytl="269.79" xbr="239.92" ybr="330.24" z_order="0">
    </box>
    <box frame="98" keyframe="0" outside="0" occluded="0" xtl="147.89" ytl="269.79" xbr="239.92" ybr="330.24" z_order="0">
    </box>
    <box frame="99" keyframe="0" outside="0" occluded="0" xtl="147.89" ytl="269.79" xbr="239.92" ybr="330.24" z_order="0">
    </box>
    <box frame="100" keyframe="0" outside="0" occluded="0" xtl="147.89" ytl="269.79" xbr="239.92" ybr="330.24" z_order="0">
    </box>
    <box frame="101" keyframe="0" outside="0" occluded="0" xtl="147.89" ytl="269.79" xbr="239.92" ybr="330.24" z_order="0">
    </box>
    <box frame="102" keyframe="0" outside="0" occluded="0" xtl="147.89" ytl="269.79" xbr="239.92" ybr="330.24" z_order="0">
    </box>
    <box frame="103" keyframe="0" outside="0" occluded="0" xtl="147.89" ytl="269.79" xbr="239.92" ybr="330.24" z_order="0">
    </box>
    <box frame="104" keyframe="0" outside="0" occluded="0" xtl="147.89" ytl="269.79" xbr="239.92" ybr="330.24" z_order="0">
    </box>
    <box frame="105" keyframe="0" outside="0" occluded="0" xtl="147.89" ytl="269.79" xbr="239.92" ybr="330.24" z_order="0">
    </box>
    <box frame="106" keyframe="0" outside="0" occluded="0" xtl="147.89" ytl="269.79" xbr="239.92" ybr="330.24" z_order="0">
    </box>
    <box frame="107" keyframe="0" outside="0" occluded="0" xtl="147.89" ytl="269.79" xbr="239.92" ybr="330.24" z_order="0">
    </box>
    <box frame="108" keyframe="0" outside="0" occluded="0" xtl="147.89" ytl="269.79" xbr="239.92" ybr="330.24" z_order="0">
    </box>
    <box frame="109" keyframe="0" outside="0" occluded="0" xtl="147.89" ytl="269.79" xbr="239.92" ybr="330.24" z_order="0">
    </box>
    <box frame="110" keyframe="0" outside="0" occluded="0" xtl="147.89" ytl="269.79" xbr="239.92" ybr="330.24" z_order="0">
    </box>
    <box frame="111" keyframe="0" outside="0" occluded="0" xtl="147.89" ytl="269.79" xbr="239.92" ybr="330.24" z_order="0">
    </box>
    <box frame="112" keyframe="0" outside="0" occluded="0" xtl="147.89" ytl="269.79" xbr="239.92" ybr="330.24" z_order="0">
    </box>
    <box frame="113" keyframe="0" outside="0" occluded="0" xtl="147.89" ytl="269.79" xbr="239.92" ybr="330.24" z_order="0">
    </box>
    <box frame="114" keyframe="0" outside="0" occluded="0" xtl="147.89" ytl="269.79" xbr="239.92" ybr="330.24" z_order="0">
    </box>
    <box frame="115" keyframe="0" outside="0" occluded="0" xtl="147.89" ytl="269.79" xbr="239.92" ybr="330.24" z_order="0">
    </box>
    <box frame="116" keyframe="0" outside="0" occluded="0" xtl="147.89" ytl="269.79" xbr="239.92" ybr="330.24" z_order="0">
    </box>
    <box frame="117" keyframe="0" outside="0" occluded="0" xtl="147.89" ytl="269.79" xbr="239.92" ybr="330.24" z_order="0">
    </box>
    <box frame="118" keyframe="0" outside="0" occluded="0" xtl="147.89" ytl="269.79" xbr="239.92" ybr="330.24" z_order="0">
    </box>
    <box frame="119" keyframe="0" outside="0" occluded="0" xtl="147.89" ytl="269.79" xbr="239.92" ybr="330.24" z_order="0">
    </box>
    <box frame="120" keyframe="0" outside="0" occluded="0" xtl="147.89" ytl="269.79" xbr="239.92" ybr="330.24" z_order="0">
    </box>
    <box frame="121" keyframe="0" outside="0" occluded="0" xtl="147.89" ytl="269.79" xbr="239.92" ybr="330.24" z_order="0">
    </box>
    <box frame="122" keyframe="0" outside="0" occluded="0" xtl="147.89" ytl="269.79" xbr="239.92" ybr="330.24" z_order="0">
    </box>
    <box frame="123" keyframe="0" outside="0" occluded="0" xtl="147.89" ytl="269.79" xbr="239.92" ybr="330.24" z_order="0">
    </box>
    <box frame="124" keyframe="0" outside="0" occluded="0" xtl="147.89" ytl="269.79" xbr="239.92" ybr="330.24" z_order="0">
    </box>
    <box frame="125" keyframe="0" outside="0" occluded="0" xtl="147.89" ytl="269.79" xbr="239.92" ybr="330.24" z_order="0">
    </box>
    <box frame="126" keyframe="0" outside="0" occluded="0" xtl="147.89" ytl="269.79" xbr="239.92" ybr="330.24" z_order="0">
    </box>
    <box frame="127" keyframe="0" outside="0" occluded="0" xtl="147.89" ytl="269.79" xbr="239.92" ybr="330.24" z_order="0">
    </box>
    <box frame="128" keyframe="0" outside="0" occluded="0" xtl="147.89" ytl="269.79" xbr="239.92" ybr="330.24" z_order="0">
    </box>
    <box frame="129" keyframe="0" outside="0" occluded="0" xtl="147.89" ytl="269.79" xbr="239.92" ybr="330.24" z_order="0">
    </box>
    <box frame="130" keyframe="0" outside="0" occluded="0" xtl="147.89" ytl="269.79" xbr="239.92" ybr="330.24" z_order="0">
    </box>
    <box frame="131" keyframe="0" outside="0" occluded="0" xtl="147.89" ytl="269.79" xbr="239.92" ybr="330.24" z_order="0">
    </box>
    <box frame="132" keyframe="0" outside="0" occluded="0" xtl="147.89" ytl="269.79" xbr="239.92" ybr="330.24" z_order="0">
    </box>
    <box frame="133" keyframe="0" outside="0" occluded="0" xtl="147.89" ytl="269.79" xbr="239.92" ybr="330.24" z_order="0">
    </box>
    <box frame="134" keyframe="0" outside="0" occluded="0" xtl="147.89" ytl="269.79" xbr="239.92" ybr="330.24" z_order="0">
    </box>
    <box frame="135" keyframe="0" outside="0" occluded="0" xtl="147.89" ytl="269.79" xbr="239.92" ybr="330.24" z_order="0">
    </box>
    <box frame="136" keyframe="0" outside="0" occluded="0" xtl="147.89" ytl="269.79" xbr="239.92" ybr="330.24" z_order="0">
    </box>
    <box frame="137" keyframe="0" outside="0" occluded="0" xtl="147.89" ytl="269.79" xbr="239.92" ybr="330.24" z_order="0">
    </box>
    <box frame="138" keyframe="0" outside="0" occluded="0" xtl="147.89" ytl="269.79" xbr="239.92" ybr="330.24" z_order="0">
    </box>
    <box frame="139" keyframe="0" outside="0" occluded="0" xtl="147.89" ytl="269.79" xbr="239.92" ybr="330.24" z_order="0">
    </box>
    <box frame="140" keyframe="0" outside="0" occluded="0" xtl="147.89" ytl="269.79" xbr="239.92" ybr="330.24" z_order="0">
    </box>
    <box frame="141" keyframe="0" outside="0" occluded="0" xtl="147.89" ytl="269.79" xbr="239.92" ybr="330.24" z_order="0">
    </box>
    <box frame="142" keyframe="0" outside="0" occluded="0" xtl="147.89" ytl="269.79" xbr="239.92" ybr="330.24" z_order="0">
    </box>
    <box frame="143" keyframe="0" outside="0" occluded="0" xtl="147.89" ytl="269.79" xbr="239.92" ybr="330.24" z_order="0">
    </box>
    <box frame="144" keyframe="0" outside="0" occluded="0" xtl="147.89" ytl="269.79" xbr="239.92" ybr="330.24" z_order="0">
    </box>
    <box frame="145" keyframe="0" outside="0" occluded="0" xtl="147.89" ytl="269.79" xbr="239.92" ybr="330.24" z_order="0">
    </box>
    <box frame="146" keyframe="0" outside="0" occluded="0" xtl="147.89" ytl="269.79" xbr="239.92" ybr="330.24" z_order="0">
    </box>
    <box frame="147" keyframe="0" outside="0" occluded="0" xtl="147.89" ytl="269.79" xbr="239.92" ybr="330.24" z_order="0">
    </box>
    <box frame="148" keyframe="0" outside="0" occluded="0" xtl="147.89" ytl="269.79" xbr="239.92" ybr="330.24" z_order="0">
    </box>
    <box frame="149" keyframe="0" outside="0" occluded="0" xtl="147.89" ytl="269.79" xbr="239.92" ybr="330.24" z_order="0">
    </box>
    <box frame="150" keyframe="0" outside="0" occluded="0" xtl="147.89" ytl="269.79" xbr="239.92" ybr="330.24" z_order="0">
    </box>
    <box frame="151" keyframe="0" outside="0" occluded="0" xtl="147.89" ytl="269.79" xbr="239.92" ybr="330.24" z_order="0">
    </box>
    <box frame="152" keyframe="0" outside="0" occluded="0" xtl="147.89" ytl="269.79" xbr="239.92" ybr="330.24" z_order="0">
    </box>
    <box frame="153" keyframe="0" outside="0" occluded="0" xtl="147.89" ytl="269.79" xbr="239.92" ybr="330.24" z_order="0">
    </box>
    <box frame="154" keyframe="0" outside="0" occluded="0" xtl="147.89" ytl="269.79" xbr="239.92" ybr="330.24" z_order="0">
    </box>
    <box frame="155" keyframe="0" outside="0" occluded="0" xtl="147.89" ytl="269.79" xbr="239.92" ybr="330.24" z_order="0">
    </box>
    <box frame="156" keyframe="0" outside="0" occluded="0" xtl="147.89" ytl="269.79" xbr="239.92" ybr="330.24" z_order="0">
    </box>
    <box frame="157" keyframe="0" outside="0" occluded="0" xtl="147.89" ytl="269.79" xbr="239.92" ybr="330.24" z_order="0">
    </box>
    <box frame="158" keyframe="0" outside="0" occluded="0" xtl="147.89" ytl="269.79" xbr="239.92" ybr="330.24" z_order="0">
    </box>
    <box frame="159" keyframe="0" outside="0" occluded="0" xtl="147.89" ytl="269.79" xbr="239.92" ybr="330.24" z_order="0">
    </box>
    <box frame="160" keyframe="0" outside="0" occluded="0" xtl="147.89" ytl="269.79" xbr="239.92" ybr="330.24" z_order="0">
    </box>
    <box frame="161" keyframe="0" outside="0" occluded="0" xtl="147.89" ytl="269.79" xbr="239.92" ybr="330.24" z_order="0">
    </box>
    <box frame="162" keyframe="0" outside="0" occluded="0" xtl="147.89" ytl="269.79" xbr="239.92" ybr="330.24" z_order="0">
    </box>
    <box frame="163" keyframe="0" outside="0" occluded="0" xtl="147.89" ytl="269.79" xbr="239.92" ybr="330.24" z_order="0">
    </box>
    <box frame="164" keyframe="0" outside="0" occluded="0" xtl="147.89" ytl="269.79" xbr="239.92" ybr="330.24" z_order="0">
    </box>
    <box frame="165" keyframe="0" outside="0" occluded="0" xtl="147.89" ytl="269.79" xbr="239.92" ybr="330.24" z_order="0">
    </box>
    <box frame="166" keyframe="0" outside="0" occluded="0" xtl="147.89" ytl="269.79" xbr="239.92" ybr="330.24" z_order="0">
    </box>
    <box frame="167" keyframe="0" outside="0" occluded="0" xtl="147.89" ytl="269.79" xbr="239.92" ybr="330.24" z_order="0">
    </box>
    <box frame="168" keyframe="0" outside="0" occluded="0" xtl="147.89" ytl="269.79" xbr="239.92" ybr="330.24" z_order="0">
    </box>
    <box frame="169" keyframe="0" outside="0" occluded="0" xtl="147.89" ytl="269.79" xbr="239.92" ybr="330.24" z_order="0">
    </box>
    <box frame="170" keyframe="0" outside="0" occluded="0" xtl="147.89" ytl="269.79" xbr="239.92" ybr="330.24" z_order="0">
    </box>
    <box frame="171" keyframe="0" outside="0" occluded="0" xtl="147.89" ytl="269.79" xbr="239.92" ybr="330.24" z_order="0">
    </box>
    <box frame="172" keyframe="0" outside="0" occluded="0" xtl="147.89" ytl="269.79" xbr="239.92" ybr="330.24" z_order="0">
    </box>
    <box frame="173" keyframe="0" outside="0" occluded="0" xtl="147.89" ytl="269.79" xbr="239.92" ybr="330.24" z_order="0">
    </box>
    <box frame="174" keyframe="0" outside="0" occluded="0" xtl="147.89" ytl="269.79" xbr="239.92" ybr="330.24" z_order="0">
    </box>
    <box frame="175" keyframe="0" outside="0" occluded="0" xtl="147.89" ytl="269.79" xbr="239.92" ybr="330.24" z_order="0">
    </box>
    <box frame="176" keyframe="0" outside="0" occluded="0" xtl="147.89" ytl="269.79" xbr="239.92" ybr="330.24" z_order="0">
    </box>
    <box frame="177" keyframe="0" outside="0" occluded="0" xtl="147.89" ytl="269.79" xbr="239.92" ybr="330.24" z_order="0">
    </box>
    <box frame="178" keyframe="0" outside="0" occluded="0" xtl="147.89" ytl="269.79" xbr="239.92" ybr="330.24" z_order="0">
    </box>
    <box frame="179" keyframe="0" outside="0" occluded="0" xtl="147.89" ytl="269.79" xbr="239.92" ybr="330.24" z_order="0">
    </box>
    <box frame="180" keyframe="0" outside="0" occluded="0" xtl="147.89" ytl="269.79" xbr="239.92" ybr="330.24" z_order="0">
    </box>
    <box frame="181" keyframe="0" outside="0" occluded="0" xtl="147.89" ytl="269.79" xbr="239.92" ybr="330.24" z_order="0">
    </box>
    <box frame="182" keyframe="0" outside="0" occluded="0" xtl="147.89" ytl="269.79" xbr="239.92" ybr="330.24" z_order="0">
    </box>
    <box frame="183" keyframe="0" outside="0" occluded="0" xtl="147.89" ytl="269.79" xbr="239.92" ybr="330.24" z_order="0">
    </box>
    <box frame="184" keyframe="0" outside="0" occluded="0" xtl="147.89" ytl="269.79" xbr="239.92" ybr="330.24" z_order="0">
    </box>
    <box frame="185" keyframe="0" outside="0" occluded="0" xtl="147.89" ytl="269.79" xbr="239.92" ybr="330.24" z_order="0">
    </box>
    <box frame="186" keyframe="0" outside="0" occluded="0" xtl="147.89" ytl="269.79" xbr="239.92" ybr="330.24" z_order="0">
    </box>
    <box frame="187" keyframe="0" outside="0" occluded="0" xtl="147.89" ytl="269.79" xbr="239.92" ybr="330.24" z_order="0">
    </box>
    <box frame="188" keyframe="0" outside="0" occluded="0" xtl="147.89" ytl="269.79" xbr="239.92" ybr="330.24" z_order="0">
    </box>
    <box frame="189" keyframe="0" outside="0" occluded="0" xtl="147.89" ytl="269.79" xbr="239.92" ybr="330.24" z_order="0">
    </box>
    <box frame="190" keyframe="0" outside="0" occluded="0" xtl="147.89" ytl="269.79" xbr="239.92" ybr="330.24" z_order="0">
    </box>
  </track>
</annotations>
