<?xml version="1.0" encoding="utf-8"?>
<annotations>
  <version>1.1</version>
  <meta>
    <task>
      <id>15</id>
      <name>016</name>
      <size>85</size>
      <mode>interpolation</mode>
      <overlap>5</overlap>
      <bugtracker></bugtracker>
      <created>2023-05-25 10:26:04.921505+00:00</created>
      <updated>2023-05-25 16:43:27.860402+00:00</updated>
      <subset>default</subset>
      <start_frame>0</start_frame>
      <stop_frame>84</stop_frame>
      <frame_filter></frame_filter>
      <segments>
        <segment>
          <id>14</id>
          <start>0</start>
          <stop>84</stop>
          <url>http://localhost:8080/api/jobs/14</url>
        </segment>
      </segments>
      <owner>
        <username>django</username>
        <email></email>
      </owner>
      <assignee></assignee>
      <labels>
        <label>
          <name>objects</name>
          <color>#db5b78</color>
          <type>any</type>
          <attributes>
          </attributes>
        </label>
      </labels>
      <original_size>
        <width>1280</width>
        <height>720</height>
      </original_size>
      <source>test13.mp4</source>
    </task>
    <dumped>2023-05-25 16:51:08.685837+00:00</dumped>
  </meta>
  <track id="0" label="objects" source="manual">
    <box frame="0" keyframe="1" outside="0" occluded="0" xtl="892.17" ytl="247.23" xbr="1207.95" ybr="381.67" z_order="0">
    </box>
    <box frame="1" keyframe="0" outside="0" occluded="0" xtl="895.56" ytl="248.38" xbr="1213.56" ybr="383.36" z_order="0">
    </box>
    <box frame="2" keyframe="0" outside="0" occluded="0" xtl="898.95" ytl="249.53" xbr="1219.17" ybr="385.06" z_order="0">
    </box>
    <box frame="3" keyframe="0" outside="0" occluded="0" xtl="902.35" ytl="250.68" xbr="1224.78" ybr="386.75" z_order="0">
    </box>
    <box frame="4" keyframe="0" outside="0" occluded="0" xtl="905.74" ytl="251.83" xbr="1230.39" ybr="388.45" z_order="0">
    </box>
    <box frame="5" keyframe="0" outside="0" occluded="0" xtl="909.14" ytl="252.97" xbr="1235.99" ybr="390.14" z_order="0">
    </box>
    <box frame="6" keyframe="0" outside="0" occluded="0" xtl="912.53" ytl="254.12" xbr="1241.60" ybr="391.83" z_order="0">
    </box>
    <box frame="7" keyframe="1" outside="0" occluded="0" xtl="915.92" ytl="255.27" xbr="1247.21" ybr="393.53" z_order="0">
    </box>
    <box frame="8" keyframe="0" outside="0" occluded="0" xtl="911.96" ytl="255.27" xbr="1245.45" ybr="394.08" z_order="0">
    </box>
    <box frame="9" keyframe="0" outside="0" occluded="0" xtl="907.99" ytl="255.28" xbr="1243.70" ybr="394.63" z_order="0">
    </box>
    <box frame="10" keyframe="0" outside="0" occluded="0" xtl="904.02" ytl="255.28" xbr="1241.95" ybr="395.17" z_order="0">
    </box>
    <box frame="11" keyframe="0" outside="0" occluded="0" xtl="900.05" ytl="255.28" xbr="1240.19" ybr="395.72" z_order="0">
    </box>
    <box frame="12" keyframe="0" outside="0" occluded="0" xtl="896.09" ytl="255.29" xbr="1238.44" ybr="396.27" z_order="0">
    </box>
    <box frame="13" keyframe="0" outside="0" occluded="0" xtl="892.12" ytl="255.29" xbr="1236.68" ybr="396.82" z_order="0">
    </box>
    <box frame="14" keyframe="0" outside="0" occluded="0" xtl="888.15" ytl="255.29" xbr="1234.93" ybr="397.37" z_order="0">
    </box>
    <box frame="15" keyframe="0" outside="0" occluded="0" xtl="884.18" ytl="255.30" xbr="1233.18" ybr="397.92" z_order="0">
    </box>
    <box frame="16" keyframe="0" outside="0" occluded="0" xtl="880.22" ytl="255.30" xbr="1231.42" ybr="398.47" z_order="0">
    </box>
    <box frame="17" keyframe="0" outside="0" occluded="0" xtl="876.25" ytl="255.30" xbr="1229.67" ybr="399.02" z_order="0">
    </box>
    <box frame="18" keyframe="0" outside="0" occluded="0" xtl="872.28" ytl="255.31" xbr="1227.91" ybr="399.57" z_order="0">
    </box>
    <box frame="19" keyframe="0" outside="0" occluded="0" xtl="868.31" ytl="255.31" xbr="1226.16" ybr="400.11" z_order="0">
    </box>
    <box frame="20" keyframe="0" outside="0" occluded="0" xtl="864.35" ytl="255.31" xbr="1224.40" ybr="400.66" z_order="0">
    </box>
    <box frame="21" keyframe="0" outside="0" occluded="0" xtl="860.38" ytl="255.31" xbr="1222.65" ybr="401.21" z_order="0">
    </box>
    <box frame="22" keyframe="0" outside="0" occluded="0" xtl="856.41" ytl="255.32" xbr="1220.90" ybr="401.76" z_order="0">
    </box>
    <box frame="23" keyframe="0" outside="0" occluded="0" xtl="852.44" ytl="255.32" xbr="1219.14" ybr="402.31" z_order="0">
    </box>
    <box frame="24" keyframe="0" outside="0" occluded="0" xtl="848.48" ytl="255.32" xbr="1217.39" ybr="402.86" z_order="0">
    </box>
    <box frame="25" keyframe="0" outside="0" occluded="0" xtl="844.51" ytl="255.33" xbr="1215.63" ybr="403.41" z_order="0">
    </box>
    <box frame="26" keyframe="0" outside="0" occluded="0" xtl="840.54" ytl="255.33" xbr="1213.88" ybr="403.96" z_order="0">
    </box>
    <box frame="27" keyframe="0" outside="0" occluded="0" xtl="836.57" ytl="255.33" xbr="1212.13" ybr="404.51" z_order="0">
    </box>
    <box frame="28" keyframe="0" outside="0" occluded="0" xtl="832.60" ytl="255.34" xbr="1210.37" ybr="405.06" z_order="0">
    </box>
    <box frame="29" keyframe="0" outside="0" occluded="0" xtl="828.64" ytl="255.34" xbr="1208.62" ybr="405.60" z_order="0">
    </box>
    <box frame="30" keyframe="0" outside="0" occluded="0" xtl="824.67" ytl="255.34" xbr="1206.86" ybr="406.15" z_order="0">
    </box>
    <box frame="31" keyframe="0" outside="0" occluded="0" xtl="820.70" ytl="255.35" xbr="1205.11" ybr="406.70" z_order="0">
    </box>
    <box frame="32" keyframe="0" outside="0" occluded="0" xtl="816.73" ytl="255.35" xbr="1203.35" ybr="407.25" z_order="0">
    </box>
    <box frame="33" keyframe="1" outside="0" occluded="0" xtl="812.77" ytl="255.35" xbr="1201.60" ybr="407.80" z_order="0">
    </box>
    <box frame="34" keyframe="0" outside="0" occluded="0" xtl="809.08" ytl="256.11" xbr="1198.21" ybr="407.99" z_order="0">
    </box>
    <box frame="35" keyframe="0" outside="0" occluded="0" xtl="805.40" ytl="256.86" xbr="1194.82" ybr="408.19" z_order="0">
    </box>
    <box frame="36" keyframe="0" outside="0" occluded="0" xtl="801.72" ytl="257.62" xbr="1191.43" ybr="408.38" z_order="0">
    </box>
    <box frame="37" keyframe="0" outside="0" occluded="0" xtl="798.04" ytl="258.38" xbr="1188.04" ybr="408.58" z_order="0">
    </box>
    <box frame="38" keyframe="0" outside="0" occluded="0" xtl="794.36" ytl="259.13" xbr="1184.65" ybr="408.77" z_order="0">
    </box>
    <box frame="39" keyframe="0" outside="0" occluded="0" xtl="790.67" ytl="259.89" xbr="1181.26" ybr="408.97" z_order="0">
    </box>
    <box frame="40" keyframe="0" outside="0" occluded="0" xtl="786.99" ytl="260.64" xbr="1177.88" ybr="409.16" z_order="0">
    </box>
    <box frame="41" keyframe="0" outside="0" occluded="0" xtl="783.31" ytl="261.40" xbr="1174.49" ybr="409.36" z_order="0">
    </box>
    <box frame="42" keyframe="0" outside="0" occluded="0" xtl="779.63" ytl="262.16" xbr="1171.10" ybr="409.55" z_order="0">
    </box>
    <box frame="43" keyframe="0" outside="0" occluded="0" xtl="775.94" ytl="262.91" xbr="1167.71" ybr="409.75" z_order="0">
    </box>
    <box frame="44" keyframe="0" outside="0" occluded="0" xtl="772.26" ytl="263.67" xbr="1164.32" ybr="409.94" z_order="0">
    </box>
    <box frame="45" keyframe="0" outside="0" occluded="0" xtl="768.58" ytl="264.42" xbr="1160.93" ybr="410.14" z_order="0">
    </box>
    <box frame="46" keyframe="0" outside="0" occluded="0" xtl="764.90" ytl="265.18" xbr="1157.54" ybr="410.33" z_order="0">
    </box>
    <box frame="47" keyframe="0" outside="0" occluded="0" xtl="761.22" ytl="265.94" xbr="1154.15" ybr="410.52" z_order="0">
    </box>
    <box frame="48" keyframe="0" outside="0" occluded="0" xtl="757.53" ytl="266.69" xbr="1150.76" ybr="410.72" z_order="0">
    </box>
    <box frame="49" keyframe="0" outside="0" occluded="0" xtl="753.85" ytl="267.45" xbr="1147.37" ybr="410.91" z_order="0">
    </box>
    <box frame="50" keyframe="0" outside="0" occluded="0" xtl="750.17" ytl="268.20" xbr="1143.98" ybr="411.11" z_order="0">
    </box>
    <box frame="51" keyframe="0" outside="0" occluded="0" xtl="746.49" ytl="268.96" xbr="1140.59" ybr="411.30" z_order="0">
    </box>
    <box frame="52" keyframe="0" outside="0" occluded="0" xtl="742.81" ytl="269.72" xbr="1137.21" ybr="411.50" z_order="0">
    </box>
    <box frame="53" keyframe="0" outside="0" occluded="0" xtl="739.12" ytl="270.47" xbr="1133.82" ybr="411.69" z_order="0">
    </box>
    <box frame="54" keyframe="0" outside="0" occluded="0" xtl="735.44" ytl="271.23" xbr="1130.43" ybr="411.89" z_order="0">
    </box>
    <box frame="55" keyframe="0" outside="0" occluded="0" xtl="731.76" ytl="271.98" xbr="1127.04" ybr="412.08" z_order="0">
    </box>
    <box frame="56" keyframe="0" outside="0" occluded="0" xtl="728.08" ytl="272.74" xbr="1123.65" ybr="412.28" z_order="0">
    </box>
    <box frame="57" keyframe="0" outside="0" occluded="0" xtl="724.39" ytl="273.50" xbr="1120.26" ybr="412.47" z_order="0">
    </box>
    <box frame="58" keyframe="0" outside="0" occluded="0" xtl="720.71" ytl="274.25" xbr="1116.87" ybr="412.66" z_order="0">
    </box>
    <box frame="59" keyframe="0" outside="0" occluded="0" xtl="717.03" ytl="275.01" xbr="1113.48" ybr="412.86" z_order="0">
    </box>
    <box frame="60" keyframe="0" outside="0" occluded="0" xtl="713.35" ytl="275.76" xbr="1110.09" ybr="413.05" z_order="0">
    </box>
    <box frame="61" keyframe="0" outside="0" occluded="0" xtl="709.67" ytl="276.52" xbr="1106.70" ybr="413.25" z_order="0">
    </box>
    <box frame="62" keyframe="0" outside="0" occluded="0" xtl="705.98" ytl="277.27" xbr="1103.31" ybr="413.44" z_order="0">
    </box>
    <box frame="63" keyframe="0" outside="0" occluded="0" xtl="702.30" ytl="278.03" xbr="1099.92" ybr="413.64" z_order="0">
    </box>
    <box frame="64" keyframe="0" outside="0" occluded="0" xtl="698.62" ytl="278.79" xbr="1096.54" ybr="413.83" z_order="0">
    </box>
    <box frame="65" keyframe="0" outside="0" occluded="0" xtl="694.94" ytl="279.54" xbr="1093.15" ybr="414.03" z_order="0">
    </box>
    <box frame="66" keyframe="0" outside="0" occluded="0" xtl="691.26" ytl="280.30" xbr="1089.76" ybr="414.22" z_order="0">
    </box>
    <box frame="67" keyframe="0" outside="0" occluded="0" xtl="687.57" ytl="281.05" xbr="1086.37" ybr="414.42" z_order="0">
    </box>
    <box frame="68" keyframe="0" outside="0" occluded="0" xtl="683.89" ytl="281.81" xbr="1082.98" ybr="414.61" z_order="0">
    </box>
    <box frame="69" keyframe="0" outside="0" occluded="0" xtl="680.21" ytl="282.57" xbr="1079.59" ybr="414.81" z_order="0">
    </box>
    <box frame="70" keyframe="1" outside="0" occluded="0" xtl="676.53" ytl="283.32" xbr="1076.20" ybr="415.00" z_order="0">
    </box>
    <box frame="71" keyframe="0" outside="0" occluded="0" xtl="673.69" ytl="282.81" xbr="1072.85" ybr="415.39" z_order="0">
    </box>
    <box frame="72" keyframe="0" outside="0" occluded="0" xtl="670.86" ytl="282.29" xbr="1069.50" ybr="415.77" z_order="0">
    </box>
    <box frame="73" keyframe="0" outside="0" occluded="0" xtl="668.02" ytl="281.78" xbr="1066.15" ybr="416.16" z_order="0">
    </box>
    <box frame="74" keyframe="0" outside="0" occluded="0" xtl="665.18" ytl="281.26" xbr="1062.80" ybr="416.54" z_order="0">
    </box>
    <box frame="75" keyframe="0" outside="0" occluded="0" xtl="662.35" ytl="280.74" xbr="1059.45" ybr="416.93" z_order="0">
    </box>
    <box frame="76" keyframe="0" outside="0" occluded="0" xtl="659.51" ytl="280.23" xbr="1056.10" ybr="417.31" z_order="0">
    </box>
    <box frame="77" keyframe="0" outside="0" occluded="0" xtl="656.68" ytl="279.71" xbr="1052.75" ybr="417.70" z_order="0">
    </box>
    <box frame="78" keyframe="0" outside="0" occluded="0" xtl="653.84" ytl="279.20" xbr="1049.40" ybr="418.09" z_order="0">
    </box>
    <box frame="79" keyframe="0" outside="0" occluded="0" xtl="651.01" ytl="278.68" xbr="1046.05" ybr="418.47" z_order="0">
    </box>
    <box frame="80" keyframe="0" outside="0" occluded="0" xtl="648.17" ytl="278.17" xbr="1042.70" ybr="418.86" z_order="0">
    </box>
    <box frame="81" keyframe="0" outside="0" occluded="0" xtl="645.33" ytl="277.65" xbr="1039.35" ybr="419.24" z_order="0">
    </box>
    <box frame="82" keyframe="0" outside="0" occluded="0" xtl="642.50" ytl="277.14" xbr="1036.00" ybr="419.63" z_order="0">
    </box>
    <box frame="83" keyframe="0" outside="0" occluded="0" xtl="639.66" ytl="276.62" xbr="1032.65" ybr="420.01" z_order="0">
    </box>
    <box frame="84" keyframe="1" outside="0" occluded="0" xtl="636.83" ytl="276.10" xbr="1029.30" ybr="420.40" z_order="0">
    </box>
  </track>
</annotations>
